-- phpMyAdmin SQL Dump
-- version 5.2.1
-- https://www.phpmyadmin.net/
--
-- Хост: mysql
-- Время создания: Июн 03 2024 г., 11:40
-- Версия сервера: 8.0.37
-- Версия PHP: 8.2.19

SET SQL_MODE = "NO_AUTO_VALUE_ON_ZERO";
START TRANSACTION;
SET time_zone = "+00:00";


/*!40101 SET @OLD_CHARACTER_SET_CLIENT=@@CHARACTER_SET_CLIENT */;
/*!40101 SET @OLD_CHARACTER_SET_RESULTS=@@CHARACTER_SET_RESULTS */;
/*!40101 SET @OLD_COLLATION_CONNECTION=@@COLLATION_CONNECTION */;
/*!40101 SET NAMES utf8mb4 */;

--
-- База данных: `pribor`
--

-- --------------------------------------------------------

--
-- Структура таблицы `covers`
--

CREATE TABLE `covers` (
  `number` varchar(64) COLLATE utf8mb4_unicode_ci NOT NULL,
  `valid_from` date NOT NULL,
  `valid_to` date DEFAULT NULL,
  `added_to_order_at` timestamp NULL DEFAULT NULL
) ENGINE=InnoDB DEFAULT CHARSET=utf8mb4 COLLATE=utf8mb4_unicode_ci;

--
-- Дамп данных таблицы `covers`
--

INSERT INTO `covers` (`number`, `valid_from`, `valid_to`, `added_to_order_at`) VALUES
('000202271', '2023-06-26', NULL, '2024-06-03 11:39:03'),
('0002022710', '2023-06-22', NULL, '2024-06-03 11:39:01'),
('0002022711', '2023-06-10', NULL, NULL),
('0002022712', '2023-08-28', NULL, NULL),
('0002022713', '2023-07-26', NULL, NULL),
('0002022714', '2023-08-23', NULL, '2024-06-03 11:38:58'),
('0002022715', '2023-08-01', NULL, '2024-06-03 11:39:03'),
('0002022716', '2023-07-30', NULL, NULL),
('0002022717', '2023-09-02', NULL, '2024-06-03 11:38:58'),
('0002022718', '2023-06-10', NULL, NULL),
('0002022719', '2023-08-07', NULL, '2024-06-03 11:39:02'),
('000202272', '2023-08-10', NULL, '2024-06-03 11:38:53'),
('0002022720', '2023-07-27', NULL, NULL),
('0002022721', '2023-08-26', NULL, '2024-06-03 11:38:54'),
('0002022722', '2023-08-18', NULL, '2024-06-03 11:39:03'),
('0002022723', '2023-07-22', NULL, '2024-06-03 11:39:00'),
('0002022724', '2023-07-06', NULL, '2024-06-03 11:38:54'),
('0002022725', '2023-06-25', NULL, '2024-06-03 11:38:53'),
('000202273', '2023-08-23', NULL, NULL),
('000202274', '2023-07-17', NULL, '2024-06-03 11:38:54'),
('000202275', '2023-08-16', NULL, '2024-06-03 11:38:57'),
('000202276', '2023-06-26', NULL, '2024-06-03 11:39:01'),
('000202277', '2023-08-28', NULL, '2024-06-03 11:38:58'),
('000202278', '2023-08-07', NULL, NULL),
('000202279', '2023-08-05', NULL, NULL),
('000303381', '2023-07-28', NULL, '2024-06-03 11:39:03'),
('0003033810', '2023-06-09', NULL, '2024-06-03 11:38:56'),
('0003033811', '2023-06-28', NULL, NULL),
('0003033812', '2023-06-11', NULL, '2024-06-03 11:39:04'),
('0003033813', '2023-07-30', NULL, '2024-06-03 11:39:01'),
('0003033814', '2023-06-25', NULL, '2024-06-03 11:38:56'),
('0003033815', '2023-06-30', NULL, '2024-06-03 11:39:02'),
('0003033816', '2023-07-02', NULL, '2024-06-03 11:38:58'),
('0003033817', '2023-07-11', NULL, '2024-06-03 11:39:03'),
('0003033818', '2023-06-07', NULL, '2024-06-03 11:39:02'),
('0003033819', '2023-06-06', NULL, '2024-06-03 11:38:56'),
('000303382', '2023-08-19', NULL, NULL),
('0003033820', '2023-06-22', NULL, '2024-06-03 11:39:03'),
('0003033821', '2023-07-01', NULL, NULL),
('0003033822', '2023-08-08', NULL, '2024-06-03 11:38:53'),
('0003033823', '2023-07-04', NULL, '2024-06-03 11:39:03'),
('0003033824', '2023-06-09', NULL, '2024-06-03 11:39:00'),
('0003033825', '2023-06-27', NULL, NULL),
('000303383', '2023-07-01', NULL, '2024-06-03 11:39:01'),
('000303384', '2023-08-05', NULL, '2024-06-03 11:39:00'),
('000303385', '2023-06-10', NULL, NULL),
('000303386', '2023-07-19', NULL, '2024-06-03 11:38:55'),
('000303387', '2023-08-04', NULL, '2024-06-03 11:38:58'),
('000303388', '2023-08-19', NULL, '2024-06-03 11:38:52'),
('000303389', '2023-06-15', NULL, '2024-06-03 11:38:54'),
('000404461', '2023-06-19', NULL, '2024-06-03 11:38:57'),
('0004044610', '2023-08-06', NULL, '2024-06-03 11:38:57'),
('0004044611', '2023-06-28', NULL, '2024-06-03 11:38:52'),
('0004044612', '2023-08-13', NULL, NULL),
('0004044613', '2023-07-21', NULL, '2024-06-03 11:39:03'),
('0004044614', '2023-08-07', NULL, NULL),
('0004044615', '2023-07-28', NULL, '2024-06-03 11:39:02'),
('0004044616', '2023-09-03', NULL, '2024-06-03 11:39:04'),
('0004044617', '2023-07-26', NULL, '2024-06-03 11:38:56'),
('0004044618', '2023-08-30', NULL, '2024-06-03 11:38:54'),
('0004044619', '2023-06-29', NULL, '2024-06-03 11:38:58'),
('000404462', '2023-06-19', NULL, '2024-06-03 11:38:56'),
('0004044620', '2023-08-15', NULL, NULL),
('0004044621', '2023-06-27', NULL, '2024-06-03 11:39:00'),
('0004044622', '2023-07-14', NULL, '2024-06-03 11:39:03'),
('0004044623', '2023-06-23', NULL, '2024-06-03 11:39:03'),
('0004044624', '2023-06-11', NULL, '2024-06-03 11:39:03'),
('0004044625', '2023-06-25', NULL, '2024-06-03 11:39:03'),
('000404463', '2023-07-01', NULL, NULL),
('000404464', '2023-06-15', NULL, '2024-06-03 11:38:57'),
('000404465', '2023-07-21', NULL, '2024-06-03 11:39:00'),
('000404466', '2023-07-07', NULL, '2024-06-03 11:38:59'),
('000404467', '2023-07-31', NULL, NULL),
('000404468', '2023-08-12', NULL, '2024-06-03 11:39:01'),
('000404469', '2023-06-05', NULL, '2024-06-03 11:39:03'),
('000606681', '2023-06-08', NULL, '2024-06-03 11:38:55'),
('0006066810', '2023-06-10', NULL, '2024-06-03 11:39:00'),
('0006066811', '2023-07-20', NULL, '2024-06-03 11:39:03'),
('0006066812', '2023-06-15', NULL, '2024-06-03 11:39:03'),
('0006066813', '2023-09-01', NULL, '2024-06-03 11:39:01'),
('0006066814', '2023-07-16', NULL, '2024-06-03 11:39:00'),
('0006066815', '2023-07-08', NULL, '2024-06-03 11:39:00'),
('0006066816', '2023-06-08', NULL, '2024-06-03 11:39:03'),
('0006066817', '2023-08-25', NULL, '2024-06-03 11:39:03'),
('0006066818', '2023-08-31', NULL, '2024-06-03 11:39:01'),
('0006066819', '2023-08-15', NULL, '2024-06-03 11:38:58'),
('000606682', '2023-07-12', NULL, '2024-06-03 11:39:01'),
('0006066820', '2023-08-21', NULL, '2024-06-03 11:38:52'),
('0006066821', '2023-06-27', NULL, '2024-06-03 11:38:58'),
('0006066822', '2023-08-18', NULL, '2024-06-03 11:39:03'),
('0006066823', '2023-06-26', NULL, '2024-06-03 11:38:58'),
('0006066824', '2023-06-08', NULL, '2024-06-03 11:39:04'),
('0006066825', '2023-08-25', NULL, '2024-06-03 11:39:03'),
('000606683', '2023-08-29', NULL, '2024-06-03 11:39:03'),
('000606684', '2023-07-24', NULL, '2024-06-03 11:38:56'),
('000606685', '2023-07-19', NULL, '2024-06-03 11:39:03'),
('000606686', '2023-07-28', NULL, NULL),
('000606687', '2023-07-04', NULL, '2024-06-03 11:39:02'),
('000606688', '2023-06-16', NULL, '2024-06-03 11:38:53'),
('000606689', '2023-07-17', NULL, '2024-06-03 11:39:03');

-- --------------------------------------------------------

--
-- Структура таблицы `cover_item`
--

CREATE TABLE `cover_item` (
  `cover_number` varchar(64) COLLATE utf8mb4_unicode_ci NOT NULL,
  `item_id` bigint UNSIGNED NOT NULL,
  `area` decimal(7,2) UNSIGNED NOT NULL,
  `consumption` decimal(6,5) UNSIGNED NOT NULL
) ENGINE=InnoDB DEFAULT CHARSET=utf8mb4 COLLATE=utf8mb4_unicode_ci;

--
-- Дамп данных таблицы `cover_item`
--

INSERT INTO `cover_item` (`cover_number`, `item_id`, `area`, `consumption`) VALUES
('000202271', 154, 166.81, 0.00003),
('0002022710', 167, 165.37, 0.00005),
('0002022711', 151, 158.91, 0.00008),
('0002022712', 166, 151.86, 0.00007),
('0002022713', 175, 171.60, 0.00007),
('0002022714', 169, 167.09, 0.00007),
('0002022715', 170, 170.19, 0.00006),
('0002022716', 152, 152.82, 0.00002),
('0002022717', 165, 150.37, 0.00003),
('0002022718', 166, 156.88, 0.00007),
('0002022719', 160, 168.14, 0.00007),
('000202272', 151, 178.32, 0.00004),
('0002022720', 172, 154.04, 0.00008),
('0002022721', 166, 157.90, 0.00002),
('0002022722', 168, 173.62, 0.00006),
('0002022723', 158, 157.74, 0.00006),
('0002022724', 154, 168.93, 0.00007),
('0002022725', 156, 152.10, 0.00007),
('000202273', 156, 154.50, 0.00005),
('000202274', 159, 154.57, 0.00007),
('000202275', 156, 164.41, 0.00003),
('000202276', 165, 172.62, 0.00008),
('000202277', 154, 150.37, 0.00008),
('000202278', 167, 157.20, 0.00007),
('000202279', 167, 159.13, 0.00003),
('000303381', 163, 175.73, 0.00006),
('0003033810', 154, 150.99, 0.00004),
('0003033811', 166, 155.21, 0.00007),
('0003033812', 151, 176.64, 0.00006),
('0003033813', 175, 153.14, 0.00005),
('0003033814', 162, 159.69, 0.00006),
('0003033815', 174, 163.57, 0.00001),
('0003033816', 171, 153.60, 0.00004),
('0003033817', 166, 156.25, 0.00004),
('0003033818', 165, 171.68, 0.00004),
('0003033819', 175, 151.60, 0.00002),
('000303382', 168, 172.67, 0.00002),
('0003033820', 159, 159.65, 0.00008),
('0003033821', 164, 160.61, 0.00004),
('0003033822', 170, 179.87, 0.00003),
('0003033823', 152, 157.34, 0.00005),
('0003033824', 160, 154.64, 0.00005),
('0003033825', 151, 162.60, 0.00003),
('000303383', 155, 153.53, 0.00007),
('000303384', 151, 150.73, 0.00005),
('000303385', 162, 166.09, 0.00002),
('000303386', 166, 157.57, 0.00006),
('000303387', 169, 166.67, 0.00006),
('000303388', 166, 171.17, 0.00002),
('000303389', 157, 171.73, 0.00002),
('000404461', 151, 161.75, 0.00003),
('0004044610', 160, 172.54, 0.00007),
('0004044611', 161, 168.41, 0.00007),
('0004044612', 162, 176.93, 0.00003),
('0004044613', 163, 177.70, 0.00007),
('0004044614', 164, 157.25, 0.00006),
('0004044615', 165, 164.71, 0.00003),
('0004044616', 166, 167.36, 0.00005),
('0004044617', 167, 154.00, 0.00006),
('0004044618', 168, 161.47, 0.00007),
('0004044619', 169, 166.80, 0.00005),
('000404462', 152, 168.86, 0.00008),
('0004044620', 170, 161.02, 0.00004),
('0004044621', 171, 179.64, 0.00003),
('0004044622', 172, 151.44, 0.00001),
('0004044623', 173, 162.55, 0.00006),
('0004044624', 174, 152.45, 0.00001),
('0004044625', 175, 158.77, 0.00006),
('000404463', 153, 162.76, 0.00002),
('000404464', 154, 177.45, 0.00008),
('000404465', 155, 158.47, 0.00002),
('000404466', 156, 160.04, 0.00006),
('000404467', 157, 153.26, 0.00006),
('000404468', 158, 161.59, 0.00006),
('000404469', 159, 168.93, 0.00001),
('000606681', 51, 179.33, 0.00004),
('0006066810', 60, 163.00, 0.00006),
('0006066811', 61, 153.67, 0.00006),
('0006066812', 62, 155.86, 0.00007),
('0006066813', 63, 167.14, 0.00008),
('0006066814', 64, 173.70, 0.00007),
('0006066815', 65, 158.99, 0.00006),
('0006066816', 66, 178.41, 0.00007),
('0006066817', 67, 159.15, 0.00007),
('0006066818', 68, 154.87, 0.00003),
('0006066819', 69, 157.07, 0.00007),
('000606682', 52, 159.93, 0.00004),
('0006066820', 70, 164.65, 0.00005),
('0006066821', 71, 170.55, 0.00007),
('0006066822', 72, 154.43, 0.00003),
('0006066823', 73, 162.02, 0.00008),
('0006066824', 74, 179.58, 0.00006),
('0006066825', 75, 152.82, 0.00006),
('000606683', 53, 179.55, 0.00002),
('000606684', 54, 166.14, 0.00004),
('000606685', 55, 178.52, 0.00006),
('000606686', 56, 179.08, 0.00008),
('000606687', 57, 153.19, 0.00003),
('000606688', 58, 151.39, 0.00008),
('000606689', 59, 161.63, 0.00006);

-- --------------------------------------------------------

--
-- Структура таблицы `customers`
--

CREATE TABLE `customers` (
  `inn` char(10) COLLATE utf8mb4_unicode_ci NOT NULL,
  `name` varchar(255) COLLATE utf8mb4_unicode_ci NOT NULL
) ENGINE=InnoDB DEFAULT CHARSET=utf8mb4 COLLATE=utf8mb4_unicode_ci;

--
-- Дамп данных таблицы `customers`
--

INSERT INTO `customers` (`inn`, `name`) VALUES
('1234567890', 'АВТ_П3_17'),
('1234567891', 'АВТ_П3_18'),
('1234567892', 'Агат_ГО3_22'),
('1234567893', 'Агат_П3_17'),
('1234567894', 'Агат_П3_18'),
('1234567895', 'Агат_П3_19'),
('1234567896', 'АС_ГК_19'),
('1234567897', 'АС_ГК_20'),
('1234567898', 'АС_ГК_22'),
('1234567899', 'Изм_П3_19'),
('1234567810', 'Изм_П3_20'),
('1234567811', 'Имп_П3_19'),
('1234567812', 'Имп_П3_20'),
('1234567813', 'ИРС_ГО3_20'),
('1234567814', 'Нав_ГО3_17'),
('1234567815', 'Нав_ГО3_18'),
('1234567816', 'Нав_ГО3_19'),
('1234567817', 'Нав_ГО3_20'),
('1234567818', 'Нав_ГО3_21'),
('1234567819', 'Нав_ГО3_22'),
('1234567820', 'Нав_ГО3_23');

-- --------------------------------------------------------

--
-- Структура таблицы `departments`
--

CREATE TABLE `departments` (
  `id` tinyint UNSIGNED NOT NULL,
  `name` varchar(64) COLLATE utf8mb4_unicode_ci NOT NULL
) ENGINE=InnoDB DEFAULT CHARSET=utf8mb4 COLLATE=utf8mb4_unicode_ci;

--
-- Дамп данных таблицы `departments`
--

INSERT INTO `departments` (`id`, `name`) VALUES
(3, 'Гальванический цех'),
(4, 'Заготовительный цех'),
(1, 'Механический цех'),
(5, 'ОТК'),
(2, 'Сборочный цех');

-- --------------------------------------------------------

--
-- Структура таблицы `details`
--

CREATE TABLE `details` (
  `item_id` bigint UNSIGNED NOT NULL,
  `detail_size` varchar(32) COLLATE utf8mb4_unicode_ci NOT NULL,
  `billet_size` varchar(32) COLLATE utf8mb4_unicode_ci NOT NULL
) ENGINE=InnoDB DEFAULT CHARSET=utf8mb4 COLLATE=utf8mb4_unicode_ci;

--
-- Дамп данных таблицы `details`
--

INSERT INTO `details` (`item_id`, `detail_size`, `billet_size`) VALUES
(1, '123x65x45', '126x71x51'),
(2, '18x86x31', '21x92x37'),
(3, '109x21x146', '112x27x152'),
(4, '138x27x125', '141x33x131'),
(5, '95x76x46', '98x82x52'),
(6, '78x90x143', '81x96x149'),
(7, '110x121x120', '113x127x126'),
(8, '69x19x41', '72x25x47'),
(9, '59x115x29', '62x121x35'),
(10, '77x23x31', '80x29x37'),
(11, '39x42x40', '42x48x46'),
(12, '17x16x73', '20x22x79'),
(13, '52x100x85', '55x106x91'),
(14, '112x138x121', '115x144x127'),
(15, '73x46x78', '76x52x84'),
(16, '147x92x97', '150x98x103'),
(17, '106x108x146', '109x114x152'),
(18, '128x87x62', '131x93x68'),
(19, '59x74x102', '62x80x108'),
(20, '70x80x31', '73x86x37'),
(21, '102x150x12', '105x156x18'),
(22, '139x112x12', '142x118x18'),
(23, '111x71x94', '114x77x100'),
(24, '21x66x13', '24x72x19'),
(25, '28x65x24', '31x71x30'),
(101, '13x114x132', '16x120x138'),
(102, '148x64x65', '151x70x71'),
(103, '20x137x81', '23x143x87'),
(104, '41x85x29', '44x91x35'),
(105, '138x99x61', '141x105x67'),
(106, '92x28x103', '95x34x109'),
(107, '106x112x30', '109x118x36'),
(108, '61x84x136', '64x90x142'),
(109, '105x58x53', '108x64x59'),
(110, '82x23x41', '85x29x47'),
(111, '111x142x124', '114x148x130'),
(112, '146x13x91', '149x19x97'),
(113, '41x115x147', '44x121x153'),
(114, '12x147x131', '15x153x137'),
(115, '25x102x100', '28x108x106'),
(116, '71x99x128', '74x105x134'),
(117, '18x14x44', '21x20x50'),
(118, '18x70x67', '21x76x73'),
(119, '137x82x89', '140x88x95'),
(120, '130x145x92', '133x151x98'),
(121, '24x91x58', '27x97x64'),
(122, '125x135x29', '128x141x35'),
(123, '143x142x129', '146x148x135'),
(124, '109x16x52', '112x22x58'),
(125, '47x107x52', '50x113x58'),
(301, '58x120x86', '61x126x92'),
(302, '97x36x11', '100x42x17'),
(303, '35x125x111', '38x131x117'),
(304, '120x16x72', '123x22x78'),
(305, '76x20x82', '79x26x88'),
(306, '105x102x111', '108x108x117'),
(307, '12x50x130', '15x56x136'),
(308, '134x65x135', '137x71x141'),
(309, '110x25x148', '113x31x154'),
(310, '54x111x148', '57x117x154'),
(311, '97x24x30', '100x30x36'),
(312, '67x118x117', '70x124x123'),
(313, '24x88x59', '27x94x65'),
(314, '134x91x118', '137x97x124'),
(315, '52x62x142', '55x68x148'),
(316, '76x95x97', '79x101x103'),
(317, '112x116x10', '115x122x16'),
(318, '46x68x94', '49x74x100'),
(319, '48x63x99', '51x69x105'),
(320, '70x139x89', '73x145x95'),
(321, '147x73x48', '150x79x54'),
(322, '125x88x34', '128x94x40'),
(323, '23x52x44', '26x58x50'),
(324, '40x23x38', '43x29x44'),
(325, '132x147x144', '135x153x150');

-- --------------------------------------------------------

--
-- Структура таблицы `failed_jobs`
--

CREATE TABLE `failed_jobs` (
  `id` bigint UNSIGNED NOT NULL,
  `uuid` varchar(255) COLLATE utf8mb4_unicode_ci NOT NULL,
  `connection` text COLLATE utf8mb4_unicode_ci NOT NULL,
  `queue` text COLLATE utf8mb4_unicode_ci NOT NULL,
  `payload` longtext COLLATE utf8mb4_unicode_ci NOT NULL,
  `exception` longtext COLLATE utf8mb4_unicode_ci NOT NULL,
  `failed_at` timestamp NOT NULL DEFAULT CURRENT_TIMESTAMP
) ENGINE=InnoDB DEFAULT CHARSET=utf8mb4 COLLATE=utf8mb4_unicode_ci;

-- --------------------------------------------------------

--
-- Структура таблицы `groups`
--

CREATE TABLE `groups` (
  `id` tinyint UNSIGNED NOT NULL,
  `name` varchar(64) COLLATE utf8mb4_unicode_ci NOT NULL,
  `group_id` tinyint UNSIGNED DEFAULT NULL
) ENGINE=InnoDB DEFAULT CHARSET=utf8mb4 COLLATE=utf8mb4_unicode_ci;

--
-- Дамп данных таблицы `groups`
--

INSERT INTO `groups` (`id`, `name`, `group_id`) VALUES
(1, 'Детали', NULL),
(2, 'Крепеж', NULL),
(3, 'Материалы', NULL),
(4, 'Покрытия', NULL),
(5, 'Сборочные единицы', NULL),
(6, 'Кабельные изделия', 3),
(7, 'Металлы', 3),
(8, 'Пластмассы', 3),
(9, 'Химикаты', 3),
(10, 'Разные материалы', 3),
(11, 'Гальванические покрытия', 4),
(12, 'Лакокрасочные покрытия', 4);

-- --------------------------------------------------------

--
-- Структура таблицы `items`
--

CREATE TABLE `items` (
  `id` bigint UNSIGNED NOT NULL,
  `drawing` varchar(255) COLLATE utf8mb4_unicode_ci NOT NULL,
  `name` varchar(255) COLLATE utf8mb4_unicode_ci NOT NULL,
  `cnt` decimal(8,2) UNSIGNED NOT NULL DEFAULT '0.00',
  `item_type_id` tinyint UNSIGNED NOT NULL,
  `group_id` tinyint UNSIGNED NOT NULL,
  `unit_code` varchar(4) COLLATE utf8mb4_unicode_ci NOT NULL,
  `main_warehouse_code` varchar(32) COLLATE utf8mb4_unicode_ci NOT NULL,
  `manufacture_type_id` tinyint UNSIGNED NOT NULL,
  `specification_number` varchar(64) COLLATE utf8mb4_unicode_ci DEFAULT NULL,
  `cover_number` varchar(64) COLLATE utf8mb4_unicode_ci DEFAULT NULL,
  `route_number` varchar(64) COLLATE utf8mb4_unicode_ci DEFAULT NULL,
  `added_to_order_at` timestamp NULL DEFAULT NULL,
  `deleted_at` timestamp NULL DEFAULT NULL
) ENGINE=InnoDB DEFAULT CHARSET=utf8mb4 COLLATE=utf8mb4_unicode_ci;

--
-- Дамп данных таблицы `items`
--

INSERT INTO `items` (`id`, `drawing`, `name`, `cnt`, `item_type_id`, `group_id`, `unit_code`, `main_warehouse_code`, `manufacture_type_id`, `specification_number`, `cover_number`, `route_number`, `added_to_order_at`, `deleted_at`) VALUES
(1, 'РАМГ.735211.001_1', 'Деталь_1', 5.00, 1, 1, '796', 'Ц1_Материал', 1, '000606671', '000606681', '0000399981', '2024-06-03 11:38:55', NULL),
(2, 'РАМГ.735211.001_2', 'Деталь_2', 5.00, 1, 1, '796', 'Ц3_Межцех', 1, '000606672', '000606682', '0000399982', '2024-06-03 11:39:01', NULL),
(3, 'РАМГ.735211.001_3', 'Деталь_3', 12.00, 1, 1, '796', 'Ц1_Материал', 1, '000606673', '000606683', '0000399983', '2024-06-03 11:39:03', NULL),
(4, 'РАМГ.735211.001_4', 'Деталь_4', 18.00, 1, 1, '796', 'Ц3_Материал', 2, '000606674', '000606684', '0000399984', '2024-06-03 11:38:56', NULL),
(5, 'РАМГ.735211.001_5', 'Деталь_5', 16.00, 1, 1, '796', 'Ц2_Транзит', 2, '000606675', '000606685', '0000399985', '2024-06-03 11:39:03', NULL),
(6, 'РАМГ.735211.001_6', 'Деталь_6', 14.00, 1, 1, '796', 'Ц2_Комплект', 2, '000606676', '000606686', '0000399986', NULL, NULL),
(7, 'РАМГ.735211.001_7', 'Деталь_7', 14.00, 1, 1, '796', 'Ц3_Межцех', 1, '000606677', '000606687', '0000399987', '2024-06-03 11:39:02', NULL),
(8, 'РАМГ.735211.001_8', 'Деталь_8', 13.00, 1, 1, '796', 'Ц1_Материал', 2, '000606678', '000606688', '0000399988', '2024-06-03 11:38:53', NULL),
(9, 'РАМГ.735211.001_9', 'Деталь_9', 11.00, 1, 1, '796', 'Ц2_Материал', 2, '000606679', '000606689', '0000399989', '2024-06-03 11:39:03', NULL),
(10, 'РАМГ.735211.001_10', 'Деталь_10', 5.00, 1, 1, '796', 'Ц2_Межцех', 1, '0006066710', '0006066810', '00003999810', '2024-06-03 11:39:00', NULL),
(11, 'РАМГ.735211.001_11', 'Деталь_11', 7.00, 1, 1, '796', 'Ц2_Транзит', 1, '0006066711', '0006066811', '00003999811', '2024-06-03 11:39:03', NULL),
(12, 'РАМГ.735211.001_12', 'Деталь_12', 20.00, 1, 1, '796', 'СГП', 1, '0006066712', '0006066812', '00003999812', '2024-06-03 11:39:03', NULL),
(13, 'РАМГ.735211.001_13', 'Деталь_13', 6.00, 1, 1, '796', 'Ц2_Транзит', 2, '0006066713', '0006066813', '00003999813', '2024-06-03 11:39:01', NULL),
(14, 'РАМГ.735211.001_14', 'Деталь_14', 2.00, 1, 1, '796', 'Ц2_Межцех', 2, '0006066714', '0006066814', '00003999814', '2024-06-03 11:39:00', NULL),
(15, 'РАМГ.735211.001_15', 'Деталь_15', 3.00, 1, 1, '796', 'СГП', 2, '0006066715', '0006066815', '00003999815', '2024-06-03 11:39:00', NULL),
(16, 'РАМГ.735211.001_16', 'Деталь_16', 6.00, 1, 1, '796', 'Ц2_Комплект', 1, '0006066716', '0006066816', '00003999816', '2024-06-03 11:39:03', NULL),
(17, 'РАМГ.735211.001_17', 'Деталь_17', 5.00, 1, 1, '796', 'Ц1_Материал', 2, '0006066717', '0006066817', '00003999817', '2024-06-03 11:39:03', NULL),
(18, 'РАМГ.735211.001_18', 'Деталь_18', 8.00, 1, 1, '796', 'Ц2_Транзит', 1, '0006066718', '0006066818', '00003999818', '2024-06-03 11:39:01', NULL),
(19, 'РАМГ.735211.001_19', 'Деталь_19', 10.00, 1, 1, '796', 'Ц2_Транзит', 2, '0006066719', '0006066819', '00003999819', '2024-06-03 11:38:58', NULL),
(20, 'РАМГ.735211.001_20', 'Деталь_20', 18.00, 1, 1, '796', 'Ц2_Межцех', 2, '0006066720', '0006066820', '00003999820', '2024-06-03 11:38:52', NULL),
(21, 'РАМГ.735211.001_21', 'Деталь_21', 14.00, 1, 1, '796', 'Ц2_Межцех', 2, '0006066721', '0006066821', '00003999821', '2024-06-03 11:38:58', NULL),
(22, 'РАМГ.735211.001_22', 'Деталь_22', 8.00, 1, 1, '796', 'СГП', 1, '0006066722', '0006066822', '00003999822', '2024-06-03 11:39:03', NULL),
(23, 'РАМГ.735211.001_23', 'Деталь_23', 6.00, 1, 1, '796', 'Ц2_Материал', 2, '0006066723', '0006066823', '00003999823', '2024-06-03 11:38:58', NULL),
(24, 'РАМГ.735211.001_24', 'Деталь_24', 11.00, 1, 1, '796', 'Ц3_Межцех', 1, '0006066724', '0006066824', '00003999824', '2024-06-03 11:39:04', NULL),
(25, 'РАМГ.735211.001_25', 'Деталь_25', 17.00, 1, 1, '796', 'Ц1_Материал', 1, '0006066725', '0006066825', '00003999825', '2024-06-03 11:39:03', NULL),
(26, 'Плита_Д16_1', 'Плита Д16 ГОСТ 12345-11_1', 0.98, 2, 7, '166', 'Ц2_Комплект', 2, NULL, NULL, NULL, '2024-06-03 11:38:55', NULL),
(27, 'Плита_Д16_2', 'Плита Д16 ГОСТ 12345-11_2', 0.78, 2, 7, '166', 'Ц3_Материал', 2, NULL, NULL, NULL, '2024-06-03 11:39:01', NULL),
(28, 'Плита_Д16_3', 'Плита Д16 ГОСТ 12345-11_3', 0.25, 2, 7, '166', 'Ц2_Материал', 1, NULL, NULL, NULL, '2024-06-03 11:39:03', NULL),
(29, 'Плита_Д16_4', 'Плита Д16 ГОСТ 12345-11_4', 0.34, 2, 7, '166', 'СГП', 2, NULL, NULL, NULL, '2024-06-03 11:38:56', NULL),
(30, 'Плита_Д16_5', 'Плита Д16 ГОСТ 12345-11_5', 0.78, 2, 7, '166', 'Ц3_Межцех', 2, NULL, NULL, NULL, '2024-06-03 11:39:03', NULL),
(31, 'Плита_Д16_6', 'Плита Д16 ГОСТ 12345-11_6', 0.46, 2, 7, '166', 'Ц2_Материал', 2, NULL, NULL, NULL, NULL, NULL),
(32, 'Плита_Д16_7', 'Плита Д16 ГОСТ 12345-11_7', 0.81, 2, 7, '166', 'Ц2_Материал', 2, NULL, NULL, NULL, '2024-06-03 11:39:02', NULL),
(33, 'Плита_Д16_8', 'Плита Д16 ГОСТ 12345-11_8', 0.47, 2, 7, '166', 'Ц2_Материал', 2, NULL, NULL, NULL, '2024-06-03 11:38:53', NULL),
(34, 'Плита_Д16_9', 'Плита Д16 ГОСТ 12345-11_9', 0.68, 2, 7, '166', 'Ц2_Транзит', 2, NULL, NULL, NULL, '2024-06-03 11:39:03', NULL),
(35, 'Плита_Д16_10', 'Плита Д16 ГОСТ 12345-11_10', 0.84, 2, 7, '166', 'Ц2_Транзит', 1, NULL, NULL, NULL, '2024-06-03 11:39:00', NULL),
(36, 'Плита_Д16_11', 'Плита Д16 ГОСТ 12345-11_11', 0.68, 2, 7, '166', 'Ц2_Материал', 2, NULL, NULL, NULL, '2024-06-03 11:39:03', NULL),
(37, 'Плита_Д16_12', 'Плита Д16 ГОСТ 12345-11_12', 0.30, 2, 7, '166', 'Ц3_Межцех', 1, NULL, NULL, NULL, '2024-06-03 11:39:03', NULL),
(38, 'Плита_Д16_13', 'Плита Д16 ГОСТ 12345-11_13', 0.51, 2, 7, '166', 'Ц2_Материал', 1, NULL, NULL, NULL, '2024-06-03 11:39:01', NULL),
(39, 'Плита_Д16_14', 'Плита Д16 ГОСТ 12345-11_14', 0.46, 2, 7, '166', 'Ц3_Межцех', 2, NULL, NULL, NULL, '2024-06-03 11:39:00', NULL),
(40, 'Плита_Д16_15', 'Плита Д16 ГОСТ 12345-11_15', 0.57, 2, 7, '166', 'Ц3_Материал', 1, NULL, NULL, NULL, '2024-06-03 11:39:00', NULL),
(41, 'Плита_Д16_16', 'Плита Д16 ГОСТ 12345-11_16', 0.61, 2, 7, '166', 'Ц2_Комплект', 1, NULL, NULL, NULL, '2024-06-03 11:39:03', NULL),
(42, 'Плита_Д16_17', 'Плита Д16 ГОСТ 12345-11_17', 0.85, 2, 7, '166', 'Ц2_Межцех', 2, NULL, NULL, NULL, '2024-06-03 11:39:03', NULL),
(43, 'Плита_Д16_18', 'Плита Д16 ГОСТ 12345-11_18', 0.93, 2, 7, '166', 'Ц2_Комплект', 2, NULL, NULL, NULL, '2024-06-03 11:39:01', NULL),
(44, 'Плита_Д16_19', 'Плита Д16 ГОСТ 12345-11_19', 0.30, 2, 7, '166', 'Ц3_Межцех', 2, NULL, NULL, NULL, '2024-06-03 11:38:58', NULL),
(45, 'Плита_Д16_20', 'Плита Д16 ГОСТ 12345-11_20', 0.81, 2, 7, '166', 'Ц2_Комплект', 2, NULL, NULL, NULL, '2024-06-03 11:38:52', NULL),
(46, 'Плита_Д16_21', 'Плита Д16 ГОСТ 12345-11_21', 0.72, 2, 7, '166', 'Ц1_Материал', 1, NULL, NULL, NULL, '2024-06-03 11:38:58', NULL),
(47, 'Плита_Д16_22', 'Плита Д16 ГОСТ 12345-11_22', 0.70, 2, 7, '166', 'Ц2_Межцех', 2, NULL, NULL, NULL, '2024-06-03 11:39:03', NULL),
(48, 'Плита_Д16_23', 'Плита Д16 ГОСТ 12345-11_23', 0.41, 2, 7, '166', 'Ц3_Межцех', 1, NULL, NULL, NULL, '2024-06-03 11:38:58', NULL),
(49, 'Плита_Д16_24', 'Плита Д16 ГОСТ 12345-11_24', 0.64, 2, 7, '166', 'Ц1_Материал', 2, NULL, NULL, NULL, '2024-06-03 11:39:04', NULL),
(50, 'Плита_Д16_25', 'Плита Д16 ГОСТ 12345-11_25', 0.29, 2, 7, '166', 'Ц1_Транзит', 2, NULL, NULL, NULL, '2024-06-03 11:39:03', NULL),
(51, 'Ан.окс.нв._1', 'Анодное оксидирование наполнен.водой_1', 0.32, 1, 11, '112', 'Ц1_Транзит', 1, '000505561', NULL, '0000377781', '2024-06-03 11:38:55', NULL),
(52, 'Ан.окс.нв._2', 'Анодное оксидирование наполнен.водой_2', 0.24, 1, 11, '112', 'Ц1_Материал', 1, '000505562', NULL, '0000377782', '2024-06-03 11:39:01', NULL),
(53, 'Ан.окс.нв._3', 'Анодное оксидирование наполнен.водой_3', 0.94, 1, 11, '112', 'Ц2_Межцех', 1, '000505563', NULL, '0000377783', '2024-06-03 11:39:03', NULL),
(54, 'Ан.окс.нв._4', 'Анодное оксидирование наполнен.водой_4', 0.77, 1, 11, '112', 'Ц1_Материал', 2, '000505564', NULL, '0000377784', '2024-06-03 11:38:56', NULL),
(55, 'Ан.окс.нв._5', 'Анодное оксидирование наполнен.водой_5', 0.53, 1, 11, '112', 'Ц2_Межцех', 1, '000505565', NULL, '0000377785', '2024-06-03 11:39:03', NULL),
(56, 'Ан.окс.нв._6', 'Анодное оксидирование наполнен.водой_6', 0.57, 1, 11, '112', 'Ц2_Транзит', 2, '000505566', NULL, '0000377786', NULL, NULL),
(57, 'Ан.окс.нв._7', 'Анодное оксидирование наполнен.водой_7', 0.56, 1, 11, '112', 'Ц1_Транзит', 1, '000505567', NULL, '0000377787', '2024-06-03 11:39:02', NULL),
(58, 'Ан.окс.нв._8', 'Анодное оксидирование наполнен.водой_8', 0.23, 1, 11, '112', 'СГП', 1, '000505568', NULL, '0000377788', '2024-06-03 11:38:53', NULL),
(59, 'Ан.окс.нв._9', 'Анодное оксидирование наполнен.водой_9', 0.47, 1, 11, '112', 'Ц2_Комплект', 1, '000505569', NULL, '0000377789', '2024-06-03 11:39:03', NULL),
(60, 'Ан.окс.нв._10', 'Анодное оксидирование наполнен.водой_10', 0.64, 1, 11, '112', 'Ц2_Межцех', 1, '0005055610', NULL, '00003777810', '2024-06-03 11:39:00', NULL),
(61, 'Ан.окс.нв._11', 'Анодное оксидирование наполнен.водой_11', 0.90, 1, 11, '112', 'СГП', 1, '0005055611', NULL, '00003777811', '2024-06-03 11:39:03', NULL),
(62, 'Ан.окс.нв._12', 'Анодное оксидирование наполнен.водой_12', 0.72, 1, 11, '112', 'Ц2_Материал', 1, '0005055612', NULL, '00003777812', '2024-06-03 11:39:03', NULL),
(63, 'Ан.окс.нв._13', 'Анодное оксидирование наполнен.водой_13', 0.28, 1, 11, '112', 'Ц2_Комплект', 2, '0005055613', NULL, '00003777813', '2024-06-03 11:39:01', NULL),
(64, 'Ан.окс.нв._14', 'Анодное оксидирование наполнен.водой_14', 0.33, 1, 11, '112', 'Ц2_Транзит', 2, '0005055614', NULL, '00003777814', '2024-06-03 11:39:00', NULL),
(65, 'Ан.окс.нв._15', 'Анодное оксидирование наполнен.водой_15', 0.22, 1, 11, '112', 'Ц2_Материал', 2, '0005055615', NULL, '00003777815', '2024-06-03 11:39:00', NULL),
(66, 'Ан.окс.нв._16', 'Анодное оксидирование наполнен.водой_16', 0.20, 1, 11, '112', 'Ц1_Транзит', 1, '0005055616', NULL, '00003777816', '2024-06-03 11:39:03', NULL),
(67, 'Ан.окс.нв._17', 'Анодное оксидирование наполнен.водой_17', 0.44, 1, 11, '112', 'Ц1_Транзит', 1, '0005055617', NULL, '00003777817', '2024-06-03 11:39:03', NULL),
(68, 'Ан.окс.нв._18', 'Анодное оксидирование наполнен.водой_18', 0.21, 1, 11, '112', 'СГП', 2, '0005055618', NULL, '00003777818', '2024-06-03 11:39:01', NULL),
(69, 'Ан.окс.нв._19', 'Анодное оксидирование наполнен.водой_19', 0.20, 1, 11, '112', 'Ц3_Межцех', 2, '0005055619', NULL, '00003777819', '2024-06-03 11:38:58', NULL),
(70, 'Ан.окс.нв._20', 'Анодное оксидирование наполнен.водой_20', 0.13, 1, 11, '112', 'Ц2_Транзит', 1, '0005055620', NULL, '00003777820', '2024-06-03 11:38:52', NULL),
(71, 'Ан.окс.нв._21', 'Анодное оксидирование наполнен.водой_21', 0.28, 1, 11, '112', 'Ц2_Транзит', 2, '0005055621', NULL, '00003777821', '2024-06-03 11:38:58', NULL),
(72, 'Ан.окс.нв._22', 'Анодное оксидирование наполнен.водой_22', 0.51, 1, 11, '112', 'СГП', 2, '0005055622', NULL, '00003777822', '2024-06-03 11:39:03', NULL),
(73, 'Ан.окс.нв._23', 'Анодное оксидирование наполнен.водой_23', 0.91, 1, 11, '112', 'Ц2_Комплект', 1, '0005055623', NULL, '00003777823', '2024-06-03 11:38:58', NULL),
(74, 'Ан.окс.нв._24', 'Анодное оксидирование наполнен.водой_24', 0.46, 1, 11, '112', 'Ц2_Комплект', 2, '0005055624', NULL, '00003777824', '2024-06-03 11:39:04', NULL),
(75, 'Ан.окс.нв._25', 'Анодное оксидирование наполнен.водой_25', 0.61, 1, 11, '112', 'Ц1_Транзит', 1, '0005055625', NULL, '00003777825', '2024-06-03 11:39:03', NULL),
(76, 'DEOX_123.456_1', 'DEOX химикат_1', 0.90, 2, 9, '112', 'Ц3_Материал', 1, NULL, NULL, NULL, '2024-06-03 11:38:55', NULL),
(77, 'DEOX_123.456_2', 'DEOX химикат_2', 0.11, 2, 9, '112', 'Ц1_Транзит', 1, NULL, NULL, NULL, '2024-06-03 11:39:01', NULL),
(78, 'DEOX_123.456_3', 'DEOX химикат_3', 0.80, 2, 9, '112', 'Ц3_Межцех', 2, NULL, NULL, NULL, '2024-06-03 11:39:03', NULL),
(79, 'DEOX_123.456_4', 'DEOX химикат_4', 0.55, 2, 9, '112', 'Ц2_Материал', 2, NULL, NULL, NULL, '2024-06-03 11:38:56', NULL),
(80, 'DEOX_123.456_5', 'DEOX химикат_5', 0.15, 2, 9, '112', 'СГП', 2, NULL, NULL, NULL, '2024-06-03 11:39:03', NULL),
(81, 'DEOX_123.456_6', 'DEOX химикат_6', 0.53, 2, 9, '112', 'Ц1_Транзит', 2, NULL, NULL, NULL, NULL, NULL),
(82, 'DEOX_123.456_7', 'DEOX химикат_7', 0.90, 2, 9, '112', 'Ц2_Материал', 2, NULL, NULL, NULL, '2024-06-03 11:39:02', NULL),
(83, 'DEOX_123.456_8', 'DEOX химикат_8', 0.23, 2, 9, '112', 'Ц2_Материал', 2, NULL, NULL, NULL, '2024-06-03 11:38:53', NULL),
(84, 'DEOX_123.456_9', 'DEOX химикат_9', 0.11, 2, 9, '112', 'Ц2_Межцех', 2, NULL, NULL, NULL, '2024-06-03 11:39:03', NULL),
(85, 'DEOX_123.456_10', 'DEOX химикат_10', 0.42, 2, 9, '112', 'Ц2_Материал', 1, NULL, NULL, NULL, '2024-06-03 11:39:00', NULL),
(86, 'DEOX_123.456_11', 'DEOX химикат_11', 0.56, 2, 9, '112', 'Ц2_Межцех', 2, NULL, NULL, NULL, '2024-06-03 11:39:03', NULL),
(87, 'DEOX_123.456_12', 'DEOX химикат_12', 0.35, 2, 9, '112', 'Ц2_Комплект', 1, NULL, NULL, NULL, '2024-06-03 11:39:03', NULL),
(88, 'DEOX_123.456_13', 'DEOX химикат_13', 0.92, 2, 9, '112', 'Ц2_Межцех', 1, NULL, NULL, NULL, '2024-06-03 11:39:01', NULL),
(89, 'DEOX_123.456_14', 'DEOX химикат_14', 0.62, 2, 9, '112', 'Ц2_Комплект', 1, NULL, NULL, NULL, '2024-06-03 11:39:00', NULL),
(90, 'DEOX_123.456_15', 'DEOX химикат_15', 0.26, 2, 9, '112', 'Ц2_Транзит', 2, NULL, NULL, NULL, '2024-06-03 11:39:00', NULL),
(91, 'DEOX_123.456_16', 'DEOX химикат_16', 0.80, 2, 9, '112', 'Ц2_Межцех', 2, NULL, NULL, NULL, '2024-06-03 11:39:03', NULL),
(92, 'DEOX_123.456_17', 'DEOX химикат_17', 0.78, 2, 9, '112', 'Ц3_Межцех', 2, NULL, NULL, NULL, '2024-06-03 11:39:03', NULL),
(93, 'DEOX_123.456_18', 'DEOX химикат_18', 0.96, 2, 9, '112', 'Ц2_Транзит', 2, NULL, NULL, NULL, '2024-06-03 11:39:01', NULL),
(94, 'DEOX_123.456_19', 'DEOX химикат_19', 0.87, 2, 9, '112', 'Ц2_Комплект', 2, NULL, NULL, NULL, '2024-06-03 11:38:58', NULL),
(95, 'DEOX_123.456_20', 'DEOX химикат_20', 0.53, 2, 9, '112', 'Ц1_Материал', 2, NULL, NULL, NULL, '2024-06-03 11:38:52', NULL),
(96, 'DEOX_123.456_21', 'DEOX химикат_21', 0.38, 2, 9, '112', 'Ц2_Транзит', 2, NULL, NULL, NULL, '2024-06-03 11:38:58', NULL),
(97, 'DEOX_123.456_22', 'DEOX химикат_22', 0.25, 2, 9, '112', 'Ц2_Материал', 1, NULL, NULL, NULL, '2024-06-03 11:39:03', NULL),
(98, 'DEOX_123.456_23', 'DEOX химикат_23', 0.89, 2, 9, '112', 'Ц1_Транзит', 1, NULL, NULL, NULL, '2024-06-03 11:38:58', NULL),
(99, 'DEOX_123.456_24', 'DEOX химикат_24', 0.87, 2, 9, '112', 'Ц3_Межцех', 1, NULL, NULL, NULL, '2024-06-03 11:39:04', NULL),
(100, 'DEOX_123.456_25', 'DEOX химикат_25', 0.89, 2, 9, '112', 'Ц3_Материал', 1, NULL, NULL, NULL, '2024-06-03 11:39:03', NULL),
(101, 'ПЛАСТ.123456.001_1', 'Деталь_ПЛАСТ_1', 12.00, 1, 1, '796', 'Ц2_Транзит', 1, '000404431', '000404461', '0000366681', '2024-06-03 11:38:57', NULL),
(102, 'ПЛАСТ.123456.001_2', 'Деталь_ПЛАСТ_2', 5.00, 1, 1, '796', 'СГП', 2, '000404432', '000404462', '0000366682', '2024-06-03 11:38:56', NULL),
(103, 'ПЛАСТ.123456.001_3', 'Деталь_ПЛАСТ_3', 13.00, 1, 1, '796', 'СГП', 2, '000404433', '000404463', '0000366683', NULL, NULL),
(104, 'ПЛАСТ.123456.001_4', 'Деталь_ПЛАСТ_4', 2.00, 1, 1, '796', 'СГП', 1, '000404434', '000404464', '0000366684', '2024-06-03 11:38:57', NULL),
(105, 'ПЛАСТ.123456.001_5', 'Деталь_ПЛАСТ_5', 1.00, 1, 1, '796', 'СГП', 2, '000404435', '000404465', '0000366685', '2024-06-03 11:39:00', NULL),
(106, 'ПЛАСТ.123456.001_6', 'Деталь_ПЛАСТ_6', 4.00, 1, 1, '796', 'СГП', 1, '000404436', '000404466', '0000366686', '2024-06-03 11:38:59', NULL),
(107, 'ПЛАСТ.123456.001_7', 'Деталь_ПЛАСТ_7', 19.00, 1, 1, '796', 'Ц3_Межцех', 2, '000404437', '000404467', '0000366687', NULL, NULL),
(108, 'ПЛАСТ.123456.001_8', 'Деталь_ПЛАСТ_8', 4.00, 1, 1, '796', 'Ц2_Транзит', 1, '000404438', '000404468', '0000366688', '2024-06-03 11:39:01', NULL),
(109, 'ПЛАСТ.123456.001_9', 'Деталь_ПЛАСТ_9', 15.00, 1, 1, '796', 'Ц2_Межцех', 2, '000404439', '000404469', '0000366689', '2024-06-03 11:39:03', NULL),
(110, 'ПЛАСТ.123456.001_10', 'Деталь_ПЛАСТ_10', 15.00, 1, 1, '796', 'СГП', 1, '0004044310', '0004044610', '00003666810', '2024-06-03 11:38:57', NULL),
(111, 'ПЛАСТ.123456.001_11', 'Деталь_ПЛАСТ_11', 1.00, 1, 1, '796', 'Ц2_Транзит', 1, '0004044311', '0004044611', '00003666811', '2024-06-03 11:38:52', NULL),
(112, 'ПЛАСТ.123456.001_12', 'Деталь_ПЛАСТ_12', 3.00, 1, 1, '796', 'СГП', 1, '0004044312', '0004044612', '00003666812', NULL, NULL),
(113, 'ПЛАСТ.123456.001_13', 'Деталь_ПЛАСТ_13', 15.00, 1, 1, '796', 'Ц1_Транзит', 1, '0004044313', '0004044613', '00003666813', '2024-06-03 11:39:03', NULL),
(114, 'ПЛАСТ.123456.001_14', 'Деталь_ПЛАСТ_14', 2.00, 1, 1, '796', 'СГП', 2, '0004044314', '0004044614', '00003666814', NULL, NULL),
(115, 'ПЛАСТ.123456.001_15', 'Деталь_ПЛАСТ_15', 14.00, 1, 1, '796', 'Ц3_Межцех', 2, '0004044315', '0004044615', '00003666815', '2024-06-03 11:39:02', NULL),
(116, 'ПЛАСТ.123456.001_16', 'Деталь_ПЛАСТ_16', 3.00, 1, 1, '796', 'Ц2_Комплект', 1, '0004044316', '0004044616', '00003666816', '2024-06-03 11:39:04', NULL),
(117, 'ПЛАСТ.123456.001_17', 'Деталь_ПЛАСТ_17', 10.00, 1, 1, '796', 'Ц3_Материал', 1, '0004044317', '0004044617', '00003666817', '2024-06-03 11:38:56', NULL),
(118, 'ПЛАСТ.123456.001_18', 'Деталь_ПЛАСТ_18', 20.00, 1, 1, '796', 'СГП', 1, '0004044318', '0004044618', '00003666818', '2024-06-03 11:38:54', NULL),
(119, 'ПЛАСТ.123456.001_19', 'Деталь_ПЛАСТ_19', 17.00, 1, 1, '796', 'Ц1_Транзит', 1, '0004044319', '0004044619', '00003666819', '2024-06-03 11:38:58', NULL),
(120, 'ПЛАСТ.123456.001_20', 'Деталь_ПЛАСТ_20', 7.00, 1, 1, '796', 'Ц2_Межцех', 2, '0004044320', '0004044620', '00003666820', NULL, NULL),
(121, 'ПЛАСТ.123456.001_21', 'Деталь_ПЛАСТ_21', 18.00, 1, 1, '796', 'Ц3_Материал', 1, '0004044321', '0004044621', '00003666821', '2024-06-03 11:39:00', NULL),
(122, 'ПЛАСТ.123456.001_22', 'Деталь_ПЛАСТ_22', 17.00, 1, 1, '796', 'Ц2_Материал', 2, '0004044322', '0004044622', '00003666822', '2024-06-03 11:39:03', NULL),
(123, 'ПЛАСТ.123456.001_23', 'Деталь_ПЛАСТ_23', 5.00, 1, 1, '796', 'Ц3_Межцех', 1, '0004044323', '0004044623', '00003666823', '2024-06-03 11:39:03', NULL),
(124, 'ПЛАСТ.123456.001_24', 'Деталь_ПЛАСТ_24', 19.00, 1, 1, '796', 'Ц2_Транзит', 2, '0004044324', '0004044624', '00003666824', '2024-06-03 11:39:03', NULL),
(125, 'ПЛАСТ.123456.001_25', 'Деталь_ПЛАСТ_25', 15.00, 1, 1, '796', 'СГП', 1, '0004044325', '0004044625', '00003666825', '2024-06-03 11:39:03', NULL),
(126, 'PP_123.456_1', 'PP_123.456 ГОСТ 12345-12_1', 0.53, 2, 8, '166', 'Ц2_Комплект', 1, NULL, NULL, NULL, '2024-06-03 11:38:57', NULL),
(127, 'PP_123.456_2', 'PP_123.456 ГОСТ 12345-12_2', 0.75, 2, 8, '166', 'Ц3_Материал', 1, NULL, NULL, NULL, '2024-06-03 11:38:56', NULL),
(128, 'PP_123.456_3', 'PP_123.456 ГОСТ 12345-12_3', 0.47, 2, 8, '166', 'СГП', 1, NULL, NULL, NULL, NULL, NULL),
(129, 'PP_123.456_4', 'PP_123.456 ГОСТ 12345-12_4', 0.81, 2, 8, '166', 'Ц2_Межцех', 1, NULL, NULL, NULL, '2024-06-03 11:38:57', NULL),
(130, 'PP_123.456_5', 'PP_123.456 ГОСТ 12345-12_5', 0.48, 2, 8, '166', 'Ц2_Комплект', 2, NULL, NULL, NULL, '2024-06-03 11:39:00', NULL),
(131, 'PP_123.456_6', 'PP_123.456 ГОСТ 12345-12_6', 0.78, 2, 8, '166', 'Ц2_Материал', 1, NULL, NULL, NULL, '2024-06-03 11:38:59', NULL),
(132, 'PP_123.456_7', 'PP_123.456 ГОСТ 12345-12_7', 0.15, 2, 8, '166', 'Ц2_Межцех', 2, NULL, NULL, NULL, NULL, NULL),
(133, 'PP_123.456_8', 'PP_123.456 ГОСТ 12345-12_8', 0.23, 2, 8, '166', 'Ц1_Материал', 2, NULL, NULL, NULL, '2024-06-03 11:39:01', NULL),
(134, 'PP_123.456_9', 'PP_123.456 ГОСТ 12345-12_9', 0.49, 2, 8, '166', 'Ц2_Межцех', 2, NULL, NULL, NULL, '2024-06-03 11:39:03', NULL),
(135, 'PP_123.456_10', 'PP_123.456 ГОСТ 12345-12_10', 0.31, 2, 8, '166', 'Ц2_Комплект', 2, NULL, NULL, NULL, '2024-06-03 11:38:57', NULL),
(136, 'PP_123.456_11', 'PP_123.456 ГОСТ 12345-12_11', 0.25, 2, 8, '166', 'Ц3_Межцех', 1, NULL, NULL, NULL, '2024-06-03 11:38:52', NULL),
(137, 'PP_123.456_12', 'PP_123.456 ГОСТ 12345-12_12', 0.76, 2, 8, '166', 'Ц3_Материал', 2, NULL, NULL, NULL, NULL, NULL),
(138, 'PP_123.456_13', 'PP_123.456 ГОСТ 12345-12_13', 0.83, 2, 8, '166', 'Ц2_Транзит', 1, NULL, NULL, NULL, '2024-06-03 11:39:03', NULL),
(139, 'PP_123.456_14', 'PP_123.456 ГОСТ 12345-12_14', 0.54, 2, 8, '166', 'Ц1_Материал', 2, NULL, NULL, NULL, NULL, NULL),
(140, 'PP_123.456_15', 'PP_123.456 ГОСТ 12345-12_15', 0.26, 2, 8, '166', 'Ц2_Комплект', 2, NULL, NULL, NULL, '2024-06-03 11:39:02', NULL),
(141, 'PP_123.456_16', 'PP_123.456 ГОСТ 12345-12_16', 0.88, 2, 8, '166', 'Ц2_Комплект', 2, NULL, NULL, NULL, '2024-06-03 11:39:04', NULL),
(142, 'PP_123.456_17', 'PP_123.456 ГОСТ 12345-12_17', 0.62, 2, 8, '166', 'СГП', 2, NULL, NULL, NULL, '2024-06-03 11:38:56', NULL),
(143, 'PP_123.456_18', 'PP_123.456 ГОСТ 12345-12_18', 0.69, 2, 8, '166', 'Ц2_Транзит', 1, NULL, NULL, NULL, '2024-06-03 11:38:54', NULL),
(144, 'PP_123.456_19', 'PP_123.456 ГОСТ 12345-12_19', 0.45, 2, 8, '166', 'Ц2_Транзит', 1, NULL, NULL, NULL, '2024-06-03 11:38:58', NULL),
(145, 'PP_123.456_20', 'PP_123.456 ГОСТ 12345-12_20', 0.44, 2, 8, '166', 'Ц2_Межцех', 1, NULL, NULL, NULL, NULL, NULL),
(146, 'PP_123.456_21', 'PP_123.456 ГОСТ 12345-12_21', 0.90, 2, 8, '166', 'Ц3_Материал', 1, NULL, NULL, NULL, '2024-06-03 11:39:00', NULL),
(147, 'PP_123.456_22', 'PP_123.456 ГОСТ 12345-12_22', 0.70, 2, 8, '166', 'Ц2_Межцех', 1, NULL, NULL, NULL, '2024-06-03 11:39:03', NULL),
(148, 'PP_123.456_23', 'PP_123.456 ГОСТ 12345-12_23', 0.34, 2, 8, '166', 'Ц3_Материал', 1, NULL, NULL, NULL, '2024-06-03 11:39:03', NULL),
(149, 'PP_123.456_24', 'PP_123.456 ГОСТ 12345-12_24', 0.36, 2, 8, '166', 'Ц2_Комплект', 1, NULL, NULL, NULL, '2024-06-03 11:39:03', NULL),
(150, 'PP_123.456_25', 'PP_123.456 ГОСТ 12345-12_25', 0.81, 2, 8, '166', 'Ц2_Межцех', 1, NULL, NULL, NULL, '2024-06-03 11:39:03', NULL),
(151, 'КР_001.234_1', 'Краска_1', 0.48, 2, 12, '112', 'Ц2_Транзит', 2, NULL, NULL, NULL, '2024-06-03 11:39:04', NULL),
(152, 'КР_001.234_2', 'Краска_2', 0.88, 2, 12, '112', 'Ц3_Межцех', 1, NULL, NULL, NULL, '2024-06-03 11:39:03', NULL),
(153, 'КР_001.234_3', 'Краска_3', 0.32, 2, 12, '112', 'Ц2_Межцех', 2, NULL, NULL, NULL, NULL, NULL),
(154, 'КР_001.234_4', 'Краска_4', 0.42, 2, 12, '112', 'Ц1_Транзит', 2, NULL, NULL, NULL, '2024-06-03 11:39:03', NULL),
(155, 'КР_001.234_5', 'Краска_5', 0.93, 2, 12, '112', 'Ц3_Межцех', 2, NULL, NULL, NULL, '2024-06-03 11:39:01', NULL),
(156, 'КР_001.234_6', 'Краска_6', 0.84, 2, 12, '112', 'Ц3_Межцех', 2, NULL, NULL, NULL, '2024-06-03 11:38:59', NULL),
(157, 'КР_001.234_7', 'Краска_7', 0.26, 2, 12, '112', 'СГП', 1, NULL, NULL, NULL, '2024-06-03 11:38:54', NULL),
(158, 'КР_001.234_8', 'Краска_8', 0.60, 2, 12, '112', 'Ц1_Транзит', 1, NULL, NULL, NULL, '2024-06-03 11:39:01', NULL),
(159, 'КР_001.234_9', 'Краска_9', 0.71, 2, 12, '112', 'Ц1_Материал', 1, NULL, NULL, NULL, '2024-06-03 11:39:03', NULL),
(160, 'КР_001.234_10', 'Краска_10', 0.93, 2, 12, '112', 'Ц2_Межцех', 1, NULL, NULL, NULL, '2024-06-03 11:39:02', NULL),
(161, 'КР_001.234_11', 'Краска_11', 0.26, 2, 12, '112', 'СГП', 2, NULL, NULL, NULL, '2024-06-03 11:38:52', NULL),
(162, 'КР_001.234_12', 'Краска_12', 0.72, 2, 12, '112', 'Ц2_Транзит', 2, NULL, NULL, NULL, '2024-06-03 11:38:56', NULL),
(163, 'КР_001.234_13', 'Краска_13', 0.19, 2, 12, '112', 'Ц3_Межцех', 2, NULL, NULL, NULL, '2024-06-03 11:39:03', NULL),
(164, 'КР_001.234_14', 'Краска_14', 0.65, 2, 12, '112', 'Ц3_Материал', 1, NULL, NULL, NULL, NULL, NULL),
(165, 'КР_001.234_15', 'Краска_15', 0.66, 2, 12, '112', 'Ц1_Транзит', 2, NULL, NULL, NULL, '2024-06-03 11:39:02', NULL),
(166, 'КР_001.234_16', 'Краска_16', 0.19, 2, 12, '112', 'СГП', 2, NULL, NULL, NULL, '2024-06-03 11:39:04', NULL),
(167, 'КР_001.234_17', 'Краска_17', 0.12, 2, 12, '112', 'Ц2_Комплект', 2, NULL, NULL, NULL, '2024-06-03 11:39:01', NULL),
(168, 'КР_001.234_18', 'Краска_18', 0.79, 2, 12, '112', 'СГП', 2, NULL, NULL, NULL, '2024-06-03 11:39:03', NULL),
(169, 'КР_001.234_19', 'Краска_19', 0.82, 2, 12, '112', 'Ц2_Комплект', 1, NULL, NULL, NULL, '2024-06-03 11:38:58', NULL),
(170, 'КР_001.234_20', 'Краска_20', 0.34, 2, 12, '112', 'Ц3_Материал', 2, NULL, NULL, NULL, '2024-06-03 11:39:03', NULL),
(171, 'КР_001.234_21', 'Краска_21', 0.93, 2, 12, '112', 'Ц2_Материал', 2, NULL, NULL, NULL, '2024-06-03 11:39:00', NULL),
(172, 'КР_001.234_22', 'Краска_22', 0.71, 2, 12, '112', 'Ц1_Материал', 2, NULL, NULL, NULL, '2024-06-03 11:39:03', NULL),
(173, 'КР_001.234_23', 'Краска_23', 0.82, 2, 12, '112', 'Ц2_Комплект', 1, NULL, NULL, NULL, '2024-06-03 11:39:03', NULL),
(174, 'КР_001.234_24', 'Краска_24', 0.77, 2, 12, '112', 'Ц2_Межцех', 1, NULL, NULL, NULL, '2024-06-03 11:39:03', NULL),
(175, 'КР_001.234_25', 'Краска_25', 0.49, 2, 12, '112', 'Ц3_Межцех', 1, NULL, NULL, NULL, '2024-06-03 11:39:03', NULL),
(176, 'АБВГ_123456.001_1', 'Сборочная единица_1', 18.00, 1, 5, '796', 'Ц2_Межцех', 2, '000303351', '000303381', '0000355581', '2024-06-03 11:39:03', NULL),
(177, 'АБВГ_123456.001_2', 'Сборочная единица_2', 6.00, 1, 5, '796', 'Ц2_Межцех', 2, '000303352', '000303382', '0000355582', NULL, NULL),
(178, 'АБВГ_123456.001_3', 'Сборочная единица_3', 6.00, 1, 5, '796', 'СГП', 2, '000303353', '000303383', '0000355583', '2024-06-03 11:39:01', NULL),
(179, 'АБВГ_123456.001_4', 'Сборочная единица_4', 19.00, 1, 5, '796', 'Ц1_Материал', 1, '000303354', '000303384', '0000355584', '2024-06-03 11:39:00', NULL),
(180, 'АБВГ_123456.001_5', 'Сборочная единица_5', 10.00, 1, 5, '796', 'Ц2_Комплект', 2, '000303355', '000303385', '0000355585', NULL, NULL),
(181, 'АБВГ_123456.001_6', 'Сборочная единица_6', 5.00, 1, 5, '796', 'Ц3_Межцех', 2, '000303356', '000303386', '0000355586', '2024-06-03 11:38:55', NULL),
(182, 'АБВГ_123456.001_7', 'Сборочная единица_7', 20.00, 1, 5, '796', 'Ц1_Транзит', 1, '000303357', '000303387', '0000355587', '2024-06-03 11:38:58', NULL),
(183, 'АБВГ_123456.001_8', 'Сборочная единица_8', 10.00, 1, 5, '796', 'Ц2_Межцех', 2, '000303358', '000303388', '0000355588', '2024-06-03 11:38:52', NULL),
(184, 'АБВГ_123456.001_9', 'Сборочная единица_9', 20.00, 1, 5, '796', 'Ц2_Комплект', 2, '000303359', '000303389', '0000355589', '2024-06-03 11:38:54', NULL),
(185, 'АБВГ_123456.001_10', 'Сборочная единица_10', 19.00, 1, 5, '796', 'Ц2_Материал', 2, '0003033510', '0003033810', '00003555810', '2024-06-03 11:38:56', NULL),
(186, 'АБВГ_123456.001_11', 'Сборочная единица_11', 16.00, 1, 5, '796', 'Ц1_Транзит', 2, '0003033511', '0003033811', '00003555811', NULL, NULL),
(187, 'АБВГ_123456.001_12', 'Сборочная единица_12', 9.00, 1, 5, '796', 'Ц1_Материал', 1, '0003033512', '0003033812', '00003555812', '2024-06-03 11:39:04', NULL),
(188, 'АБВГ_123456.001_13', 'Сборочная единица_13', 12.00, 1, 5, '796', 'Ц2_Транзит', 1, '0003033513', '0003033813', '00003555813', '2024-06-03 11:39:01', NULL),
(189, 'АБВГ_123456.001_14', 'Сборочная единица_14', 9.00, 1, 5, '796', 'СГП', 2, '0003033514', '0003033814', '00003555814', '2024-06-03 11:38:56', NULL),
(190, 'АБВГ_123456.001_15', 'Сборочная единица_15', 12.00, 1, 5, '796', 'СГП', 2, '0003033515', '0003033815', '00003555815', '2024-06-03 11:39:02', NULL),
(191, 'АБВГ_123456.001_16', 'Сборочная единица_16', 17.00, 1, 5, '796', 'СГП', 2, '0003033516', '0003033816', '00003555816', '2024-06-03 11:38:58', NULL),
(192, 'АБВГ_123456.001_17', 'Сборочная единица_17', 19.00, 1, 5, '796', 'Ц2_Транзит', 2, '0003033517', '0003033817', '00003555817', '2024-06-03 11:39:03', NULL),
(193, 'АБВГ_123456.001_18', 'Сборочная единица_18', 5.00, 1, 5, '796', 'Ц1_Материал', 1, '0003033518', '0003033818', '00003555818', '2024-06-03 11:39:02', NULL),
(194, 'АБВГ_123456.001_19', 'Сборочная единица_19', 17.00, 1, 5, '796', 'Ц1_Транзит', 2, '0003033519', '0003033819', '00003555819', '2024-06-03 11:38:56', NULL),
(195, 'АБВГ_123456.001_20', 'Сборочная единица_20', 16.00, 1, 5, '796', 'Ц1_Транзит', 2, '0003033520', '0003033820', '00003555820', '2024-06-03 11:39:03', NULL),
(196, 'АБВГ_123456.001_21', 'Сборочная единица_21', 3.00, 1, 5, '796', 'Ц3_Межцех', 2, '0003033521', '0003033821', '00003555821', NULL, NULL),
(197, 'АБВГ_123456.001_22', 'Сборочная единица_22', 18.00, 1, 5, '796', 'Ц2_Материал', 2, '0003033522', '0003033822', '00003555822', '2024-06-03 11:38:53', NULL),
(198, 'АБВГ_123456.001_23', 'Сборочная единица_23', 1.00, 1, 5, '796', 'Ц2_Комплект', 1, '0003033523', '0003033823', '00003555823', '2024-06-03 11:39:03', NULL),
(199, 'АБВГ_123456.001_24', 'Сборочная единица_24', 7.00, 1, 5, '796', 'Ц1_Транзит', 1, '0003033524', '0003033824', '00003555824', '2024-06-03 11:39:00', NULL),
(200, 'АБВГ_123456.001_25', 'Сборочная единица_25', 1.00, 1, 5, '796', 'Ц1_Материал', 1, '0003033525', '0003033825', '00003555825', NULL, NULL),
(201, 'Болт_10*20_DIN_7798_1', 'Болт 10*20 DIN 7798_1', 4.00, 2, 2, '796', 'Ц3_Межцех', 2, NULL, NULL, NULL, '2024-06-03 11:39:03', NULL),
(202, 'Болт_10*20_DIN_7798_2', 'Болт 10*20 DIN 7798_2', 10.00, 2, 2, '796', 'Ц2_Материал', 1, NULL, NULL, NULL, NULL, NULL),
(203, 'Болт_10*20_DIN_7798_3', 'Болт 10*20 DIN 7798_3', 16.00, 2, 2, '796', 'Ц3_Межцех', 1, NULL, NULL, NULL, '2024-06-03 11:39:01', NULL),
(204, 'Болт_10*20_DIN_7798_4', 'Болт 10*20 DIN 7798_4', 7.00, 2, 2, '796', 'СГП', 1, NULL, NULL, NULL, '2024-06-03 11:39:03', NULL),
(205, 'Болт_10*20_DIN_7798_5', 'Болт 10*20 DIN 7798_5', 12.00, 2, 2, '796', 'Ц2_Межцех', 1, NULL, NULL, NULL, '2024-06-03 11:38:54', NULL),
(206, 'Болт_10*20_DIN_7798_6', 'Болт 10*20 DIN 7798_6', 13.00, 2, 2, '796', 'Ц2_Комплект', 2, NULL, NULL, NULL, '2024-06-03 11:39:01', NULL),
(207, 'Болт_10*20_DIN_7798_7', 'Болт 10*20 DIN 7798_7', 19.00, 2, 2, '796', 'Ц2_Комплект', 1, NULL, NULL, NULL, '2024-06-03 11:39:03', NULL),
(208, 'Болт_10*20_DIN_7798_8', 'Болт 10*20 DIN 7798_8', 14.00, 2, 2, '796', 'Ц2_Транзит', 2, NULL, NULL, NULL, '2024-06-03 11:38:52', NULL),
(209, 'Болт_10*20_DIN_7798_9', 'Болт 10*20 DIN 7798_9', 1.00, 2, 2, '796', 'Ц3_Межцех', 1, NULL, NULL, NULL, '2024-06-03 11:38:54', NULL),
(210, 'Болт_10*20_DIN_7798_10', 'Болт 10*20 DIN 7798_10', 14.00, 2, 2, '796', 'Ц2_Транзит', 2, NULL, NULL, NULL, '2024-06-03 11:38:56', NULL),
(211, 'Болт_10*20_DIN_7798_11', 'Болт 10*20 DIN 7798_11', 1.00, 2, 2, '796', 'СГП', 1, NULL, NULL, NULL, '2024-06-03 11:38:53', NULL),
(212, 'Болт_10*20_DIN_7798_12', 'Болт 10*20 DIN 7798_12', 9.00, 2, 2, '796', 'Ц1_Транзит', 2, NULL, NULL, NULL, '2024-06-03 11:39:04', NULL),
(213, 'Болт_10*20_DIN_7798_13', 'Болт 10*20 DIN 7798_13', 5.00, 2, 2, '796', 'Ц2_Межцех', 1, NULL, NULL, NULL, '2024-06-03 11:39:01', NULL),
(214, 'Болт_10*20_DIN_7798_14', 'Болт 10*20 DIN 7798_14', 19.00, 2, 2, '796', 'Ц2_Межцех', 2, NULL, NULL, NULL, '2024-06-03 11:38:56', NULL),
(215, 'Болт_10*20_DIN_7798_15', 'Болт 10*20 DIN 7798_15', 3.00, 2, 2, '796', 'Ц3_Межцех', 1, NULL, NULL, NULL, '2024-06-03 11:39:02', NULL),
(216, 'Болт_10*20_DIN_7798_16', 'Болт 10*20 DIN 7798_16', 5.00, 2, 2, '796', 'Ц2_Материал', 2, NULL, NULL, NULL, '2024-06-03 11:38:58', NULL),
(217, 'Болт_10*20_DIN_7798_17', 'Болт 10*20 DIN 7798_17', 11.00, 2, 2, '796', 'Ц2_Транзит', 1, NULL, NULL, NULL, '2024-06-03 11:39:03', NULL),
(218, 'Болт_10*20_DIN_7798_18', 'Болт 10*20 DIN 7798_18', 11.00, 2, 2, '796', 'Ц1_Транзит', 2, NULL, NULL, NULL, '2024-06-03 11:39:02', NULL),
(219, 'Болт_10*20_DIN_7798_19', 'Болт 10*20 DIN 7798_19', 20.00, 2, 2, '796', 'Ц2_Комплект', 1, NULL, NULL, NULL, '2024-06-03 11:38:58', NULL),
(220, 'Болт_10*20_DIN_7798_20', 'Болт 10*20 DIN 7798_20', 16.00, 2, 2, '796', 'Ц1_Материал', 1, NULL, NULL, NULL, '2024-06-03 11:39:03', NULL),
(221, 'Болт_10*20_DIN_7798_21', 'Болт 10*20 DIN 7798_21', 14.00, 2, 2, '796', 'Ц2_Транзит', 1, NULL, NULL, NULL, NULL, NULL),
(222, 'Болт_10*20_DIN_7798_22', 'Болт 10*20 DIN 7798_22', 17.00, 2, 2, '796', 'Ц2_Межцех', 1, NULL, NULL, NULL, '2024-06-03 11:38:53', NULL),
(223, 'Болт_10*20_DIN_7798_23', 'Болт 10*20 DIN 7798_23', 13.00, 2, 2, '796', 'Ц2_Межцех', 2, NULL, NULL, NULL, '2024-06-03 11:39:03', NULL),
(224, 'Болт_10*20_DIN_7798_24', 'Болт 10*20 DIN 7798_24', 8.00, 2, 2, '796', 'Ц2_Комплект', 1, NULL, NULL, NULL, '2024-06-03 11:39:00', NULL),
(225, 'Болт_10*20_DIN_7798_25', 'Болт 10*20 DIN 7798_25', 17.00, 2, 2, '796', 'Ц2_Транзит', 1, NULL, NULL, NULL, '2024-06-03 11:39:02', NULL),
(226, 'ДЗЕИ.123.456_1', 'Устройство_1', 20.00, 1, 5, '796', 'Ц1_Материал', 2, '000202241', '000202271', '0000344481', '2024-06-03 11:39:03', NULL),
(227, 'ДЗЕИ.123.456_2', 'Устройство_2', 1.00, 1, 5, '796', 'Ц1_Транзит', 2, '000202242', '000202272', '0000344482', '2024-06-03 11:38:53', NULL),
(228, 'ДЗЕИ.123.456_3', 'Устройство_3', 2.00, 1, 5, '796', 'Ц3_Межцех', 1, '000202243', '000202273', '0000344483', NULL, NULL),
(229, 'ДЗЕИ.123.456_4', 'Устройство_4', 12.00, 1, 5, '796', 'Ц2_Материал', 1, '000202244', '000202274', '0000344484', '2024-06-03 11:38:54', NULL),
(230, 'ДЗЕИ.123.456_5', 'Устройство_5', 13.00, 1, 5, '796', 'Ц3_Материал', 1, '000202245', '000202275', '0000344485', '2024-06-03 11:38:57', NULL),
(231, 'ДЗЕИ.123.456_6', 'Устройство_6', 17.00, 1, 5, '796', 'Ц2_Транзит', 2, '000202246', '000202276', '0000344486', '2024-06-03 11:39:01', NULL),
(232, 'ДЗЕИ.123.456_7', 'Устройство_7', 13.00, 1, 5, '796', 'Ц2_Межцех', 1, '000202247', '000202277', '0000344487', '2024-06-03 11:38:58', NULL),
(233, 'ДЗЕИ.123.456_8', 'Устройство_8', 9.00, 1, 5, '796', 'Ц2_Комплект', 1, '000202248', '000202278', '0000344488', NULL, NULL),
(234, 'ДЗЕИ.123.456_9', 'Устройство_9', 11.00, 1, 5, '796', 'Ц3_Материал', 2, '000202249', '000202279', '0000344489', NULL, NULL),
(235, 'ДЗЕИ.123.456_10', 'Устройство_10', 2.00, 1, 5, '796', 'Ц2_Транзит', 1, '0002022410', '0002022710', '00003444810', '2024-06-03 11:39:01', NULL),
(236, 'ДЗЕИ.123.456_11', 'Устройство_11', 14.00, 1, 5, '796', 'Ц3_Межцех', 2, '0002022411', '0002022711', '00003444811', NULL, NULL),
(237, 'ДЗЕИ.123.456_12', 'Устройство_12', 17.00, 1, 5, '796', 'Ц3_Межцех', 2, '0002022412', '0002022712', '00003444812', NULL, NULL),
(238, 'ДЗЕИ.123.456_13', 'Устройство_13', 12.00, 1, 5, '796', 'Ц3_Межцех', 2, '0002022413', '0002022713', '00003444813', NULL, NULL),
(239, 'ДЗЕИ.123.456_14', 'Устройство_14', 9.00, 1, 5, '796', 'СГП', 1, '0002022414', '0002022714', '00003444814', '2024-06-03 11:38:58', NULL),
(240, 'ДЗЕИ.123.456_15', 'Устройство_15', 19.00, 1, 5, '796', 'Ц3_Межцех', 2, '0002022415', '0002022715', '00003444815', '2024-06-03 11:39:03', NULL),
(241, 'ДЗЕИ.123.456_16', 'Устройство_16', 8.00, 1, 5, '796', 'Ц1_Материал', 2, '0002022416', '0002022716', '00003444816', NULL, NULL),
(242, 'ДЗЕИ.123.456_17', 'Устройство_17', 6.00, 1, 5, '796', 'Ц3_Межцех', 2, '0002022417', '0002022717', '00003444817', '2024-06-03 11:38:58', NULL),
(243, 'ДЗЕИ.123.456_18', 'Устройство_18', 1.00, 1, 5, '796', 'СГП', 1, '0002022418', '0002022718', '00003444818', NULL, NULL),
(244, 'ДЗЕИ.123.456_19', 'Устройство_19', 10.00, 1, 5, '796', 'СГП', 2, '0002022419', '0002022719', '00003444819', '2024-06-03 11:39:02', NULL),
(245, 'ДЗЕИ.123.456_20', 'Устройство_20', 19.00, 1, 5, '796', 'Ц3_Материал', 2, '0002022420', '0002022720', '00003444820', NULL, NULL),
(246, 'ДЗЕИ.123.456_21', 'Устройство_21', 18.00, 1, 5, '796', 'Ц2_Межцех', 2, '0002022421', '0002022721', '00003444821', '2024-06-03 11:38:54', NULL),
(247, 'ДЗЕИ.123.456_22', 'Устройство_22', 17.00, 1, 5, '796', 'Ц3_Межцех', 1, '0002022422', '0002022722', '00003444822', '2024-06-03 11:39:03', NULL),
(248, 'ДЗЕИ.123.456_23', 'Устройство_23', 17.00, 1, 5, '796', 'Ц2_Транзит', 2, '0002022423', '0002022723', '00003444823', '2024-06-03 11:39:00', NULL),
(249, 'ДЗЕИ.123.456_24', 'Устройство_24', 19.00, 1, 5, '796', 'Ц2_Комплект', 2, '0002022424', '0002022724', '00003444824', '2024-06-03 11:38:54', NULL),
(250, 'ДЗЕИ.123.456_25', 'Устройство_25', 10.00, 1, 5, '796', 'Ц3_Материал', 2, '0002022425', '0002022725', '00003444825', '2024-06-03 11:38:53', NULL),
(251, 'РАД.123_456_1', 'Радиатор_1', 11.00, 2, 10, '796', 'Ц2_Материал', 1, NULL, NULL, NULL, '2024-06-03 11:39:03', NULL),
(252, 'РАД.123_456_2', 'Радиатор_2', 5.00, 2, 10, '796', 'Ц2_Межцех', 2, NULL, NULL, NULL, '2024-06-03 11:39:00', NULL),
(253, 'РАД.123_456_3', 'Радиатор_3', 7.00, 2, 10, '796', 'СГП', 1, NULL, NULL, NULL, '2024-06-03 11:39:00', NULL),
(254, 'РАД.123_456_4', 'Радиатор_4', 8.00, 2, 10, '796', 'Ц2_Межцех', 1, NULL, NULL, NULL, '2024-06-03 11:39:04', NULL),
(255, 'РАД.123_456_5', 'Радиатор_5', 2.00, 2, 10, '796', 'Ц1_Транзит', 1, NULL, NULL, NULL, NULL, NULL),
(256, 'РАД.123_456_6', 'Радиатор_6', 19.00, 2, 10, '796', 'Ц1_Материал', 1, NULL, NULL, NULL, '2024-06-03 11:39:03', NULL),
(257, 'РАД.123_456_7', 'Радиатор_7', 6.00, 2, 10, '796', 'Ц3_Материал', 1, NULL, NULL, NULL, '2024-06-03 11:38:59', NULL),
(258, 'РАД.123_456_8', 'Радиатор_8', 10.00, 2, 10, '796', 'СГП', 1, NULL, NULL, NULL, NULL, NULL),
(259, 'РАД.123_456_9', 'Радиатор_9', 1.00, 2, 10, '796', 'СГП', 1, NULL, NULL, NULL, '2024-06-03 11:38:55', NULL),
(260, 'РАД.123_456_10', 'Радиатор_10', 8.00, 2, 10, '796', 'Ц2_Транзит', 2, NULL, NULL, NULL, '2024-06-03 11:39:04', NULL),
(261, 'РАД.123_456_11', 'Радиатор_11', 15.00, 2, 10, '796', 'Ц2_Межцех', 1, NULL, NULL, NULL, '2024-06-03 11:39:03', NULL),
(262, 'РАД.123_456_12', 'Радиатор_12', 3.00, 2, 10, '796', 'СГП', 2, NULL, NULL, NULL, '2024-06-03 11:38:58', NULL),
(263, 'РАД.123_456_13', 'Радиатор_13', 13.00, 2, 10, '796', 'СГП', 1, NULL, NULL, NULL, NULL, NULL),
(264, 'РАД.123_456_14', 'Радиатор_14', 9.00, 2, 10, '796', 'Ц3_Материал', 1, NULL, NULL, NULL, '2024-06-03 11:39:03', NULL),
(265, 'РАД.123_456_15', 'Радиатор_15', 9.00, 2, 10, '796', 'Ц3_Материал', 1, NULL, NULL, NULL, '2024-06-03 11:38:58', NULL),
(266, 'РАД.123_456_16', 'Радиатор_16', 3.00, 2, 10, '796', 'СГП', 1, NULL, NULL, NULL, '2024-06-03 11:38:57', NULL),
(267, 'РАД.123_456_17', 'Радиатор_17', 12.00, 2, 10, '796', 'Ц1_Транзит', 1, NULL, NULL, NULL, '2024-06-03 11:39:01', NULL),
(268, 'РАД.123_456_18', 'Радиатор_18', 6.00, 2, 10, '796', 'Ц1_Материал', 2, NULL, NULL, NULL, '2024-06-03 11:38:55', NULL),
(269, 'РАД.123_456_19', 'Радиатор_19', 19.00, 2, 10, '796', 'СГП', 1, NULL, NULL, NULL, '2024-06-03 11:39:03', NULL),
(270, 'РАД.123_456_20', 'Радиатор_20', 10.00, 2, 10, '796', 'Ц2_Материал', 1, NULL, NULL, NULL, '2024-06-03 11:38:55', NULL),
(271, 'РАД.123_456_21', 'Радиатор_21', 3.00, 2, 10, '796', 'Ц1_Транзит', 1, NULL, NULL, NULL, '2024-06-03 11:39:02', NULL),
(272, 'РАД.123_456_22', 'Радиатор_22', 10.00, 2, 10, '796', 'Ц2_Материал', 2, NULL, NULL, NULL, '2024-06-03 11:39:00', NULL),
(273, 'РАД.123_456_23', 'Радиатор_23', 15.00, 2, 10, '796', 'Ц3_Межцех', 2, NULL, NULL, NULL, '2024-06-03 11:38:55', NULL),
(274, 'РАД.123_456_24', 'Радиатор_24', 13.00, 2, 10, '796', 'Ц2_Комплект', 1, NULL, NULL, NULL, '2024-06-03 11:38:58', NULL),
(275, 'РАД.123_456_25', 'Радиатор_25', 4.00, 2, 10, '796', 'Ц2_Межцех', 2, NULL, NULL, NULL, '2024-06-03 11:38:59', NULL),
(276, 'КАБ.123_456_1', 'Кабель_1', 0.23, 2, 6, '006', 'Ц3_Межцех', 2, NULL, NULL, NULL, NULL, NULL),
(277, 'КАБ.123_456_2', 'Кабель_2', 0.89, 2, 6, '006', 'СГП', 1, NULL, NULL, NULL, '2024-06-03 11:39:01', NULL),
(278, 'КАБ.123_456_3', 'Кабель_3', 0.71, 2, 6, '006', 'Ц2_Комплект', 2, NULL, NULL, NULL, '2024-06-03 11:39:03', NULL),
(279, 'КАБ.123_456_4', 'Кабель_4', 0.62, 2, 6, '006', 'Ц2_Межцех', 1, NULL, NULL, NULL, '2024-06-03 11:38:53', NULL),
(280, 'КАБ.123_456_5', 'Кабель_5', 0.36, 2, 6, '006', 'СГП', 2, NULL, NULL, NULL, '2024-06-03 11:39:03', NULL),
(281, 'КАБ.123_456_6', 'Кабель_6', 0.23, 2, 6, '006', 'Ц1_Материал', 1, NULL, NULL, NULL, NULL, NULL),
(282, 'КАБ.123_456_7', 'Кабель_7', 0.18, 2, 6, '006', 'Ц2_Комплект', 2, NULL, NULL, NULL, '2024-06-03 11:39:01', NULL),
(283, 'КАБ.123_456_8', 'Кабель_8', 0.57, 2, 6, '006', 'Ц3_Межцех', 1, NULL, NULL, NULL, '2024-06-03 11:38:53', NULL),
(284, 'КАБ.123_456_9', 'Кабель_9', 0.43, 2, 6, '006', 'Ц2_Материал', 1, NULL, NULL, NULL, '2024-06-03 11:38:57', NULL),
(285, 'КАБ.123_456_10', 'Кабель_10', 0.98, 2, 6, '006', 'Ц2_Комплект', 2, NULL, NULL, NULL, '2024-06-03 11:38:58', NULL),
(286, 'КАБ.123_456_11', 'Кабель_11', 0.65, 2, 6, '006', 'Ц2_Межцех', 2, NULL, NULL, NULL, NULL, NULL),
(287, 'КАБ.123_456_12', 'Кабель_12', 0.73, 2, 6, '006', 'Ц3_Межцех', 2, NULL, NULL, NULL, '2024-06-03 11:38:54', NULL),
(288, 'КАБ.123_456_13', 'Кабель_13', 0.34, 2, 6, '006', 'Ц3_Межцех', 2, NULL, NULL, NULL, NULL, NULL),
(289, 'КАБ.123_456_14', 'Кабель_14', 0.70, 2, 6, '006', 'Ц3_Межцех', 1, NULL, NULL, NULL, '2024-06-03 11:38:58', NULL),
(290, 'КАБ.123_456_15', 'Кабель_15', 0.59, 2, 6, '006', 'Ц1_Материал', 1, NULL, NULL, NULL, NULL, NULL),
(291, 'КАБ.123_456_16', 'Кабель_16', 0.93, 2, 6, '006', 'Ц2_Материал', 2, NULL, NULL, NULL, '2024-06-03 11:39:02', NULL),
(292, 'КАБ.123_456_17', 'Кабель_17', 0.31, 2, 6, '006', 'Ц1_Материал', 2, NULL, NULL, NULL, NULL, NULL),
(293, 'КАБ.123_456_18', 'Кабель_18', 0.33, 2, 6, '006', 'СГП', 2, NULL, NULL, NULL, NULL, NULL),
(294, 'КАБ.123_456_19', 'Кабель_19', 0.86, 2, 6, '006', 'Ц1_Транзит', 1, NULL, NULL, NULL, '2024-06-03 11:39:03', NULL),
(295, 'КАБ.123_456_20', 'Кабель_20', 0.60, 2, 6, '006', 'Ц3_Межцех', 1, NULL, NULL, NULL, '2024-06-03 11:38:58', NULL),
(296, 'КАБ.123_456_21', 'Кабель_21', 0.73, 2, 6, '006', 'Ц2_Комплект', 2, NULL, NULL, NULL, NULL, NULL),
(297, 'КАБ.123_456_22', 'Кабель_22', 0.72, 2, 6, '006', 'Ц2_Материал', 1, NULL, NULL, NULL, NULL, NULL),
(298, 'КАБ.123_456_23', 'Кабель_23', 0.42, 2, 6, '006', 'Ц1_Материал', 2, NULL, NULL, NULL, NULL, NULL),
(299, 'КАБ.123_456_24', 'Кабель_24', 0.66, 2, 6, '006', 'Ц2_Комплект', 2, NULL, NULL, NULL, '2024-06-03 11:39:00', NULL),
(300, 'КАБ.123_456_25', 'Кабель_25', 0.60, 2, 6, '006', 'Ц2_Транзит', 1, NULL, NULL, NULL, NULL, NULL),
(301, 'РАМГ.846322.002_1', 'Давальческая деталь_1', 1.00, 3, 1, '796', 'Ц3_Межцех', 1, NULL, '0006066823', '00003999825', NULL, NULL),
(302, 'РАМГ.846322.002_2', 'Давальческая деталь_2', 7.00, 3, 1, '796', 'Ц1_Транзит', 1, NULL, '0004044615', '0000399984', NULL, NULL),
(303, 'РАМГ.846322.002_3', 'Давальческая деталь_3', 19.00, 3, 1, '796', 'Ц2_Материал', 1, NULL, '000303386', '0000377782', NULL, NULL),
(304, 'РАМГ.846322.002_4', 'Давальческая деталь_4', 9.00, 3, 1, '796', 'Ц2_Комплект', 2, NULL, '0004044614', '0000377781', NULL, NULL),
(305, 'РАМГ.846322.002_5', 'Давальческая деталь_5', 6.00, 3, 1, '796', 'Ц3_Материал', 1, NULL, '000404464', '00003444818', NULL, NULL),
(306, 'РАМГ.846322.002_6', 'Давальческая деталь_6', 18.00, 3, 1, '796', 'Ц2_Межцех', 2, NULL, '0004044620', '00003555825', NULL, NULL),
(307, 'РАМГ.846322.002_7', 'Давальческая деталь_7', 12.00, 3, 1, '796', 'Ц2_Материал', 1, NULL, '000303387', '00003999819', NULL, NULL),
(308, 'РАМГ.846322.002_8', 'Давальческая деталь_8', 9.00, 3, 1, '796', 'СГП', 2, NULL, '0004044616', '0000399981', NULL, NULL),
(309, 'РАМГ.846322.002_9', 'Давальческая деталь_9', 19.00, 3, 1, '796', 'Ц3_Материал', 2, NULL, '0006066820', '0000377784', NULL, NULL),
(310, 'РАМГ.846322.002_10', 'Давальческая деталь_10', 9.00, 3, 1, '796', 'Ц2_Материал', 2, NULL, '0002022720', '0000355589', NULL, NULL),
(311, 'РАМГ.846322.002_11', 'Давальческая деталь_11', 11.00, 3, 1, '796', 'Ц2_Межцех', 2, NULL, '0003033810', '00003666818', NULL, NULL),
(312, 'РАМГ.846322.002_12', 'Давальческая деталь_12', 15.00, 3, 1, '796', 'Ц3_Материал', 2, NULL, '0006066824', '00003666818', NULL, NULL),
(313, 'РАМГ.846322.002_13', 'Давальческая деталь_13', 15.00, 3, 1, '796', 'Ц1_Материал', 2, NULL, '0006066823', '0000355587', NULL, NULL),
(314, 'РАМГ.846322.002_14', 'Давальческая деталь_14', 17.00, 3, 1, '796', 'Ц1_Транзит', 2, NULL, '000202271', '00003666822', NULL, NULL),
(315, 'РАМГ.846322.002_15', 'Давальческая деталь_15', 1.00, 3, 1, '796', 'Ц2_Транзит', 2, NULL, '0003033822', '00003555823', NULL, NULL),
(316, 'РАМГ.846322.002_16', 'Давальческая деталь_16', 9.00, 3, 1, '796', 'Ц1_Материал', 1, NULL, '0004044612', '00003777825', NULL, '2024-06-03 11:39:06'),
(317, 'РАМГ.846322.002_17', 'Давальческая деталь_17', 3.00, 3, 1, '796', 'Ц2_Комплект', 2, NULL, '000202271', '0000377785', NULL, NULL),
(318, 'РАМГ.846322.002_18', 'Давальческая деталь_18', 10.00, 3, 1, '796', 'Ц2_Транзит', 1, NULL, '000303388', '00003444812', NULL, NULL),
(319, 'РАМГ.846322.002_19', 'Давальческая деталь_19', 20.00, 3, 1, '796', 'Ц3_Материал', 2, NULL, '0003033825', '0000377781', NULL, NULL),
(320, 'РАМГ.846322.002_20', 'Давальческая деталь_20', 20.00, 3, 1, '796', 'Ц1_Материал', 1, NULL, '0002022719', '00003666822', NULL, NULL),
(321, 'РАМГ.846322.002_21', 'Давальческая деталь_21', 10.00, 3, 1, '796', 'Ц2_Комплект', 2, NULL, '0002022725', '0000399989', NULL, NULL),
(322, 'РАМГ.846322.002_22', 'Давальческая деталь_22', 18.00, 3, 1, '796', 'Ц1_Транзит', 2, NULL, '0002022721', '00003777823', NULL, NULL),
(323, 'РАМГ.846322.002_23', 'Давальческая деталь_23', 17.00, 3, 1, '796', 'Ц1_Материал', 1, NULL, '0004044619', '00003666824', NULL, NULL),
(324, 'РАМГ.846322.002_24', 'Давальческая деталь_24', 1.00, 3, 1, '796', 'Ц2_Материал', 1, NULL, '000202276', '0000399987', NULL, NULL),
(325, 'РАМГ.846322.002_25', 'Давальческая деталь_25', 18.00, 3, 1, '796', 'Ц2_Материал', 1, NULL, '000404461', '00003777814', NULL, NULL),
(326, 'РАД.789_012_1', 'Давальческий радиатор_1', 15.00, 3, 10, '796', 'Ц2_Комплект', 1, NULL, '0004044612', '00003444813', NULL, NULL),
(327, 'РАД.789_012_2', 'Давальческий радиатор_2', 6.00, 3, 10, '796', 'Ц3_Материал', 2, NULL, '0003033813', '00003444815', NULL, NULL),
(328, 'РАД.789_012_3', 'Давальческий радиатор_3', 8.00, 3, 10, '796', 'Ц2_Межцех', 1, NULL, '0004044615', '00003444825', NULL, NULL),
(329, 'РАД.789_012_4', 'Давальческий радиатор_4', 15.00, 3, 10, '796', 'Ц2_Материал', 2, NULL, '0004044625', '00003666816', NULL, NULL),
(330, 'РАД.789_012_5', 'Давальческий радиатор_5', 5.00, 3, 10, '796', 'СГП', 1, NULL, '000606682', '0000377788', NULL, NULL),
(331, 'РАД.789_012_6', 'Давальческий радиатор_6', 13.00, 3, 10, '796', 'Ц2_Материал', 2, NULL, '0003033825', '0000377781', NULL, NULL),
(332, 'РАД.789_012_7', 'Давальческий радиатор_7', 9.00, 3, 10, '796', 'Ц2_Межцех', 2, NULL, '000606688', '00003666819', NULL, NULL),
(333, 'РАД.789_012_8', 'Давальческий радиатор_8', 2.00, 3, 10, '796', 'Ц1_Материал', 2, NULL, '0006066812', '0000377782', NULL, NULL),
(334, 'РАД.789_012_9', 'Давальческий радиатор_9', 13.00, 3, 10, '796', 'Ц2_Межцех', 1, NULL, '0004044614', '00003999813', NULL, NULL),
(335, 'РАД.789_012_10', 'Давальческий радиатор_10', 9.00, 3, 10, '796', 'Ц3_Материал', 2, NULL, '0006066811', '00003555821', NULL, NULL),
(336, 'РАД.789_012_11', 'Давальческий радиатор_11', 7.00, 3, 10, '796', 'Ц2_Транзит', 1, NULL, '000606681', '0000399986', NULL, NULL),
(337, 'РАД.789_012_12', 'Давальческий радиатор_12', 18.00, 3, 10, '796', 'Ц3_Материал', 2, NULL, '0002022712', '00003666820', NULL, NULL),
(338, 'РАД.789_012_13', 'Давальческий радиатор_13', 4.00, 3, 10, '796', 'Ц1_Транзит', 2, NULL, '0004044618', '00003555812', NULL, NULL),
(339, 'РАД.789_012_14', 'Давальческий радиатор_14', 20.00, 3, 10, '796', 'Ц1_Материал', 2, NULL, '0006066824', '00003555820', NULL, NULL),
(340, 'РАД.789_012_15', 'Давальческий радиатор_15', 7.00, 3, 10, '796', 'Ц1_Материал', 1, NULL, '0003033812', '00003777821', NULL, NULL),
(341, 'РАД.789_012_16', 'Давальческий радиатор_16', 2.00, 3, 10, '796', 'Ц3_Межцех', 1, NULL, '0006066810', '0000377783', NULL, NULL),
(342, 'РАД.789_012_17', 'Давальческий радиатор_17', 20.00, 3, 10, '796', 'СГП', 1, NULL, '000202277', '00003555817', NULL, NULL),
(343, 'РАД.789_012_18', 'Давальческий радиатор_18', 12.00, 3, 10, '796', 'Ц2_Комплект', 2, NULL, '0004044619', '00003777824', NULL, NULL),
(344, 'РАД.789_012_19', 'Давальческий радиатор_19', 15.00, 3, 10, '796', 'Ц2_Транзит', 1, NULL, '000606682', '0000366684', NULL, NULL),
(345, 'РАД.789_012_20', 'Давальческий радиатор_20', 1.00, 3, 10, '796', 'Ц2_Транзит', 1, NULL, '0004044620', '0000377781', NULL, NULL),
(346, 'РАД.789_012_21', 'Давальческий радиатор_21', 10.00, 3, 10, '796', 'Ц2_Комплект', 2, NULL, '0002022711', '00003555822', NULL, NULL),
(347, 'РАД.789_012_22', 'Давальческий радиатор_22', 15.00, 3, 10, '796', 'Ц2_Комплект', 1, NULL, '0002022712', '00003777823', NULL, NULL),
(348, 'РАД.789_012_23', 'Давальческий радиатор_23', 5.00, 3, 10, '796', 'СГП', 1, NULL, '0003033814', '0000344485', NULL, NULL),
(349, 'РАД.789_012_24', 'Давальческий радиатор_24', 4.00, 3, 10, '796', 'Ц2_Межцех', 1, NULL, '0006066823', '00003444816', NULL, NULL),
(350, 'РАД.789_012_25', 'Давальческий радиатор_25', 15.00, 3, 10, '796', 'Ц3_Материал', 2, NULL, '0002022710', '00003444815', NULL, NULL);

-- --------------------------------------------------------

--
-- Структура таблицы `item_cover`
--

CREATE TABLE `item_cover` (
  `item_id` bigint UNSIGNED NOT NULL,
  `cover_number` varchar(64) COLLATE utf8mb4_unicode_ci NOT NULL
) ENGINE=InnoDB DEFAULT CHARSET=utf8mb4 COLLATE=utf8mb4_unicode_ci;

--
-- Дамп данных таблицы `item_cover`
--

INSERT INTO `item_cover` (`item_id`, `cover_number`) VALUES
(226, '000202271'),
(314, '000202271'),
(317, '000202271'),
(235, '0002022710'),
(350, '0002022710'),
(236, '0002022711'),
(346, '0002022711'),
(237, '0002022712'),
(337, '0002022712'),
(347, '0002022712'),
(238, '0002022713'),
(239, '0002022714'),
(240, '0002022715'),
(241, '0002022716'),
(242, '0002022717'),
(243, '0002022718'),
(244, '0002022719'),
(320, '0002022719'),
(227, '000202272'),
(245, '0002022720'),
(310, '0002022720'),
(246, '0002022721'),
(322, '0002022721'),
(247, '0002022722'),
(248, '0002022723'),
(249, '0002022724'),
(250, '0002022725'),
(321, '0002022725'),
(228, '000202273'),
(229, '000202274'),
(230, '000202275'),
(231, '000202276'),
(324, '000202276'),
(232, '000202277'),
(342, '000202277'),
(233, '000202278'),
(234, '000202279'),
(176, '000303381'),
(185, '0003033810'),
(311, '0003033810'),
(186, '0003033811'),
(187, '0003033812'),
(340, '0003033812'),
(188, '0003033813'),
(327, '0003033813'),
(189, '0003033814'),
(348, '0003033814'),
(190, '0003033815'),
(191, '0003033816'),
(192, '0003033817'),
(193, '0003033818'),
(194, '0003033819'),
(177, '000303382'),
(195, '0003033820'),
(196, '0003033821'),
(197, '0003033822'),
(315, '0003033822'),
(198, '0003033823'),
(199, '0003033824'),
(200, '0003033825'),
(319, '0003033825'),
(331, '0003033825'),
(178, '000303383'),
(179, '000303384'),
(180, '000303385'),
(181, '000303386'),
(303, '000303386'),
(182, '000303387'),
(307, '000303387'),
(183, '000303388'),
(318, '000303388'),
(184, '000303389'),
(101, '000404461'),
(325, '000404461'),
(110, '0004044610'),
(111, '0004044611'),
(112, '0004044612'),
(316, '0004044612'),
(326, '0004044612'),
(113, '0004044613'),
(114, '0004044614'),
(304, '0004044614'),
(334, '0004044614'),
(115, '0004044615'),
(302, '0004044615'),
(328, '0004044615'),
(116, '0004044616'),
(308, '0004044616'),
(117, '0004044617'),
(118, '0004044618'),
(338, '0004044618'),
(119, '0004044619'),
(323, '0004044619'),
(343, '0004044619'),
(102, '000404462'),
(120, '0004044620'),
(306, '0004044620'),
(345, '0004044620'),
(121, '0004044621'),
(122, '0004044622'),
(123, '0004044623'),
(124, '0004044624'),
(125, '0004044625'),
(329, '0004044625'),
(103, '000404463'),
(104, '000404464'),
(305, '000404464'),
(105, '000404465'),
(106, '000404466'),
(107, '000404467'),
(108, '000404468'),
(109, '000404469'),
(1, '000606681'),
(336, '000606681'),
(10, '0006066810'),
(341, '0006066810'),
(11, '0006066811'),
(335, '0006066811'),
(12, '0006066812'),
(333, '0006066812'),
(13, '0006066813'),
(14, '0006066814'),
(15, '0006066815'),
(16, '0006066816'),
(17, '0006066817'),
(18, '0006066818'),
(19, '0006066819'),
(2, '000606682'),
(330, '000606682'),
(344, '000606682'),
(20, '0006066820'),
(309, '0006066820'),
(21, '0006066821'),
(22, '0006066822'),
(23, '0006066823'),
(301, '0006066823'),
(313, '0006066823'),
(349, '0006066823'),
(24, '0006066824'),
(312, '0006066824'),
(339, '0006066824'),
(25, '0006066825'),
(3, '000606683'),
(4, '000606684'),
(5, '000606685'),
(6, '000606686'),
(7, '000606687'),
(8, '000606688'),
(332, '000606688'),
(9, '000606689');

-- --------------------------------------------------------

--
-- Структура таблицы `item_route`
--

CREATE TABLE `item_route` (
  `item_id` bigint UNSIGNED NOT NULL,
  `route_number` varchar(64) COLLATE utf8mb4_unicode_ci NOT NULL
) ENGINE=InnoDB DEFAULT CHARSET=utf8mb4 COLLATE=utf8mb4_unicode_ci;

--
-- Дамп данных таблицы `item_route`
--

INSERT INTO `item_route` (`item_id`, `route_number`) VALUES
(226, '0000344481'),
(235, '00003444810'),
(236, '00003444811'),
(237, '00003444812'),
(318, '00003444812'),
(238, '00003444813'),
(326, '00003444813'),
(239, '00003444814'),
(240, '00003444815'),
(327, '00003444815'),
(350, '00003444815'),
(241, '00003444816'),
(349, '00003444816'),
(242, '00003444817'),
(243, '00003444818'),
(305, '00003444818'),
(244, '00003444819'),
(227, '0000344482'),
(245, '00003444820'),
(246, '00003444821'),
(247, '00003444822'),
(248, '00003444823'),
(249, '00003444824'),
(250, '00003444825'),
(328, '00003444825'),
(228, '0000344483'),
(229, '0000344484'),
(230, '0000344485'),
(348, '0000344485'),
(231, '0000344486'),
(232, '0000344487'),
(233, '0000344488'),
(234, '0000344489'),
(176, '0000355581'),
(185, '00003555810'),
(186, '00003555811'),
(187, '00003555812'),
(338, '00003555812'),
(188, '00003555813'),
(189, '00003555814'),
(190, '00003555815'),
(191, '00003555816'),
(192, '00003555817'),
(342, '00003555817'),
(193, '00003555818'),
(194, '00003555819'),
(177, '0000355582'),
(195, '00003555820'),
(339, '00003555820'),
(196, '00003555821'),
(335, '00003555821'),
(197, '00003555822'),
(346, '00003555822'),
(198, '00003555823'),
(315, '00003555823'),
(199, '00003555824'),
(200, '00003555825'),
(306, '00003555825'),
(178, '0000355583'),
(179, '0000355584'),
(180, '0000355585'),
(181, '0000355586'),
(182, '0000355587'),
(313, '0000355587'),
(183, '0000355588'),
(184, '0000355589'),
(310, '0000355589'),
(101, '0000366681'),
(110, '00003666810'),
(111, '00003666811'),
(112, '00003666812'),
(113, '00003666813'),
(114, '00003666814'),
(115, '00003666815'),
(116, '00003666816'),
(329, '00003666816'),
(117, '00003666817'),
(118, '00003666818'),
(311, '00003666818'),
(312, '00003666818'),
(119, '00003666819'),
(332, '00003666819'),
(102, '0000366682'),
(120, '00003666820'),
(337, '00003666820'),
(121, '00003666821'),
(122, '00003666822'),
(314, '00003666822'),
(320, '00003666822'),
(123, '00003666823'),
(124, '00003666824'),
(323, '00003666824'),
(125, '00003666825'),
(103, '0000366683'),
(104, '0000366684'),
(344, '0000366684'),
(105, '0000366685'),
(106, '0000366686'),
(107, '0000366687'),
(108, '0000366688'),
(109, '0000366689'),
(51, '0000377781'),
(304, '0000377781'),
(319, '0000377781'),
(331, '0000377781'),
(345, '0000377781'),
(60, '00003777810'),
(61, '00003777811'),
(62, '00003777812'),
(63, '00003777813'),
(64, '00003777814'),
(325, '00003777814'),
(65, '00003777815'),
(66, '00003777816'),
(67, '00003777817'),
(68, '00003777818'),
(69, '00003777819'),
(52, '0000377782'),
(303, '0000377782'),
(333, '0000377782'),
(70, '00003777820'),
(71, '00003777821'),
(340, '00003777821'),
(72, '00003777822'),
(73, '00003777823'),
(322, '00003777823'),
(347, '00003777823'),
(74, '00003777824'),
(343, '00003777824'),
(75, '00003777825'),
(316, '00003777825'),
(53, '0000377783'),
(341, '0000377783'),
(54, '0000377784'),
(309, '0000377784'),
(55, '0000377785'),
(317, '0000377785'),
(56, '0000377786'),
(57, '0000377787'),
(58, '0000377788'),
(330, '0000377788'),
(59, '0000377789'),
(1, '0000399981'),
(308, '0000399981'),
(10, '00003999810'),
(11, '00003999811'),
(12, '00003999812'),
(13, '00003999813'),
(334, '00003999813'),
(14, '00003999814'),
(15, '00003999815'),
(16, '00003999816'),
(17, '00003999817'),
(18, '00003999818'),
(19, '00003999819'),
(307, '00003999819'),
(2, '0000399982'),
(20, '00003999820'),
(21, '00003999821'),
(22, '00003999822'),
(23, '00003999823'),
(24, '00003999824'),
(25, '00003999825'),
(301, '00003999825'),
(3, '0000399983'),
(4, '0000399984'),
(302, '0000399984'),
(5, '0000399985'),
(6, '0000399986'),
(336, '0000399986'),
(7, '0000399987'),
(324, '0000399987'),
(8, '0000399988'),
(9, '0000399989'),
(321, '0000399989');

-- --------------------------------------------------------

--
-- Структура таблицы `item_specification`
--

CREATE TABLE `item_specification` (
  `item_id` bigint UNSIGNED NOT NULL,
  `specification_number` varchar(64) COLLATE utf8mb4_unicode_ci NOT NULL
) ENGINE=InnoDB DEFAULT CHARSET=utf8mb4 COLLATE=utf8mb4_unicode_ci;

--
-- Дамп данных таблицы `item_specification`
--

INSERT INTO `item_specification` (`item_id`, `specification_number`) VALUES
(226, '000202241'),
(235, '0002022410'),
(236, '0002022411'),
(237, '0002022412'),
(238, '0002022413'),
(239, '0002022414'),
(240, '0002022415'),
(241, '0002022416'),
(242, '0002022417'),
(243, '0002022418'),
(244, '0002022419'),
(227, '000202242'),
(245, '0002022420'),
(246, '0002022421'),
(247, '0002022422'),
(248, '0002022423'),
(249, '0002022424'),
(250, '0002022425'),
(228, '000202243'),
(229, '000202244'),
(230, '000202245'),
(231, '000202246'),
(232, '000202247'),
(233, '000202248'),
(234, '000202249'),
(176, '000303351'),
(185, '0003033510'),
(186, '0003033511'),
(187, '0003033512'),
(188, '0003033513'),
(189, '0003033514'),
(190, '0003033515'),
(191, '0003033516'),
(192, '0003033517'),
(193, '0003033518'),
(194, '0003033519'),
(177, '000303352'),
(195, '0003033520'),
(196, '0003033521'),
(197, '0003033522'),
(198, '0003033523'),
(199, '0003033524'),
(200, '0003033525'),
(178, '000303353'),
(179, '000303354'),
(180, '000303355'),
(181, '000303356'),
(182, '000303357'),
(183, '000303358'),
(184, '000303359'),
(101, '000404431'),
(110, '0004044310'),
(111, '0004044311'),
(112, '0004044312'),
(113, '0004044313'),
(114, '0004044314'),
(115, '0004044315'),
(116, '0004044316'),
(117, '0004044317'),
(118, '0004044318'),
(119, '0004044319'),
(102, '000404432'),
(120, '0004044320'),
(121, '0004044321'),
(122, '0004044322'),
(123, '0004044323'),
(124, '0004044324'),
(125, '0004044325'),
(103, '000404433'),
(104, '000404434'),
(105, '000404435'),
(106, '000404436'),
(107, '000404437'),
(108, '000404438'),
(109, '000404439'),
(51, '000505561'),
(60, '0005055610'),
(61, '0005055611'),
(62, '0005055612'),
(63, '0005055613'),
(64, '0005055614'),
(65, '0005055615'),
(66, '0005055616'),
(67, '0005055617'),
(68, '0005055618'),
(69, '0005055619'),
(52, '000505562'),
(70, '0005055620'),
(71, '0005055621'),
(72, '0005055622'),
(73, '0005055623'),
(74, '0005055624'),
(75, '0005055625'),
(53, '000505563'),
(54, '000505564'),
(55, '000505565'),
(56, '000505566'),
(57, '000505567'),
(58, '000505568'),
(59, '000505569'),
(1, '000606671'),
(10, '0006066710'),
(11, '0006066711'),
(12, '0006066712'),
(13, '0006066713'),
(14, '0006066714'),
(15, '0006066715'),
(16, '0006066716'),
(17, '0006066717'),
(18, '0006066718'),
(19, '0006066719'),
(2, '000606672'),
(20, '0006066720'),
(21, '0006066721'),
(22, '0006066722'),
(23, '0006066723'),
(24, '0006066724'),
(25, '0006066725'),
(3, '000606673'),
(4, '000606674'),
(5, '000606675'),
(6, '000606676'),
(7, '000606677'),
(8, '000606678'),
(9, '000606679');

-- --------------------------------------------------------

--
-- Структура таблицы `item_types`
--

CREATE TABLE `item_types` (
  `id` tinyint UNSIGNED NOT NULL,
  `name` varchar(64) COLLATE utf8mb4_unicode_ci NOT NULL
) ENGINE=InnoDB DEFAULT CHARSET=utf8mb4 COLLATE=utf8mb4_unicode_ci;

--
-- Дамп данных таблицы `item_types`
--

INSERT INTO `item_types` (`id`, `name`) VALUES
(3, 'Давальческий'),
(2, 'Покупной'),
(1, 'Собственный');

-- --------------------------------------------------------

--
-- Структура таблицы `main_warehouses`
--

CREATE TABLE `main_warehouses` (
  `code` varchar(32) COLLATE utf8mb4_unicode_ci NOT NULL,
  `name` varchar(64) COLLATE utf8mb4_unicode_ci NOT NULL
) ENGINE=InnoDB DEFAULT CHARSET=utf8mb4 COLLATE=utf8mb4_unicode_ci;

--
-- Дамп данных таблицы `main_warehouses`
--

INSERT INTO `main_warehouses` (`code`, `name`) VALUES
('Ц2_Межцех', 'Межцеховой склад 2 цеха'),
('Ц3_Межцех', 'Межцеховой склад 3 цеха'),
('СГП', 'Склад готовой продукции'),
('Ц2_Комплект', 'Склад комплектующих 2 цеха'),
('Ц1_Материал', 'Склад материалов 1 цеха'),
('Ц2_Материал', 'Склад материалов 2 цеха'),
('Ц3_Материал', 'Склад материалов 3 цеха'),
('Ц1_Транзит', 'Транзитный склад 1 цеха'),
('Ц2_Транзит', 'Транзитный склад 2 цеха');

-- --------------------------------------------------------

--
-- Структура таблицы `manufacture_types`
--

CREATE TABLE `manufacture_types` (
  `id` tinyint UNSIGNED NOT NULL,
  `name` varchar(32) COLLATE utf8mb4_unicode_ci NOT NULL
) ENGINE=InnoDB DEFAULT CHARSET=utf8mb4 COLLATE=utf8mb4_unicode_ci;

--
-- Дамп данных таблицы `manufacture_types`
--

INSERT INTO `manufacture_types` (`id`, `name`) VALUES
(1, 'Под заказ'),
(2, 'Страховой запас');

-- --------------------------------------------------------

--
-- Структура таблицы `migrations`
--

CREATE TABLE `migrations` (
  `id` int UNSIGNED NOT NULL,
  `migration` varchar(255) COLLATE utf8mb4_unicode_ci NOT NULL,
  `batch` int NOT NULL
) ENGINE=InnoDB DEFAULT CHARSET=utf8mb4 COLLATE=utf8mb4_unicode_ci;

--
-- Дамп данных таблицы `migrations`
--

INSERT INTO `migrations` (`id`, `migration`, `batch`) VALUES
(1, '2014_10_12_000000_create_users_table', 1),
(2, '2014_10_12_100000_create_password_resets_table', 1),
(3, '2019_08_19_000000_create_failed_jobs_table', 1),
(4, '2019_12_14_000001_create_personal_access_tokens_table', 1),
(5, '2024_04_18_090910_create_item_types_table', 1),
(6, '2024_04_18_091013_create_groups_table', 1),
(7, '2024_04_18_091055_create_units_table', 1),
(8, '2024_04_18_091140_create_main_warehouses_table', 1),
(9, '2024_04_18_091225_create_manufacture_types_table', 1),
(10, '2024_04_18_091301_create_specifications_table', 1),
(11, '2024_04_18_091324_create_covers_table', 1),
(12, '2024_04_18_091346_create_routes_table', 1),
(13, '2024_04_18_091401_create_items_table', 1),
(14, '2024_04_18_091402_create_details_table', 1),
(15, '2024_04_18_091403_create_purchased_items_table', 1),
(16, '2024_04_18_091405_create_departments_table', 1),
(17, '2024_04_18_091408_create_points_table', 1),
(18, '2024_04_18_091410_create_operations_table', 1),
(19, '2024_04_18_091412_create_rates_table', 1),
(20, '2024_04_18_091509_create_item_specification_table', 1),
(21, '2024_04_18_091533_create_specification_item_table', 1),
(22, '2024_04_18_091555_create_item_cover_table', 1),
(23, '2024_04_18_091617_create_cover_item_table', 1),
(24, '2024_04_18_091642_create_item_route_table', 1),
(25, '2024_04_18_091713_create_route_point_table', 1),
(26, '2024_04_18_092213_create_customers_table', 1),
(27, '2024_04_18_092238_create_order_statuses_table', 1),
(28, '2024_04_18_092311_create_orders_table', 1),
(29, '2024_04_18_092350_create_order_item_table', 1),
(30, '2024_04_18_092413_create_order_item_specification_table', 1),
(31, '2024_04_18_092436_create_order_item_route_table', 1),
(32, '2024_04_18_092513_create_point_base_payment_history_table', 1),
(33, '2024_04_18_092537_create_purchased_item_purchase_price_history_table', 1),
(34, '2024_04_18_092610_create_roles_table', 1),
(35, '2024_04_18_092633_create_permissions_table', 1),
(36, '2024_04_18_092725_create_role_permission_table', 1),
(37, '2024_04_18_092750_create_insert_primary_and_foreign_key_trigger_on_order_item_specification_table', 1),
(38, '2024_04_18_092803_create_update_base_payment_trigger_on_points_table', 1),
(39, '2024_04_18_092825_create_update_purchase_price_trigger_on_purchased_items_table', 1),
(40, '2024_04_18_092841_add_column_role_id_to_users_table', 1),
(41, '2024_04_18_093008_add_soft_deletes_to_users_table', 1),
(42, '2024_04_18_093027_add_foreign_key_role_id_to_users_table', 1),
(43, '2024_04_18_093050_drop_timestamps_from_users_table', 1),
(44, '2024_04_18_093115_drop_column_email_verified_at_from_users_table', 1),
(45, '2024_04_18_093135_drop_remember_token_from_users_table', 1),
(46, '2024_04_18_093155_drop_password_resets_table', 1),
(47, '2024_04_18_093225_drop_personal_access_tokens_table', 1);

-- --------------------------------------------------------

--
-- Структура таблицы `operations`
--

CREATE TABLE `operations` (
  `code` varchar(4) COLLATE utf8mb4_unicode_ci NOT NULL,
  `name` varchar(255) COLLATE utf8mb4_unicode_ci NOT NULL,
  `operation_code` varchar(4) COLLATE utf8mb4_unicode_ci DEFAULT NULL
) ENGINE=InnoDB DEFAULT CHARSET=utf8mb4 COLLATE=utf8mb4_unicode_ci;

--
-- Дамп данных таблицы `operations`
--

INSERT INTO `operations` (`code`, `name`, `operation_code`) VALUES
('01', 'Операции общего назначения', NULL),
('0101', 'Разметка', '01'),
('0102', 'Нарезка', '01'),
('0103', 'Нагревание', '01'),
('0104', 'Раскрой', '01'),
('0105', 'Охлаждение', '01'),
('0106', 'Выдержка', '01'),
('0107', 'Обдувка', '01'),
('0108', 'Слесарная', '01'),
('0109', 'Зачистка', '01'),
('0113', 'Вакуумирование', '01'),
('0114', 'Смазывание', '01'),
('0115', 'Пломбирование', '01'),
('0116', 'Распломбирование', '01'),
('0117', 'Герметизация', '01'),
('0118', 'Регенерация', '01'),
('0119', 'Ориентация', '01'),
('0120', 'Галтовка', '01'),
('0121', 'Сбор технологических отходов', '01'),
('0122', 'Сдача технологических отходов', '01'),
('0123', 'Корректировка составов', '01'),
('0124', 'Дефектация', '01'),
('0125', 'Промывка', '01'),
('0126', 'водой', '0125'),
('0127', 'растворителями', '0125'),
('0128', 'Термостатирование', '01'),
('0129', 'Фильтрование', '01'),
('0130', 'Очистка', '01'),
('0131', 'пескоструйная', '0130'),
('0132', 'гидроструйная', '0130'),
('0133', 'струйно-абразивная', '0130'),
('0134', 'дробеметная', '0130'),
('0135', 'ультразвуковая', '0130'),
('0136', 'дробеструйная', '0130'),
('0137', 'газопламенная', '0130'),
('0138', 'электрохимическая', '0130'),
('0139', 'виброабразивная', '0130'),
('0143', 'химическая', '0130'),
('0144', 'ионная, плазменная', '0130'),
('0145', 'Изолирование, защита', '01'),
('0146', 'составами органическими', '0145'),
('0147', 'составами неорганическими', '0145'),
('0148', 'лентами, трубками и др.', '0145'),
('0150', 'Травление', '01'),
('0151', 'химическое', '0150'),
('0152', 'электрохимическое', '0150'),
('0153', 'ультразвуковое', '0150'),
('0154', 'ионное', '0150'),
('0155', 'плазмохимическое', '0150'),
('0156', 'Дозирование', '01'),
('0157', 'по счету', '0156'),
('0158', 'по объему', '0156'),
('0159', 'по массе', '0156'),
('0160', 'Пропитка', '01'),
('0161', 'под давлением', '0160'),
('0162', 'в вакууме', '0160'),
('0163', 'при атмосферном давлении', '0160'),
('0164', 'Заливка, засыпка', '01'),
('0165', 'Протирка', '01'),
('0166', 'Разгерметизация', '01'),
('0167', 'Развакуумирование', '01'),
('0168', 'Подготовка (оснастки, оборудования, арматуры, кабеля и т. д.)', '01'),
('0169', 'Приготовление (смесей, флюсов, композиций и др.)', '01'),
('0170', 'Сушка', '01'),
('0171', 'атмосферная', '0170'),
('0172', 'конвективная', '0170'),
('0173', 'терморадиационная', '0170'),
('0174', 'вакуумная', '0170'),
('0175', 'в электромагнитном поле', '0170'),
('0176', 'фотохимическая', '0170'),
('0177', 'световыми лучами', '0170'),
('0178', 'ультразвуковым, электронным облучением', '0170'),
('0179', 'в активной, в пассивной среде', '0170'),
('0180', 'Маркирование', '01'),
('0181', 'ударом', '0180'),
('0182', 'гравированием', '0180'),
('0183', 'травлением', '0180'),
('0184', 'лазерное', '0180'),
('0185', 'литьем под давлением', '0180'),
('0186', 'лентой, краской, трубкой, биркой, этикеткой и др.', '0180'),
('0187', 'вжиганием', '0180'),
('0188', 'электрохимическое', '0180'),
('0189', 'электроэрозионное', '0180'),
('0190', 'Обезжиривание, обессмоливание', '01'),
('0191', 'Обезжиривание химическое', '0190'),
('0192', 'Обезжиривание электрохимическое', '0190'),
('0193', 'Обезжиривание ультразвуковое', '0190'),
('0194', 'Обезжиривание плазмохимическое', '0190'),
('0195', 'Удаление покрытий', '0190'),
('0196', 'Удаление изоляции', '0190'),
('0197', 'Намагничивание', '01'),
('0198', 'Размагничивание', '01'),
('02', 'Технический контроль', NULL),
('0200', 'Контроль', '02'),
('0210', 'Контроль величин пространства и времени', '02'),
('0211', 'Контроль времени', '0210'),
('0212', 'Контроль площади', '0210'),
('0213', 'Контроль объема', '0210'),
('0214', 'Контроль скорости', '0210'),
('0215', 'Контроль ускорения', '0210'),
('0216', 'Контроль плоского угла', '0210'),
('0217', 'Контроль телесного угла', '0210'),
('0218', 'Контроль длины', '0210'),
('0220', 'Контроль линейных размеров', '0210'),
('0221', 'Контроль между плоскими поверхностями', '0220'),
('0222', 'Контроль между криволинейными поверхностями', '0220'),
('0223', 'Контроль между осями поверхностей', '0220'),
('0224', 'Контроль между координатами', '0220'),
('0225', 'Контроль размеров криволинейных поверхностей', '0210'),
('0226', 'Контроль кривизны', '0225'),
('0227', 'Контроль диаметра', '0225'),
('0228', 'Контроль радиуса', '0225'),
('0230', 'Контроль расположения поверхности', '0210'),
('0231', 'Контроль параллельности', '0230'),
('0232', 'Контроль перпендикулярности', '0230'),
('0233', 'Контроль наклона', '0230'),
('0235', 'Контроль соосности (концентричности)', '0230'),
('0236', 'Контроль симметричности', '0230'),
('0237', 'Контроль пересечения осей', '0230'),
('0238', 'Контроль позиционного расположения', '0230'),
('0240', 'Контроль формы поверхности', '0210'),
('0241', 'Контроль плоскостности', '0240'),
('0242', 'Контроль прямолинейности', '0240'),
('0245', 'Контроль цилиндричности', '0240'),
('0246', 'Контроль круглости', '0240'),
('0247', 'Контроль профиля продольного сечения', '0240'),
('0250', 'Контроль формы и расположения поверхностей', '0210'),
('0251', 'Контроль биения радиального', '0250'),
('0252', 'Контроль биения торцевого', '0250'),
('0253', 'Контроль биения в заданном направлении', '0250'),
('0254', 'Контроль формы заданного профиля', '0250'),
('0255', 'Контроль формы заданной поверхности', '0250'),
('0260', 'Комплексный контроль геометрических параметров', '0210'),
('0261', 'Контроль резьбовых деталей', '0260'),
('0262', 'Контроль среднего диаметра', '0261'),
('0263', 'Контроль приведенного диаметра', '0261'),
('0264', 'Контроль шага резьбы', '0261'),
('0265', 'Контроль шлицевых деталей', '0260'),
('0266', 'Контроль шероховатости', '0260'),
('0270', 'Контроль зубчатых деталей', '0260'),
('0271', 'Контроль кинематической погрешности', '0270'),
('0272', 'Контроль радиального биения зубчатого венца', '0270'),
('0273', 'Контроль накопленной погрешности шага', '0270'),
('0274', 'Контроль окружного шага', '0270'),
('0275', 'Контроль циклической погрешности', '0270'),
('0276', 'Контроль межосевого расстояния на одном зубе', '0270'),
('0277', 'Контроль профиля зубьев', '0270'),
('0278', 'Контроль колебания длины общей нормали', '0270'),
('0281', 'Контроль направления зуба', '0270'),
('0282', 'Контроль суммарного пятна контакта', '0270'),
('0283', 'Контроль шага зацепления', '0270'),
('0284', 'Контроль элементов колеса', '0270'),
('0285', 'Контроль толщины зуба', '0270'),
('0286', 'Контроль гарантированного бокового зазора', '0270'),
('0287', 'Контроль смещения исходного контура', '0270'),
('0290', 'Контроль червячных деталей', '0260'),
('0291', 'Контроль винтовой линии червяка', '0290'),
('0292', 'Контроль осевого шага червяка', '0290'),
('0293', 'Контроль кинематической погрешности червяка', '0290'),
('0294', 'Контроль биения витков червяка', '0290'),
('0295', 'Контроль элементов колеса', '0290'),
('0296', 'Контроль пятна контакта', '0290'),
('0297', 'Контроль угла и формы червяка', '0290'),
('03', 'Технический контроль', NULL),
('0310', 'Контроль механических величин', '03'),
('0311', 'Контроль массы', '0310'),
('0312', 'Контроль плотности', '0310'),
('0314', 'Контроль момента инерции', '0310'),
('0315', 'Контроль силы, веса', '0310'),
('0316', 'Контроль давления', '0310'),
('0317', 'Контроль вязкости динамической', '0310'),
('0318', 'Контроль вязкости кинематической', '0310'),
('0320', 'Контроль электрических и магнитных величин', '03'),
('0321', 'Контроль силы электрического тока', '0320'),
('0322', 'Контроль электрического напряжения', '0320'),
('0323', 'Контроль электрического сопротивления', '0320'),
('0324', 'Контроль электрической емкости', '0320'),
('0326', 'Контроль магнитного потока', '0320'),
('0327', 'Контроль индуктивности', '0320'),
('0328', 'Контроль магнитного сопротивления', '0320'),
('0329', 'Контроль динамических электрических величин', '0320'),
('0330', 'Контроль тепловых величин', '03'),
('0331', 'Контроль температуры', '0330'),
('0332', 'Контроль теплоемкости', '0330'),
('0333', 'Контроль теплового потока', '0330'),
('0334', 'Контроль теплопроводности', '0330'),
('0335', 'Контроль акустических величин', '03'),
('0336', 'Контроль звукового давления', '0335'),
('0337', 'Контроль объемной скорости', '0335'),
('0338', 'Контроль интенсивности звука', '0335'),
('0340', 'Контроль световых величин и величин электромагнитных излучении', '03'),
('0341', 'Контроль силы света', '0340'),
('0342', 'Контроль светового потока', '0340'),
('0343', 'Контроль освещенности', '0340'),
('0344', 'Контроль яркости', '0340'),
('0346', 'Контроль энергии излучения', '0340'),
('0347', 'Контроль потока излучения', '0340'),
('0348', 'Контроль энергетической освещенности', '0340'),
('0349', 'Контроль энергетической яркости', '0340'),
('0350', 'Контроль величин физической оптики', '03'),
('0351', 'Контроль оптических параметров и характеристик', '0350'),
('0354', 'Контроль теплового излучения', '0350'),
('0355', 'Контроль периодических величин', '03'),
('0356', 'Контроль частоты периодического процесса', '0355'),
('0357', 'Контроль частоты вращения', '0355'),
('0360', 'Контроль величин ионизирующих излучений', '03'),
('0361', 'Контроль активности нуклида в радиоактивном источнике', '0360'),
('0362', 'Контроль поглощенной дозы излучения', '0360'),
('0365', 'Контроль величин физической химии и молекулярной физики', '03'),
('0366', 'Контроль молярной массы', '0365'),
('0367', 'Контроль молярного объема', '0365'),
('0368', 'Контроль химического потенциала', '0365'),
('0369', 'Контроль температуропроводности', '0365'),
('0371', 'Контроль количества вещества', '0365'),
('0372', 'Контроль концентрации', '0365'),
('0375', 'Контроль качественных характеристик', '03'),
('0376', 'Контроль неразрушающий акустический (ультразвуковой)', '0375'),
('0377', 'Контроль неразрушающий вихретоковый', '0375'),
('0378', 'Контроль неразрушающий магнитный', '0375'),
('0379', 'Контроль неразрушающий оптический', '0375'),
('0381', 'Контроль неразрушающий радиационный', '0375'),
('0382', 'Контроль неразрушающий радиоволновый', '0375'),
('0383', 'Контроль неразрушающий тепловой', '0375'),
('0384', 'Контроль неразрушающий электрический', '0375'),
('0386', 'Контроль неразрушающий проникающими веществами', '0375'),
('0387', 'Контроль внешнего вида изделий, наличия клейм', '0375'),
('0390', 'Контроль прочих величин и характеристик', '03'),
('0391', 'Контроль технического состояния', '0390'),
('0392', 'Контроль функционирования', '0390'),
('0393', 'Контроль работоспособности', '0390'),
('0394', 'Контроль надежности', '0390'),
('0396', 'Контроль количества штук', '0390'),
('0397', 'Контроль расхода', '0390'),
('04', 'Перемещение', NULL),
('0400', 'Перемещение', '04'),
('0401', 'Транспортирование', '04'),
('0404', 'Погрузка', '04'),
('0405', 'Загрузка', '04'),
('0406', 'Разгрузка', '04'),
('0407', 'Выгрузка', '04'),
('0408', 'Перегрузка', '04'),
('0409', 'Перекладка', '04'),
('0411', 'Кантование', '04'),
('0412', 'Штабелирование', '04'),
('0413', 'Дештабелирование', '04'),
('0414', 'Стеллажирование', '04'),
('0415', 'Дестеллажирование', '04'),
('0416', 'Переливание', '04'),
('0417', 'Пересыпание', '04'),
('0418', 'Комплектование', '04'),
('0419', 'Раскладка', '04'),
('0421', 'Сортирование', '04'),
('0422', 'Пакетирование', '04'),
('0423', 'Распакетирование', '04'),
('0424', 'Укладывание', '04'),
('0425', 'Рыхление', '04'),
('0426', 'Разравнивание', '04'),
('0427', 'Раскрепление', '04'),
('0428', 'Закрепление', '04'),
('0429', 'Накопление', '04'),
('0430', 'Хранение', '04'),
('0431', 'Поворотная', '04'),
('0432', 'Укрывание', '04'),
('0433', 'Раскрывание', '04'),
('0434', 'Раскомплектование', '04'),
('0435', 'Перекачивание', '04'),
('0436', 'Торцевыравнивание', '04'),
('0440', 'Складирование', '04'),
('06', 'Испытания', NULL),
('0600', 'Испытания', '06'),
('0610', 'Испытания на надежность', '06'),
('0611', 'Испытания на безотказность', '0610'),
('0612', 'Испытания на сохраняемость', '0610'),
('0613', 'Испытания на ремонтопригодность', '0610'),
('0614', 'Испытания на долговечность', '0610'),
('0615', 'Испытания на функциональность', '06'),
('0620', 'Испытания механические', '06'),
('0621', 'на воздействие статической нагрузки', '0620'),
('0622', 'на растяжение', '0621'),
('0623', 'на срез', '0621'),
('0624', 'на ползучесть', '0621'),
('0625', 'на кручение', '0621'),
('0626', 'на изгиб', '0621'),
('0627', 'на сжатие', '0621'),
('0628', 'на длительную прочность', '0621'),
('0629', 'на твердость, микротвердость', '0621'),
('0631', 'на релаксацию', '0621'),
('0632', 'на прокаливаемость', '0621'),
('0633', 'на адгезию', '0621'),
('0634', 'на пластичность', '0621'),
('0635', 'на воздействие динамической нагрузки', '0620'),
('0636', 'на усталость', '0635'),
('0637', 'при растяжении-сжатии', '0636'),
('0638', 'при изгибе', '0636'),
('0639', 'при кручении', '0636'),
('0641', 'на ударную вязкость', '0635'),
('0642', 'на механическое старение', '0635'),
('0643', 'на прочность', '0635'),
('0644', 'на адгезию', '0635'),
('0645', 'на воздействие трения', '0620'),
('0646', 'при вращательном движении', '0645'),
('0647', 'при возвратно-поступательном движении', '0645'),
('0650', 'на воздействие удара', '0620'),
('0651', 'механического', '0650'),
('0652', 'однократного действия', '0651'),
('0653', 'многократного действия', '0651'),
('0654', 'при свободном падении', '0651'),
('0655', 'гидравлического', '0650'),
('0656', 'аэродинамического', '0650'),
('0657', 'сейсмического', '0650'),
('0658', 'баллистического', '0650'),
('0659', 'ударной (взрывной) волны', '0650'),
('0660', 'на воздействие ускорения', '0620'),
('0661', 'линейного', '0660'),
('0662', 'углового (центробежного)', '0660'),
('0663', 'центростремительного', '0660'),
('0664', 'невесомости', '0660'),
('0665', 'на воздействие колебаний', '0620'),
('0666', 'качки', '0665'),
('0667', 'наклона (крена)', '0665'),
('0668', 'акустического шума', '0665'),
('0669', 'вибрации', '0665'),
('0670', 'на воздействие давления', '0620'),
('0671', 'гидравлического повышенного', '0670'),
('0672', 'гидравлического пониженного', '0670'),
('0673', 'пневматического повышенного', '0670'),
('0674', 'пневматического пониженного', '0670'),
('0675', 'Испытания на герметичность', '06'),
('0676', 'пневматические', '0675'),
('0677', 'гидравлические', '0675'),
('0678', 'Испытания на отрыв', '06'),
('0679', 'Испытания на безопасность', '06'),
('07', 'Испытания', NULL),
('0710', 'Испытания климатические', '07'),
('0712', 'на воздействие температуры среды повышенной', '0710'),
('0713', 'на воздействие температуры среды пониженной', '0710'),
('0714', 'на воздействие смены температур (термоциклирования)', '0710'),
('0716', 'на воздействие атмосферного давления повышенного', '0710'),
('0717', 'на воздействие атмосферного давления пониженного', '0710'),
('0719', 'на воздействие атмосферных осадков выпадающих', '0710'),
('0721', 'на воздействие атмосферных осадков конденсированных', '0710'),
('0722', 'на воздействие влажности (брызг)', '0710'),
('0723', 'на воздействие солнечного излучения', '0710'),
('0724', 'на воздействие тумана', '0710'),
('0725', 'на воздействие ледово-грунтовой среды', '0710'),
('0726', 'на воздействие пыли, песка', '0710'),
('0729', 'на воздействие потока воздуха скоростного дозвукового', '0710'),
('0731', 'на воздействие потока воздуха скоростного сверхзвукового', '0710'),
('0732', 'на воздействие ветра', '0710'),
('0735', 'Испытания термические', '07'),
('0736', 'на воздействие теплового удара', '0735'),
('0737', 'светового излучения взрыва', '0736'),
('0738', 'термического', '0736'),
('0739', 'на воздействие нагрева', '0735'),
('0741', 'аэродинамического', '0739'),
('0742', 'трением', '0739'),
('0743', 'тепловым потоком', '0739'),
('0744', 'пламенем', '0739'),
('0750', 'Испытания химические', '07'),
('0751', 'на воздействие кислот', '0750'),
('0752', 'на воздействие щелочей', '0750'),
('0753', 'на воздействие масел, смазок, красок', '0750'),
('0754', 'на воздействие специальных сред', '0750'),
('0755', 'на воздействие топлива', '0750'),
('0757', 'на воздействие среды с коррозионно-активными агентами атмосферы', '0750'),
('0758', 'на воздействие среды с коррозионно-активными агентами водой', '0750'),
('0759', 'на воздействие среды с коррозионно-активными агентами почвенно-грунтовой', '0750'),
('0760', 'Испытания биологические', '07'),
('0761', 'на воздействие позвоночных животных', '0760'),
('0762', 'на воздействие беспозвоночных животных', '0760'),
('0763', 'на воздействие растений', '0760'),
('0765', 'Испытания электрические', '07'),
('0766', 'на воздействие постоянного тока (напряжения)', '0765'),
('0767', 'на воздействие переменного тока (напряжения) однофазного', '0765'),
('0768', 'на воздействие переменного тока (напряжения) многофазного', '0765'),
('0769', 'на воздействие электрического импульса тока (напряжения)', '0765'),
('0770', 'Испытания электротермические', '07'),
('0771', 'на воздействие постоянного тока (напряжения) при температуре выше °С', '0770'),
('0772', 'на воздействие постоянного тока (напряжения) при температуре ниже °С', '0770'),
('0773', 'на воздействие переменного тока однофазного при температуре выше °С', '0770'),
('0774', 'на воздействие переменного тока однофазного при температуре ниже °С', '0770'),
('0775', 'на воздействие переменного тока многофазного при температуре выше °С', '0770'),
('0776', 'на воздействие переменного тока многофазного при температуре ниже °С', '0770'),
('0777', 'на воздействие электрического импульса тока (напряжения) при температуре выше °С', '0770'),
('0778', 'на воздействие электрического импульса тока (напряжения) при температуре ниже °С', '0770'),
('0780', 'Испытания радиационные', '07'),
('0782', 'на воздействие ионизирующего альфа- и бета-излучения', '0780'),
('0783', 'на воздействие ионизирующего гамма-излучения', '0780'),
('0784', 'на воздействие ионизирующего рентгеновского излучения', '0780'),
('0785', 'на воздействие ионизирующего нейтронного, электронного и протонного излучений', '0780'),
('0786', 'на воздействие ионизирующего излучения многозарядных частиц', '0780'),
('0790', 'Испытания магнитные и электромагнитные', '07'),
('0791', 'на воздействие импульсного электрополя', '0790'),
('0793', 'на воздействие магнитного поля низкочастотного', '0790'),
('0794', 'на воздействие магнитного поля высокочастотного', '0790'),
('0795', 'на воздействие магнитного поля сверхвысокочастотного', '0790'),
('0796', 'на воздействие лазерного излучения', '0790'),
('0797', 'на воздействие электромагнитного импульса взрыва', '0790'),
('08', 'Консервация и упаковывание', NULL),
('0800', 'Консервация и упаковывание', '08'),
('0801', 'Консервация', '0800'),
('0802', 'окунанием', '0801'),
('0803', 'обливом', '0801'),
('0804', 'смазыванием', '0801'),
('0805', 'прокачиванием', '0801'),
('0806', 'продуванием', '0801'),
('0809', 'распылением', '0801'),
('0811', 'завертыванием', '0801'),
('0812', 'заливкой', '0801'),
('0813', 'летучими ингибиторами на носителях', '0801'),
('0814', 'в процессе испытаний', '0801'),
('0815', 'герметизацией', '0801'),
('0816', 'осушением статическим', '0815'),
('0817', 'осушением динамическим', '0815'),
('0818', 'ингибированным воздухом', '0815'),
('0819', 'инертными газами', '0815'),
('0821', 'летучими ингибиторами', '0815'),
('0822', 'внутренним упаковыванием', '0801'),
('0830', 'Упаковывание', '08'),
('0831', 'в бумагу', '0830'),
('0832', 'в полимерную пленку', '0830'),
('0834', 'герметизированным покрытием', '0830'),
('0836', 'в потребительскую тару', '0830'),
('0837', 'в ящик, коробку', '0830'),
('0838', 'в контейнер', '0830'),
('0839', 'в мешок', '0830'),
('0841', 'в связку', '0830'),
('0842', 'в обрешетку', '0830'),
('0843', 'на поддон', '0830'),
('0844', 'Обандероливание', '08'),
('0846', 'Обвязываем тары (упаковочной единицы)', '08'),
('0850', 'Распаковывание', '08'),
('0851', 'вскрытием', '0850'),
('0852', 'разборкой', '0850'),
('0853', 'развязыванием', '0850'),
('0854', 'развертыванием', '0850'),
('0856', 'потребительской тары', '0850'),
('0860', 'Расконсервация', '08'),
('0865', 'удалением консервационного материала', '0860'),
('0866', 'протиранием', '0865'),
('0867', 'окунанием', '0865'),
('0868', 'оплавлением', '0865'),
('0869', 'разгерметизацией', '0865'),
('0871', 'продуванием', '0865'),
('0872', 'смыванием', '0865'),
('0873', 'срезанием', '0865'),
('0874', 'сливом', '0865'),
('0876', 'летучих ингибиторов на носителях', '0865'),
('10', 'Литье металлов и сплавов', NULL),
('1000', 'Литье металлов и сплавов', '10'),
('1010', 'Изготовление литейных моделей', '10'),
('1011', 'неметаллических многократных', '1010'),
('1012', 'неметаллических разовых растворяемых', '1010'),
('1013', 'неметаллических разовых выплавляемых', '1010'),
('1014', 'неметаллических разовых выжигаемых', '1010'),
('1016', 'металлических многократных', '1010'),
('1020', 'Изготовление песчаных литейных форм', '10'),
('1021', 'ручным уплотнением формовочной смеси с помощью модели «по-сырому»', '1020'),
('1022', 'ручным уплотнением формовочной смеси с помощью модели «по-сухому»', '1020'),
('1023', 'ручным уплотнением формовочной смеси с помощью модели химическим отверждением', '1020'),
('1024', 'ручным уплотнением формовочной смеси по шаблону «по-сырому»', '1020'),
('1025', 'ручным уплотнением формовочной смеси по шаблону «по-сухому»', '1020'),
('1026', 'ручным уплотнением формовочной смеси по шаблону химическим отверждением', '1020'),
('1027', 'машинным уплотнением формовочной смеси с помощью модели «по-сырому»', '1020'),
('1028', 'машинным уплотнением формовочной смеси с помощью модели «по-сухому»', '1020'),
('1029', 'машинным уплотнением формовочной смеси с помощью модели химическим отверждением', '1020'),
('1040', 'Изготовление песчаных стержней', '10'),
('1043', 'ручным уплотнением стержневой смеси с последующей сушкой по стержневому ящику сушкой', '1040'),
('1044', 'ручным уплотнением стержневой смеси с последующей сушкой по стержневому ящику химическим отверждением', '1040'),
('1045', 'ручным уплотнением стержневой смеси с последующей сушкой по шаблону химическим отверждением', '1040'),
('1046', 'ручным уплотнением стержневой смеси с последующей сушкой по шаблону сушкой', '1040'),
('1047', 'машинным уплотнением стержневой смеси по стержневому ящику по горячей модельной оснастке', '1040'),
('1048', 'машинным уплотнением стержневой смеси по стержневому ящику сушкой', '1040'),
('1049', 'машинным уплотнением стержневой смеси по стержневому ящику химическим отверждением', '1040'),
('1051', 'Завалка шихтовых материалов в плавильный агрегат', '10'),
('1053', 'Плавка металлов и сплавов', '10'),
('1060', 'Заливка формы', '10'),
('1061', 'свободная в оболочковые формы с применением песчаной смесей без вращательного движения', '1060'),
('1062', 'свободная в оболочковые формы с применением песчаной смесей с вращательным движением', '1060'),
('1063', 'свободная в керамические формы без вращательного движения', '1060'),
('1064', 'свободная в керамические формы с вращательным движением', '1060'),
('1065', 'свободная в песчаные формы', '1060'),
('1066', 'свободная в кокиль', '1060'),
('1067', 'свободная по выплавляемым моделям', '1060'),
('1068', 'принудительная под давлением', '1060'),
('1069', 'принудительная с противодавлением', '1060'),
('1071', 'принудительная под низким давлением', '1060'),
('1072', 'принудительная вакуумным всасыванием', '1060'),
('1073', 'комбинированная жидкой штамповкой', '1060'),
('1074', 'комбинированная вылавливанием', '1060'),
('1075', 'Удаление стержней, формовочных смесей', '10'),
('1076', 'Выбивка отливок, форм', '10'),
('1077', 'Обрубка отливки', '10'),
('1087', 'Модифицирование', '10'),
('1088', 'Рафинирование', '10'),
('1089', 'Футеровка', '10'),
('1090', 'Исправление дефектов литья', '10'),
('21', 'Обработка давлением', NULL),
('2100', 'Обработка давлением', '21'),
('2101', 'Отрезка', '21'),
('2102', 'Разрезка', '21'),
('2103', 'Обрезка', '21'),
('2104', 'Надрезка', '21'),
('2105', 'Пробивка', '21'),
('2106', 'Проколка', '21'),
('2107', 'Отрубка', '21'),
('2108', 'Разрубка', '21'),
('2109', 'Вырубка', '21'),
('2111', 'Надрубка', '21'),
('2112', 'Ломка', '21'),
('2114', 'Высечка', '21'),
('2115', 'Просечка', '21'),
('2121', 'Осадка', '21'),
('2122', 'Высадка', '21'),
('2123', 'Протяжка', '21'),
('2124', 'Разгонка', '21'),
('2125', 'Радиальное обжатие', '21'),
('2126', 'Передача', '21'),
('2127', 'Прошивка', '21'),
('2128', 'Раскатка', '21'),
('2129', 'Гибка', '21'),
('2131', 'Скручивание', '21'),
('2132', 'Закатка', '21'),
('2133', 'Завивка', '21'),
('2134', 'Навивка', '21'),
('2135', 'Вытяжка', '21'),
('2136', 'с утонением', '2135'),
('2137', 'ротационная', '2135'),
('2138', 'Отбортовка', '21'),
('2139', 'Раздача', '21'),
('2141', 'Обжим', '21'),
('2142', 'Рельефная формовка', '21'),
('2143', 'Чеканка', '21'),
('2144', 'Кернение', '21'),
('2145', 'Выдавливание', '21'),
('2147', 'Приглаживание', '21'),
('2148', 'Обкатка', '21'),
('2149', 'Калибровка', '21'),
('2152', 'Волочение', '21'),
('2153', 'Накатка', '21'),
('2154', 'Профилирование', '21'),
('2155', 'Редуцирование', '21'),
('2156', 'Правка', '21'),
('2157', 'Обтяжка', '21'),
('2158', 'Поверхностное пластическое деформирование', '21'),
('2159', 'Подкатка', '21'),
('2160', 'Ковка', '21'),
('2170', 'Штамповка', '21'),
('2171', 'объемная', '2170'),
('2172', 'вальцовкой', '2170'),
('2173', 'листовая', '2170'),
('2175', 'импульсная', '2170'),
('2176', 'взрывная', '2175'),
('2177', 'электрогидравлическая', '2175'),
('2178', 'электромагнитная', '2175'),
('2180', 'эластичными средствами', '2170'),
('2181', 'жидкостью', '2180'),
('2182', 'резиной', '2180'),
('2183', 'полиуретаном', '2180'),
('41', 'Обработка резанием', NULL),
('4100', 'Обработка резанием', '41'),
('4101', 'Агрегатная', '41'),
('4102', 'Автоматно-линейная', '41'),
('4105', 'Резьбонарезная', '41'),
('4107', 'Гайконарезная', '4105'),
('4108', 'Болтонарезная', '4105'),
('4110', 'Токарная', '41'),
('4111', 'Токарно-револьверная', '4110'),
('4112', 'Автоматно токарная', '4110'),
('4113', 'Токарно-карусельная', '4110'),
('4114', 'Токарно-винторезная', '4110'),
('4115', 'Лоботокарная', '4110'),
('4116', 'Токарно-затыловочная', '4110'),
('4117', 'Токарно-копировальная', '4110'),
('4118', 'Специальная токарная', '4110'),
('4119', 'Торцеподрезная-центровальная', '4110'),
('4121', 'Вальцетокарная', '4110'),
('4122', 'Резьботокарная', '4110'),
('4123', 'Токарнобесцентровальная', '4110'),
('4130', 'Шлифовальная', '41'),
('4131', 'Круглошлифовальная', '4130'),
('4132', 'Внутpишлифовальная', '4130'),
('4133', 'Плоскошлифовальная', '4130'),
('4134', 'Бесцентрово-шлифовальная', '4130'),
('4135', 'Реьбошлифовальная', '4130'),
('4136', 'Координатно-шлифовальная', '4130'),
('4137', 'Обдирочно-шлифовальная', '4130'),
('4138', 'Ленточно-шлифовальная', '4130'),
('4139', 'Шлифовально-затыловочная', '4130'),
('4141', 'Шлицешлифовальная', '4130'),
('4142', 'Заточная', '4130'),
('4143', 'Центрошлифовальная', '4130'),
('4144', 'Карусельно-шлифовальная', '4130'),
('4145', 'Торцешлифовальная', '4130'),
('4146', 'Специальная шлифовальная', '4130'),
('4147', 'Вальцешлифовальная', '4130'),
('4150', 'Зубообрабатывающая', '41'),
('4151', 'Зубообрабатывающая', '4150'),
('4152', 'Зубодолбежная', '4150'),
('4153', '3убофрезерная', '4150'),
('4154', 'Зубострогальная', '4150'),
('4155', 'Зубопротяжная', '4150'),
('4156', '3убозакругляющая', '4150'),
('4157', 'Зубошевинговальная', '4150'),
('4158', 'Зубопритирочная', '4150'),
('4159', 'Зубоприрабатывающая', '4150'),
('4161', 'Зубообкатывающая', '4150'),
('4162', 'Специальная зубообрабатывающая', '4150'),
('4163', 'Зубохонинговальная', '4150'),
('4164', 'Зуботокарная', '4150'),
('4165', 'Шлицефрезерная', '4150'),
('4166', 'Шлицестрогальная', '4150'),
('4167', 'Комбинированная', '41'),
('4170', 'Строгальная', '41'),
('4171', 'Продольно-строгальная', '4170'),
('4172', 'Поперечно-строгальная', '4170'),
('4173', 'Специальная строгальная', '4170'),
('4175', 'Долбежная', '41'),
('4180', 'Протяжная', '41'),
('4181', 'Горизонтально-протяжная', '4180'),
('4182', 'Вертикально-протяжная', '4180'),
('4183', 'Специальная протяжная', '4180'),
('4190', 'Отделочная', '41'),
('4192', 'Хонинговальная', '4190'),
('4193', 'Суперфиниширование', '4190'),
('4194', 'Доводочная', '4190'),
('4195', 'Притирочная', '4190'),
('4196', 'Полировальная', '4190'),
('4197', 'Глянцовальная', '4190'),
('42', 'Обработка резанием', NULL),
('4210', 'Сверлильная', '42'),
('4211', 'Сверлильно-центровальная', '4210'),
('4212', 'Радиально-сверлильная', '4210'),
('4213', 'Горизонтально-сверлильная', '4210'),
('4214', 'Вертикально-сверлильная', '4210'),
('4216', 'Координатно-сверлильная', '4210'),
('4220', 'Расточная', '42'),
('4221', 'Горизонтально-расточная', '4220'),
('4222', 'Вертикально-расточная', '4220'),
('4223', 'Координатно-расточная', '4220'),
('4224', 'Алмазно-расточная', '4220'),
('4230', 'Программная', '42'),
('4231', 'Расточная с ЧПУ', '4230'),
('4232', 'Сверлильная с ЧПУ', '4230'),
('4233', 'Токарная с ЧПУ', '4230'),
('4234', 'Фрезерная с ЧПУ', '4230'),
('4236', 'Шлифовальная с ЧПУ', '4230'),
('4237', 'Комплексная на обрабатывающих центрах с ЧПУ', '4230'),
('4260', 'Фрезерная', '42'),
('4261', 'Вертикально-фрезерная', '4260'),
('4262', 'Горизонтально-фрезерная', '4260'),
('4263', 'Продольно-фрезерная', '4260'),
('4264', 'Карусельно-фрезерная', '4260'),
('4265', 'Барабанно-фрезерная', '4260'),
('4267', 'Копировально-фрезерная', '4260'),
('4268', 'Гравировально-фрезерная', '4260'),
('4269', 'Фрезерно-центровальная', '4260'),
('4271', 'Шпоночно-фрезерная', '4260'),
('4272', 'Специальная фрезерная', '4260'),
('4273', 'Универсально-фрезерная', '4260'),
('4274', 'Резьбофрезерная', '4260'),
('4280', 'Отрезная', '42'),
('4281', 'Ножовочно-отрезная', '4280'),
('4282', 'Ленточно (проволочно)-отрезная', '4280'),
('4283', 'Алмазно-отрезая', '4280'),
('4284', 'Токарно-отрезная', '4280'),
('4285', 'Пило-oтрезная', '4280'),
('4286', 'Фрезерно-отрезная', '4280'),
('4287', 'Абразивно-отрезная', '4280'),
('50', 'Термическая обработка (Собственно термическая обработка)', NULL),
('5000', 'Термическая обработка', '50'),
('5010', 'Отжиг', '50'),
('5011', 'без фазовых превращений гомогенизационный', '5010'),
('5012', 'без фазовых превращений увеличивающий зерно', '5010'),
('5014', 'без фазовых превращений графитизирующий', '5010'),
('5015', 'без фазовых превращений релаксационный (уменьшающий напряжение)', '5010'),
('5016', 'без фазовых превращений промежуточный на возврат', '5010'),
('5017', 'рекристаллизационный полный', '5010'),
('5018', 'рекристаллизационный неполный', '5010'),
('5019', 'дорекристаллизационный упрочняющий', '5010'),
('5021', 'дорекристаллизационный смягчающий на отдых', '5010'),
('5022', 'дорекристаллизационный смягчающий на возврат', '5010'),
('5023', 'с фазовыми превращениями полный гетерогенизирующий', '5010'),
('5024', 'с фазовыми превращениями полный гомогенизирующий', '5010'),
('5025', 'с фазовыми превращениями изотермический', '5010'),
('5026', 'с фазовыми превращениями неполный гетерогенизирующий', '5010'),
('5027', 'с фазовыми превращениями неполный гомогенизирующий', '5010'),
('5028', 'с фазовыми превращениями сфероидизирующий', '5010'),
('5029', 'с фазовыми превращениями нормализационный', '5010'),
('5030', 'Закалка', '50'),
('5031', 'общая непрерывная в одной среде', '5030'),
('5032', 'общая непрерывная возврат после старения', '5030'),
('5033', 'общая прерывистая', '5030'),
('5034', 'в двух средах', '5033'),
('5035', 'многократная', '5033'),
('5036', 'с обработкой холодом', '5033'),
('5037', 'программированная', '5033'),
('5038', 'ступенчатая', '5033'),
('5039', 'изотермическая', '5033'),
('5041', 'изотермическая с подстуживанием', '5033'),
('5042', 'от субкритических температур', '5030'),
('5043', 'местная объемная', '5030'),
('5044', 'местная поверхностная', '5030'),
('5045', 'Термоциклическая обработка (ТЦО)', '50'),
('5050', 'Отпуск', '50'),
('5051', 'высокий', '5050'),
('5052', 'средний', '5050'),
('5053', 'вязкий', '5050'),
('5054', 'упрочняющий', '5050'),
('5056', 'смягчающий', '5050'),
('5057', 'ступенчатый', '5050'),
('5060', 'Старение', '50'),
('5061', 'естественное (без нагрева)', '5060'),
('5062', 'искусственное (упрочняющее) полное', '5060'),
('5063', 'искусственное (упрочняющее) неполное', '5060'),
('5064', 'искусственное (упрочняющее) без предварительной закалки', '5060'),
('5066', 'смягчающее (перестраивание)', '5060'),
('5067', 'ступенчатое', '5060'),
('5068', 'стабилизирующее', '5060'),
('51', 'Термическая обработка (Химико-термическая обработка)', NULL),
('5110', 'Диффузионное насыщение металлами', '51'),
('5111', 'простое (одноэлементное, одностадийное)', '5110'),
('5112', 'комплексное (двухкомпонентное, двухстадийное)', '5110'),
('5113', 'комплексное сложное', '5110'),
('5120', 'Диффузионное насыщение неметаллами', '51'),
('5121', 'простое (одноэлементное, одностадийное)', '5120'),
('5122', 'комплексное (двухкомпонентное, двухстадийное', '5120'),
('5123', 'комплексное сложное', '5120'),
('5130', 'Диффузионное совместное насыщение металлами и неметаллами', '51'),
('5135', 'Диффузионное удаление примесей', '51'),
('5136', 'простое', '5135'),
('5137', 'комплексное', '5135'),
('5140', 'Термо-механическая обработка (ТМО)', '51'),
('5141', 'предварительная (ПТМО)', '5140'),
('5142', 'высокотемпературная (ВТМО)', '5140'),
('5143', 'низкотемпературная  (НТМО)', '5140'),
('5144', 'высокотемпературная изотермическая (ВТМИзо)', '5140'),
('5146', 'низкотемпературная изотермическая (НТМИэо)', '5140'),
('5147', 'высоко-низкотемпературная (ВНТМО)', '5140'),
('5148', 'предварительная поверхностная (ПТМПО)', '5140'),
('5149', 'высокотемпературная поверхностная (ВТМПО)', '5140'),
('5151', 'контролируемая прокатка', '5140'),
('5152', 'изоформинг', '5140'),
('5153', 'термоэлектрохимическая', '5140'),
('5154', 'деформационное старение', '5140'),
('5156', 'электротермомеханическая', '5140'),
('5157', 'термомагнитная', '5140'),
('5161', 'Вжигание', '51'),
('5162', 'Осаждение пленки', '51'),
('5163', 'Ионная имплантация', '51'),
('5164', 'Наращивание эпитаксиального слоя', '51'),
('5166', 'Наращивание поликремния', '51'),
('5167', 'Сплавление', '51'),
('5168', 'Обжиг', '51'),
('55', 'Фотохимико-физическая обработка', NULL),
('5500', 'Фотохимико-физическая обработка', '55'),
('5510', 'Изготовление оригинала', '55'),
('5511', 'пересчетом таблицы координат', '5510'),
('5512', 'вырезанием', '5510'),
('5513', 'на автоматическом координатографе', '5512'),
('5514', 'на координатографе в режиме ручного ввода информации', '5512'),
('5515', 'фотонабором', '5510'),
('5516', 'аппликацией', '5510'),
('5517', 'комбинированным способом', '5510'),
('5520', 'Изготовление фотошаблонов', '55'),
('5521', 'Съемка репродукционной камерой', '5520'),
('5522', 'Обработка фотоматериалов', '5520'),
('5523', 'Фотопечать', '5520'),
('5524', 'Ретуширование', '5520'),
('5525', 'Мультиплицирование', '5520'),
('5526', 'Изготовление промежуточного фотошаблона', '5520'),
('5527', 'Изготовление копий промежуточного фотошаблона', '5520'),
('5528', 'Изготовление эталонного фотошаблона', '5520'),
('5529', 'Изготовление рабочего фотошаблона', '5520'),
('5540', 'Фотолитография', '55'),
('5541', 'Экспонирование', '5540'),
('5542', 'контактное', '5541'),
('5543', 'бесконтактное (проекционное)', '5541'),
('5544', 'совмещенное', '5541'),
('5545', 'Проявление', '5540'),
('5546', 'Задубливание (полимеризация), фиксирование', '5540'),
('5547', 'Сенсибилизация', '5540'),
('60', 'Формообразование из полимерных материалов, керамики, стекла и резины', NULL),
('6000', 'Формообразование из полимерных материалов, керамики, стекла и резины', '60'),
('6009', 'Смешивание', '60'),
('6011', 'Окрашивание', '60'),
('6012', 'Дробление', '60'),
('6013', 'Гранулирование', '60'),
('6014', 'Таблетирование', '60'),
('6015', 'Жгутирование', '60'),
('6016', 'Шприцевание', '60'),
('6017', 'Набор пакета', '60'),
('6020', 'Прессование', '60'),
('6021', 'прямое', '6020'),
('6022', 'литьевое', '6020'),
('6023', 'с декорированием', '6020'),
('6030', 'Литье', '60'),
('6031', 'под давлением термопластов', '6030'),
('6032', 'под давлением реактопластов', '6030'),
('6033', 'под давлением со вспениванием физическим', '6030'),
('6034', 'под давлением со вспениванием химическим', '6030'),
('6036', 'многокомпонентное', '6030'),
('6037', 'центробежное', '6030'),
('6040', 'Вспенивание', '60'),
('6041', 'прессовое', '6040'),
('6042', 'беспрессовое', '6040'),
('6050', 'Экструзия', '60'),
('6051', 'заготовок', '6050'),
('6052', 'с непрерывным калиброванием', '6050'),
('6053', 'с непрерывным раздувом', '6050'),
('6056', 'Соэкструзия', '60'),
('6057', 'Интрузия', '60'),
('6060', 'Формование', '60'),
('6061', 'герметичной эластичной упаковкой', '6060'),
('6062', 'пуансоном и матрицей', '6060'),
('6063', 'на оправке', '6060'),
('6064', 'контактное', '6060'),
('6065', 'протяжным кольцом', '6060'),
('6066', 'термовакуумное', '6060'),
('6067', 'термопневматическое', '6060'),
('6068', 'комбинированное', '6060'),
('6069', 'экструзионно-раздувное', '6060'),
('6073', 'Армирование', '60'),
('6074', 'Термоштампование', '60'),
('6076', 'Дублирование', '60'),
('6077', 'Ламинирование', '60'),
('6078', 'Каландрирование', '60'),
('6079', 'Вальцевание', '60'),
('6081', 'Тиснение', '60'),
('6082', 'Спекание', '60'),
('6083', 'Растяжение', '60'),
('6084', 'Стерилизация', '60'),
('6085', 'Вулканизация', '60'),
('6086', 'горячая в прессах', '6085'),
('6087', 'горячая в автоклав-прессах', '6085'),
('6088', 'горячая на открытом вoздухе', '6085'),
('6089', 'холодная радиационная', '6085'),
('6090', 'Гуммирование', '60'),
('6091', 'горячее', '6090'),
('6092', 'холодное', '6090'),
('6093', 'Желатинирование', '60'),
('6094', 'Прорезинивание', '60'),
('6095', 'Девулканизация', '60'),
('6096', 'в прессах', '6095'),
('6097', 'радиационная', '6095'),
('6098', 'Пластикация каучука', '60'),
('6099', 'Выдувание', '60'),
('65', 'Порошковая металлургия', NULL),
('6500', 'Порошковая металлургия', '65'),
('6530', 'Формование порошков', '65'),
('6531', 'с приложением статического давления без нагрева прессованием без оболочки', '6530'),
('6532', 'с приложением статического давления без нагрева прессованием в оболочке', '6530'),
('6533', 'с приложением статического давления без нагрева прокаткой без оболочки', '6530'),
('6534', 'с приложением статического давления без нагрева прокаткой в оболочке', '6530'),
('6535', 'с приложением статического давления без нагрева протяжкой без оболочки', '6530'),
('6536', 'с приложением статического давления без нагрева протяжкой в оболочке', '6530'),
('6537', 'с приложением статического давления без нагрева выдавливанием без оболочки', '6530'),
('6539', 'с приложением статического давления с нагревом прессованием в оболочке', '6530'),
('6541', 'с приложением статического давления с нагревом прокаткой без оболочки', '6530'),
('6542', 'с приложением статического давления с нагревом прокаткой в оболочке', '6530'),
('6544', 'с приложением статического давления с нагревом выдавливанием в оболочке', '6530'),
('6545', 'с приложением динамического давления без нагрева прессованием без оболочки', '6530'),
('6546', 'с приложением динамического давления без нагрева прессованием в оболочке', '6530'),
('6548', 'с приложением динамического давления с нагревом прессованием в оболочке', '6530'),
('6551', 'с приложением динамического давления с нагревом выдавливанием в оболочке', '6530'),
('6552', 'с приложением динамического давления с нагревом ковкой в оболочке', '6530'),
('6553', 'с приложением циклического давления без нагрева прессованием без оболочки', '6530'),
('6554', 'с приложением циклического давления с нагревом прессованием без оболочки', '6530'),
('6555', 'Формование без нагрева под воздействием вибрации', '6530'),
('6556', 'Формование без нагрева и приложения давления пластифицированных масс', '6530'),
('6557', 'Формование без нагрева и приложения давления свободно насыпного порошка', '6530'),
('6558', 'Формование без нагрева и приложения давления шликера', '6530'),
('6560', 'Уплотнением порошковых формовок', '6530'),
('6561', 'с приложением статического давления без нагрева прессованием без оболочки', '6530'),
('6562', 'с приложением статического давления без нагрева прессованием в оболочке', '6530'),
('6563', 'с приложением статического давления без нагрева прокаткой без оболочки', '6530'),
('6564', 'с приложением статического давления без нагрева прокаткой в оболочке', '6530'),
('6565', 'с приложением статического давления без нагрева выдавливанием без оболочки', '6530'),
('6566', 'с приложением статического давления без нагрева выдавливанием в оболочке', '6530'),
('6567', 'с приложением статического давления с нагревом прессованием без оболочки', '6530'),
('6568', 'с приложением статического давления с нагревом прессованием в оболочке', '6530'),
('6569', 'с приложением статического давления с нагревом прокаткой в оболочке', '6530'),
('6571', 'с приложением статического давления с нагревом выдавливанием в оболочке', '6530'),
('6572', 'с приложением динамического давления без нагрева прессованием без оболочки', '6530'),
('6573', 'с приложением динамического давления без нагрева прессованием в оболочке', '6530'),
('6574', 'с приложением динамического давления с нагревом прессованием без оболочки', '6530'),
('6575', 'с приложением динамического давления с нагревом прессованием в оболочке', '6530'),
('6576', 'с приложением динамического давления с нагревом выдавливанием в оболочке', '6530'),
('6577', 'с приложением динамического давления с нагревом ковкой в оболочке', '6530'),
('6578', 'с приложением циклического давления с нагревом прессованием без оболочки', '6530'),
('6580', 'Спекание порошковых формовок', '6530'),
('6581', 'при низком давлении (в вакууме) защитной (газовой) среды неактивированное', '6580'),
('6582', 'при низком давлении (в вакууме) защитной (газовой) среды активированное с введением активирующих факторов в порошковую формовку', '6580'),
('6583', 'при низком давлении (в вакууме) защитной (газовой) среды активированное с приложением к порошковой формовке давления статического', '6582'),
('6584', 'при низком давлении (в вакууме) защитной (газовой) среды активированное с приложением к порошковой формовке давления циклического', '6582'),
('6585', 'при низком давлении (в вакууме) защитной (газовой) среды активированное с циклическим изменением температуры', '6581'),
('6586', 'при низком давлении (в вакууме) защитной (газовой) среды активированное с инфильтрацией', '6581'),
('6587', 'при нормальном давлении защитной (газовой, сыпучей, жидкой среды) неактивированное', '6580'),
('6588', 'при нормальном давлении защитной (газовой, сыпучей, жидкой среды) активированное с введением активирующих факторов в защитную среду', '6580'),
('6589', 'при нормальном давлении защитной (газовой, сыпучей, жидкой среды) активированное с введением активирующих факторов в порошковую формовку', '6580'),
('6591', 'при нормальном давлении защитной (газовой, сыпучей, жидкой среды) активированное с приложением к порошковой формовке давления статического', '6580'),
('6592', 'при нормальном давлении защитной (газовой, сыпучей, жидкой среды) активированное с приложением к порошковой формовке давления циклического', '6580'),
('6593', 'при нормальном давлении защитной (газовой, сыпучей, жидкой среды) активированное с циклическим изменением температуры', '6580'),
('6594', 'при нормальном давлении защитной (газовой, сыпучей, жидкой среды) активированное с инфильтрацией', '6580'),
('6595', 'при высоком давлении защитной (газовой, сыпучей, жидкой) среды неактивированное', '6580'),
('6596', 'при высоком давлении защитной (газовой, сыпучей, жидкой) среды активированное с введением активирующих факторов в защитную среду', '6580'),
('6597', 'при высоком давлении защитной (газовой, сыпучей, жидкой) среды активированное с введением активирующих факторов в порошковую формовку', '6580'),
('6598', 'при высоком давлении защитной (газовой, сыпучей, жидкой) среды активированное с циклическим изменением температуры', '6580'),
('71', 'Получение покрытий (металлических и неметаллических неорганических)', NULL),
('7100', 'Получение покрытий', '71'),
('7101', 'Крацевание', '71'),
('7102', 'Сатинирование химическое', '71'),
('7103', 'Сатинирование электрохимическое', '7102'),
('7104', 'Эмалирование, глазурование', '71'),
('7105', 'Тонирование химическое', '71'),
('7106', 'Тонирование электрохимическое', '7105'),
('7107', 'Матирование', '71'),
('7108', 'Осветление', '71'),
('7109', 'Хроматирование', '71'),
('7110', 'Металлизация', '71'),
('7111', 'газотермическая пламенная', '7110'),
('7112', 'газотермическая электродуговая', '7110'),
('7113', 'газотермическая плазменная', '7110'),
('7114', 'газотермическая детонационная', '7110'),
('7115', 'газотермическая высокочастотная', '7110'),
('7116', 'конденсационная (вакуумная) катодная', '7110'),
('7117', 'конденсационная (вакуумная) термическая', '7110'),
('7118', 'конденсационная (вакуумная) ионная', '7110'),
('7119', 'Нейтрализация', '71'),
('7121', 'Золочение химическое', '71'),
('7122', 'Золочение электрохимическое', '71'),
('7123', 'Амальгамирование', '71'),
('7124', 'Восстановление катодное', '71'),
('7125', 'Плакирование', '71'),
('7126', 'Активация химическая', '71'),
('7127', 'Активация электрохимическая', '71'),
('7128', 'Наполнение покрытия в воде', '71'),
('7129', 'Наполнение покрытия в растворе красителя', '71'),
('7131', 'Гидрофобизирование покрытия', '71'),
('7132', 'Оплавление покрытия', '71'),
('7133', 'Алюминирование металлизационное', '71'),
('7134', 'Алюминирование электрохимическое', '71'),
('7135', 'Пассивирование', '71'),
('7136', 'Фосфатирование химическое', '71'),
('7137', 'Фосфатирование электрохимическое', '71'),
('7139', 'Флюсование', '71'),
('7141', 'Окисление химическое', '71'),
('7142', 'Окисление электрохимическое', '71'),
('7143', 'Окисление термическое', '71'),
('7144', 'Эмалирование', '71'),
('7145', 'Железнение электрохимическое', '71'),
('7146', 'Железнение металлизационное', '71'),
('7147', 'Индирование', '71'),
('7148', 'Кадмирование электрохимическое', '71'),
('7149', 'Кадмирование металлизационное', '71'),
('7151', 'Оловянирование металлизационное', '71'),
('7152', 'Оловянирование химическое', '71'),
('7153', 'Оловянирование электрохимическое', '71'),
('7154', 'Оловянирование горячее', '71'),
('7155', 'Меднение химическое', '71'),
('7156', 'Меднение электрохимическое', '71'),
('7157', 'Меднение металлизационное', '71'),
('7158', 'Родирование', '71'),
('7159', 'Палладирование химическое', '71'),
('7161', 'Палладирование электрохимическое', '71'),
('7162', 'Платинирование', '71'),
('7163', 'Никелерование химическое', '71'),
('7164', 'Никелерование электрохимическое', '71'),
('7165', 'Свинцевание химическое', '71'),
('7166', 'Свинцевание электрохимическое', '71'),
('7167', 'Свинцевание горячее', '71'),
('7168', 'Свинцевание металлизационное', '71'),
('7169', 'Серебрение химическое', '71'),
('7171', 'Серебрение электрохимическое', '71'),
('7172', 'Хромирование', '71'),
('7173', 'Цинкование химическое', '71'),
('7174', 'Цинкование электрохимическое', '71'),
('7175', 'Цинкование горячее', '71'),
('7176', 'Цинкование металлизационное', '71'),
('7180', 'Получение покрытия сплавами', '71'),
('73', 'Получение покрытий органических (лакокрасочных)', NULL),
('7300', 'Получение покрытий органических (лакокрасочных)', '73'),
('7301', 'Преобразование ржавчины распылением', '73'),
('7302', 'Преобразование ржавчины кистью, тампоном', '73'),
('7303', 'Порозаполнение древесины', '73'),
('7304', 'Крашение древесины', '73'),
('7310', 'Грунтование', '73'),
('7311', 'распылением пневматическим', '7310'),
('7312', 'распылением безвоздушным', '7310'),
('7313', 'распылением электростатическим', '7310'),
('7314', 'распылением пневмоэлектростатическим', '7310'),
('7315', 'распылением безвоздушным электростатическим', '7310'),
('7325', 'распылением аэрозольным', '7310'),
('7326', 'распылением центробежным', '7310'),
('7327', 'распылением ультразвуковым', '7310'),
('7328', 'окунанием без выдержки в парах растворителя', '7310'),
('7329', 'окунанием с выдержкой в парах растворителя', '7310'),
('7331', 'электроосаждением анодным', '7310'),
('7332', 'электроосаждением катодным', '7310'),
('7333', 'наливом, обливом', '7310'),
('7334', 'струйным обливом без выдержки в парах растворителя', '7310'),
('7335', 'струйным обливом с выдержкой в парах растворителя', '7310'),
('7336', 'в барабанах, центрифугах', '7310'),
('7337', 'кистью, валиком, тампоном и др.', '7310'),
('7338', 'валками', '7310'),
('7339', 'автоосаждением', '7310'),
('7340', 'Подгрунтовывание', '73'),
('7341', 'кистью, валиком, тампоном и др.', '7340'),
('7342', 'распылением', '7340'),
('7350', 'Шпатлевание', '73'),
('7351', 'шпатлевание', '7350'),
('7352', 'шпатлевание', '7350'),
('7356', 'Получение выявительного слоя', '73'),
('7360', 'Окрашивание', '73'),
('7361', 'распылением пневматическим', '7360'),
('7362', 'распылением воздушным', '7360'),
('7363', 'распылением электростатическим', '7360'),
('7364', 'распылением пневмоэлектростатическим', '7360'),
('7366', 'распылением безвоздушным электростатическим', '7360'),
('7367', 'распылением аэрозольным', '7360'),
('7368', 'распылением ультразвуковым', '7360'),
('7369', 'окунанием без выдержки в парах растворителя', '7360'),
('7371', 'окунанием с выдержкой в парах растворителя', '7360'),
('7372', 'электроосаждением анодным', '7360'),
('7373', 'электроосаждением катодным', '7360'),
('7374', 'автоосаждением', '7360'),
('7375', 'обливом, наливом', '7360'),
('7376', 'валками', '7360'),
('7377', 'в барабанах, центрифугах', '7360'),
('7378', 'кистью, валиком, тампоном, иглой и др.', '7360'),
('7379', 'струйным обливом без выдержки в парах растворителя', '7360'),
('7381', 'струйным обливом с выдержкой в парах растворителя', '7360'),
('7382', 'в псевдоожиженном слое', '7360'),
('7385', 'Подкрашивание', '73'),
('7386', 'кистью, валиком, тампоном, иглой и др.', '7385'),
('7387', 'распылением', '7385'),
('74', 'Получение покрытий органических (лакокрасочных)', NULL),
('7410', 'Лакирование', '74'),
('7411', 'распылением пневматическим', '7410'),
('7412', 'распылением безвоздушным', '7410'),
('7413', 'распылением электростатическим', '7410'),
('7414', 'распылением пневмоэлектростатическим', '7410'),
('7415', 'распылением безвоздушным электростатическим', '7410'),
('7416', 'распылением аэрозольным', '7410'),
('7417', 'распылением центробежным', '7410'),
('7418', 'распылением ультразвуковым', '7410'),
('7419', 'окунанием без выдержки в парах растворителя', '7410'),
('7421', 'окунанием с выдержкой в парах растворителя', '7410'),
('7422', 'электроосаждением катодным', '7410'),
('7423', 'электроосаждением анодным', '7410'),
('7424', 'наливом, обливом', '7410'),
('7425', 'валками', '7410'),
('7426', 'в барабанах центрифугах', '7410'),
('7427', 'кистью, валиком, тампоном и др.', '7410'),
('7428', 'автоосаждением', '7410'),
('7429', 'струйным обливом без выдержки в парах растворителя', '7410'),
('7431', 'струйным обливом с выдержкой в парах растворителя', '7410'),
('7432', 'в псевдоожиженном слое', '7410'),
('7433', 'Разравнивание', '74'),
('7439', 'Загрубление', '74'),
('7440', 'Напыление', '74'),
('7441', 'в псевдоожиженном слое', '7440'),
('7442', 'электростатическое', '7440'),
('7443', 'струйное', '7440'),
('7444', 'газопламенное', '7440'),
('7445', 'плазменное', '7440'),
('7446', 'вакуумное', '7440'),
('7447', 'Насыпание', '74'),
('7450', 'Нанесение рисунка и надписей (в том числе имитация текстуры древесины, кожи, камня, ткани)', '74'),
('7451', 'декалькоманией', '7450'),
('7452', 'синтетическими материалами', '7450'),
('7453', 'печатанием', '7450'),
('7454', 'аэрографией', '7450'),
('7456', 'шелкографией', '7450'),
('7457', 'по трафарету', '7450'),
('7458', 'Облицовывание', '74'),
('75', 'Электрофизическая, электрохимическая и радиационная обработка', NULL),
('7500', 'Электрофизическая, электрохимическая и радиационная обработка', '75'),
('7501', 'Копировально-прошивочная электрофизическая электроэрозионная', '75'),
('7502', 'Копировально-прошивочная электромеханическая электромеханическая ультразвуковая', '75'),
('7503', 'Копировально-прошивочная электрохимическая', '75'),
('7504', 'Копировально-прошивочная комбинированная электроэрозионно-химическая', '75');
INSERT INTO `operations` (`code`, `name`, `operation_code`) VALUES
('7505', 'Прошивочная электрофизическая лучевая лазерная', '75'),
('7506', 'Прошивочная электрофизическая лучевая электроннолучевая', '75'),
('7507', 'Прошивочная электрофизическая электромеханическая ультразвуковая', '75'),
('7509', 'Профильно-вырезная электрофизическая электроэрозионная электроискровая проволочным электродом', '75'),
('7511', 'Профильно-вырезная электрофизическая электроэрозионная электроискровая дисковым электродом', '75'),
('7512', 'Профильно-вырезная лучевая лазерная', '75'),
('7513', 'Профильно-вырезная лучевая электроннолучевая', '75'),
('7514', 'Профильно-вырезная электромеханическая ультразвуковая', '75'),
('7515', 'Профильно-вырезная электрохимическая', '75'),
('7516', 'Профильно-вырезная комбинированная электроэрозионно-химическая', '75'),
('7519', 'Отрезная электрофизическая электроэрозионная электроискровая проволочным электродом', '75'),
('7521', 'Отрезная электрофизическая электроэрозионная электроискровая дисковым электродом', '75'),
('7523', 'Отрезная электрофизическая лучевая лазерная', '75'),
('7524', 'Отрезная электрофизическая электромеханическая ультразвуковая', '75'),
('7525', 'Отрезная плазменная', '75'),
('7526', 'Отрезная электрохимическая размерная анодно-механическая дисковым электродом', '75'),
('7527', 'Отрезная электрохимическая размерная анодно-механическая дисковым электродом', '75'),
('7529', 'Заточная электрохимическая размерная анодно-механическая абразивная', '75'),
('7531', 'Заточная электрохимическая размерная анодно-механическая алмазная', '75'),
('7535', 'Расточная электрофизическая электроэрозионная', '75'),
('7536', 'Расточная электромеханическая ультразвуковая', '75'),
('7541', 'Плоскошлифовальная электрофизическая электроэрозионная', '75'),
('7542', 'Плоскошлифовальная электрохимическая размерная анодно-механическая абразивная', '75'),
('7543', 'Плоскошлифовальная электрохимическая размерная анодно-механическая алмазная', '75'),
('7545', 'Круглошлифовальная электрохимическая размерная анодно-механическая абразивная', '75'),
('7546', 'Круглошлифовальная электрохимическая размерная анодно-механическая алмазная', '75'),
('7548', 'Круглошлифовальная электрофизическая электроэрозионная', '75'),
('7555', 'Гравировальная электрохимическая', '75'),
('7556', 'Гравировальная электрофизическая электроэрозионная', '75'),
('7557', 'Гравировальная электрофизическая электромеханическая ультразвуковая', '75'),
('7558', 'Гравировальная комбинированная электрофотохимическая', '75'),
('7561', 'Отделочно-зачистная электрохимическая', '75'),
('7562', 'Отделочно-зачистная электрофизическая электромеханическая ультразвуковая', '75'),
('7565', 'Доводочная электрохимическая', '75'),
('7566', 'Доводочная электрофизическая электромеханическая ультразвуковая', '75'),
('7571', 'Упрочняюще-легирующая электрофизическая электроэрозионная', '75'),
('7572', 'Упрочняюще-легирующая электрофизическая лучевая лазерная', '75'),
('7573', 'Упрочняюще-легирующая электрофизическая лучевая электроннолучевая', '75'),
('7576', 'Резьбонарезная электрофизическая электроэрозионная', '75'),
('7577', 'Резьбонарезная электрофизическая электромеханическая ультразвуковая', '75'),
('7578', 'Обработка ионизирующим излучением', '75'),
('7579', 'Обработка терморадиационная', '75'),
('7581', 'Обработка радиационная', '75'),
('80', 'Пайка', NULL),
('8000', 'Пайка', '80'),
('8006', 'Ограничение растекания припоя', '80'),
('8010', 'Пайка готовым припоем', '80'),
('8011', 'флюсовая тепловым контактом (паяльником, нагретым газом, нагревательными матами)', '8010'),
('8012', 'флюсовая газопламенная', '8010'),
('8013', 'флюсовая индукционная', '8010'),
('8014', 'флюсовая в печи', '8010'),
('8015', 'флюсовая электросопротивлением', '8010'),
('8016', 'флюсовая дуговая', '8010'),
('8017', 'флюсовая экзотермическая', '8010'),
('8018', 'флюсовая волной припоя', '8010'),
('8019', 'флюсовая погружением в расплавленный припой', '8010'),
('8021', 'флюсовая в расплавленную соль', '8010'),
('8022', 'флюсовая плазменная', '8010'),
('8035', 'в нейтральной газовой среде в печи', '8010'),
('8036', 'в нейтральной газовой среде индукционная', '8010'),
('8037', 'в нейтральной газовой среде радиационная (световыми лучами, инфракрасными лучами, лазерная)', '8010'),
('8038', 'в активной газовой среде в печи', '8010'),
('8039', 'в активной газовой среде индукционная', '8010'),
('8041', 'в активной газовой среде радиационная (световыми лучами, инфракрасными лучами, лазерная)', '8010'),
('8042', 'в вакууме в печи', '8010'),
('8043', 'в вакууме индукционная', '8010'),
('8044', 'в вакууме радиационная (световыми лучами, инфракрасными лучами, лазерная)', '8010'),
('8045', 'в вакууме электроннолучевая', '8010'),
('8046', 'в вакууме тлеющим разрядом', '8010'),
('8050', 'Контактно-реактивная пайка', '80'),
('8051', 'в нейтральной газовой среде в печи', '8050'),
('8052', 'в нейтральной газовой среде индукционная', '8050'),
('8053', 'в нейтральной газовой среде радиационная (световыми лучами, инфракрасными лучами, лазерная)', '8050'),
('8054', 'в активной газовой среде в печи', '8050'),
('8055', 'в активной газовой среде индукционная', '8050'),
('8056', 'в активной газовой среде радиационная (световыми лучами, инфракрасными лучами, лазерная)', '8050'),
('8057', 'в вакууме в печи', '8050'),
('8058', 'в вакууме индукционная', '8050'),
('8059', 'в вакууме радиационная (световыми лучами, инфракрасными лучами, лазерная)', '8050'),
('8061', 'в вакууме электроннолучевая', '8050'),
('8062', 'в вакууме тлеющим разрядом', '8050'),
('8070', 'Реактивно-флюсовая пайка', '80'),
('8071', 'в печи', '8070'),
('8072', 'газопламенная', '8070'),
('8073', 'погружением в расплавленный флюс', '8070'),
('8074', 'экзотермическая', '8070'),
('8077', 'Электролитная пайка', '80'),
('81', 'Пайка', NULL),
('8110', 'Пайкосварка', '81'),
('8111', 'флюсовая газопламенная', '8110'),
('8112', 'флюсовая дуговая', '8110'),
('8120', 'Сваркопайка', '81'),
('8121', 'флюсовая газопламенная', '8120'),
('8122', 'флюсовая дуговая', '8120'),
('8123', 'в нейтральной газовой среде дуговая', '8120'),
('8130', 'Комбинированная пайка', '81'),
('8131', 'диффузионная контактно-реактивная в печи в газовой среде в нейтральной', '8130'),
('8132', 'диффузионная контактно-реактивная в печи в газовой среде в активной', '8130'),
('8133', 'диффузионная контактно-реактивная в печи в вакууме', '8130'),
('8134', 'диффузионная готовым припоем в печи в газовой среде в нейтральной', '8130'),
('8135', 'диффузионная готовым припоем в печи в газовой среде в активной', '8130'),
('8136', 'диффузионная готовым припоем в печи в вакууме', '8130'),
('8141', 'диффузионная контактно-реактивная электронно-лучевая в вакууме', '8130'),
('8142', 'диффузионная готовым припоем электронно-лучевая в вакууме', '8130'),
('8160', 'Лужение', '81'),
('8161', 'абразивное паяльником', '8160'),
('8162', 'абразивное газопламенное', '8160'),
('8163', 'абразивно-кристаллическое паяльником', '8160'),
('8164', 'абразивно-кристаллическое газопламенное', '8160'),
('8165', 'абразивно-кавитационное погружением в расплавленный припой', '8160'),
('8167', 'ультразвуковое паяльником', '8160'),
('8168', 'ультразвуковое погружением в расплавленный припой', '8160'),
('8171', 'флюсовое паяльником', '8160'),
('8172', 'флюсовое газопламенное', '8160'),
('8173', 'флюсовое в печи', '8160'),
('8174', 'флюсовое погружением в расплавленный припой', '8160'),
('85', 'Электромонтаж', NULL),
('8500', 'Электромонтаж', '85'),
('8501', 'Регулировка, настройка, юстировка', '85'),
('8502', 'Бахромирование', '85'),
('8504', 'Разделка провода, кабеля, жилы', '85'),
('8505', 'Раскладка провода, кабеля', '85'),
('8508', 'Бандажирование', '85'),
('8509', 'Плетение', '85'),
('8511', 'Свивание, скручивание', '85'),
('8512', 'Мерная резка', '85'),
('8521', 'Протягивание провода, кабеля, жгута', '85'),
('8522', 'Размотка провода, кабеля', '85'),
('8531', 'Формовка выводов электрорадиоэлементов', '85'),
('8535', 'Намотка, перемотка', '85'),
('8536', 'каркасная', '8535'),
('8537', 'бескаркасная', '8535'),
('8551', 'Вощение шпагата', '85'),
('8552', 'Экранирование', '85'),
('88', 'Сборка', NULL),
('8800', 'Сборка', '88'),
('8801', 'Базирование', '88'),
('8803', 'Балансировка', '88'),
('8821', 'Стопорение', '88'),
('8822', 'Штифтование', '88'),
('8823', 'Запрессовывание', '88'),
('8824', 'Контровка', '88'),
('8831', 'Свинчивание', '88'),
('8832', 'Застегивание', '88'),
('8841', 'Клепка', '88'),
('8842', 'Развальцовка', '88'),
('8843', 'Фальцевание', '88'),
('8844', 'Накручивание', '88'),
('8846', 'Склеивание', '88'),
('8847', 'Сшивание', '88'),
('8848', 'Сколачивание', '88'),
('8849', 'Центрирование', '88'),
('8851', 'Шплинтование', '88'),
('8852', 'Распрессовывание', '88'),
('8853', 'Расштифтовывание', '88'),
('8854', 'Расшплинтовывание', '88'),
('8856', 'Рязвинчивание', '88'),
('8857', 'Расстегивание', '88'),
('8858', 'Монтаж', '88'),
('8859', 'Демонтаж', '88'),
('8861', 'Разборка', '88'),
('8862', 'Сборочно-подготовительная', '88'),
('8863', 'Сборочно-монтажная', '88'),
('8864', 'Слесарно-сборочная', '88'),
('8866', 'Приклеивание', '88'),
('8867', 'Отклеивание', '88'),
('8870', 'Сборка и монтаж изделий электронной техники (ИЭТ)', '88'),
('8871', 'Сборка корпуса', '8870'),
('8872', 'Сборка блока арматуры', '8870'),
('8873', 'Монтаж ножки собранной', '8870'),
('8874', 'Монтаж блока арматуры на ножку', '8870'),
('8876', 'Монтаж блока арматуры (кристалла) на ножку', '8870'),
('8877', 'Монтаж  кристалла в корпус', '8870'),
('8878', 'Монтаж комплектующих изделий', '8870'),
('8879', 'Загрузка кассет комплектующими изделиями', '8870'),
('8881', 'Присоединение выводов', '8870'),
('8882', 'Распайка и «тару-спутник»', '8870'),
('90', 'Сварка', NULL),
('9000', 'Сварка', '90'),
('9001', 'Индукционно-прессовая сварка', '90'),
('9002', 'Газопрессовая сварка', '90'),
('9003', 'Термокомпрессионная сварка', '90'),
('9004', 'Дугопрессовая сварка', '90'),
('9005', 'Шлакопрессовая сварка', '90'),
('9006', 'Термитно-прессовая сварка', '90'),
('9007', 'Печная сварка', '90'),
('9010', 'Контактная сварка', '90'),
('9011', 'точечная', '9010'),
('9012', 'шовная', '9010'),
('9013', 'стыковая', '9010'),
('9014', 'рельефная', '9010'),
('9015', 'шовно-стыковая', '9010'),
('9020', 'Диффузионная сварка', '90'),
('9021', 'в инертных газах', '9020'),
('9022', 'в активных газах', '9020'),
('9023', 'в вакууме', '9020'),
('9025', 'Световая сварка', '90'),
('9026', 'лазерная', '9025'),
('9027', 'энергией лучей оптического диапазона', '9025'),
('9028', 'инфракрасным излучением', '9025'),
('9030', 'Дуговая сварка', '90'),
('9031', 'покрытым электродом', '9030'),
('9032', 'пучком покрытых электродов', '9030'),
('9033', 'самозащитной проволокой', '9030'),
('9034', 'порошковой проволокой', '9030'),
('9035', 'под флюсом', '9030'),
('9036', 'плавящимся электродом', '9035'),
('9037', 'неплавящимся электродом с присадочным металлом', '9035'),
('9038', 'неплавящимся электродом без присадочного металла', '9035'),
('9039', 'в инертных газах плавящимся электродом', '9030'),
('9041', 'в инертных газах плавящимся электродом с присадочным металлом', '9030'),
('9042', 'в инертных газах плавящимся электродом без присадочного металла', '9030'),
('9043', 'в углекислом газе сплошной проволокой', '9030'),
('9044', 'в углекислом газе порошковой проволокой', '9030'),
('9045', 'в углекислом газе неплавящимся электродом с присадочным металлом', '9030'),
('9046', 'в углекислом газе неплавящимся электродом без присадочного металла', '9030'),
('9047', 'в азоте плавящимся электродом', '9030'),
('9048', 'в азоте неплавящимся электродом с присадочным металлом', '9030'),
('9049', 'в азоте неплавящимся электродом без присадочного металла', '9030'),
('9051', 'в смеси инертных и активных газов плавящимся электродом', '9030'),
('9052', 'в концентрических потоках инертного и активного газов плавящимся электродом', '9030'),
('9053', 'в концентрических потоках инертного и активного газов неплавящимся электродом с присадочным металлом', '9030'),
('9054', 'в концентрических потоках инертного и активного газов неплавящимся электродом без присадочного металла', '9030'),
('9055', 'в водяном паре', '9030'),
('9056', 'в вакууме плавящимся электродом', '9030'),
('9057', 'в вакууме неплавящимся электродом с присадочным металлом', '9030'),
('9058', 'в вакууме неплавящимся электродом без присадочного металла', '9030'),
('9061', 'Электрошлаковая сварка', '90'),
('9062', 'Электронно-лучевая сварка', '90'),
('9063', 'Плазменная сварка', '90'),
('9064', 'Ионно-лучевая сварка', '90'),
('9065', 'Сварка тлеющим разрядом', '90'),
('9066', 'Термоимпульсная сварка', '90'),
('9067', 'Индукционная сварка', '90'),
('9068', 'Газовая сварка', '90'),
('9069', 'Термитная сварка', '90'),
('9071', 'Литейная сварка', '90'),
('9072', 'Сварка взрывом', '90'),
('9073', 'Сварка трением', '90'),
('9074', 'Магнито-импульсная сварка', '90'),
('9075', 'Сварка газовым теплоносителем', '90'),
('9076', 'Сварка экструдированной присадкой', '90'),
('9080', 'Ультразвуковая сварка', '90'),
('9081', 'точечная', '9080'),
('9082', 'шовная', '9080'),
('9083', 'стыковая', '9080'),
('9090', 'Холодная сварка', '90'),
('9091', 'точечная', '9090'),
('9092', 'шовная', '9090'),
('9093', 'стыковая', '9090'),
('91', 'Сварка', NULL),
('9110', 'Наплавка', '91'),
('9111', 'дуговая покрытым электродом', '9110'),
('9112', 'дуговая пучком покрытых электродов', '9110'),
('9113', 'дуговая самозащитной проволокой', '9110'),
('9114', 'дуговая порошковой проволокой', '9110'),
('9115', 'дуговая под флюсом', '9110'),
('9116', 'дуговая по флюсу', '9110'),
('9117', 'дуговая в инертных газах плавящимся электродом', '9110'),
('9118', 'дуговая в инертных газах неплавящимся электродом', '9110'),
('9119', 'дуговая в инертных газах сплошной проволокой', '9110'),
('9121', 'дуговая в углекислом газе порошковой проволокой', '9110'),
('9122', 'дуговая в углекислом газе неплавящимся электродом', '9110'),
('9123', 'дуговая в азоте плавящимся электродом', '9110'),
('9124', 'дуговая в азоте неплавящимся электродом', '9110'),
('9125', 'вибродуговая', '9110'),
('9126', 'индукционная', '9110'),
('9127', 'электрошлаковая', '9110'),
('9128', 'плазменная', '9110'),
('9129', 'трением', '9110'),
('9130', 'с помощью контактной сварки', '9110'),
('9132', 'газопламенная', '9110'),
('9133', 'с использованием жидкого присадочного металла', '9110'),
('9170', 'Термическая резка', '91'),
('9171', 'лазерная', '9170'),
('9172', 'кислородная', '9170'),
('9173', 'кислородно-флюсовая', '9170'),
('9174', 'дуговая', '9170'),
('9175', 'воздушно-дуговая', '9170'),
('9176', 'плазменно-дуговая', '9170'),
('9177', 'кислородно-лазерная', '9170'),
('9180', 'Термоконтактная сварка', '91'),
('9181', 'оплавлением', '9180'),
('9182', 'проплавлением', '9180'),
('9183', 'нагретым инструментом ленточным теплоносителем', '9180'),
('9184', 'нагретым инструментом роликом', '9180'),
('9185', 'нагретым инструментом полозом', '9180'),
('9186', 'внахлестку', '9180'),
('9187', 'встык', '9180');

-- --------------------------------------------------------

--
-- Структура таблицы `orders`
--

CREATE TABLE `orders` (
  `id` bigint UNSIGNED NOT NULL,
  `code` varchar(255) COLLATE utf8mb4_unicode_ci NOT NULL,
  `name` varchar(255) COLLATE utf8mb4_unicode_ci NOT NULL,
  `creation_date` date NOT NULL,
  `launch_date` date DEFAULT NULL,
  `closing_date` date NOT NULL,
  `completion_date` date DEFAULT NULL,
  `note` text COLLATE utf8mb4_unicode_ci,
  `status_id` tinyint UNSIGNED NOT NULL,
  `customer_inn` char(10) COLLATE utf8mb4_unicode_ci NOT NULL,
  `amount` decimal(18,2) UNSIGNED NOT NULL DEFAULT '0.00',
  `cost` decimal(18,2) UNSIGNED NOT NULL DEFAULT '0.00'
) ENGINE=InnoDB DEFAULT CHARSET=utf8mb4 COLLATE=utf8mb4_unicode_ci;

--
-- Дамп данных таблицы `orders`
--

INSERT INTO `orders` (`id`, `code`, `name`, `creation_date`, `launch_date`, `closing_date`, `completion_date`, `note`, `status_id`, `customer_inn`, `amount`, `cost`) VALUES
(1, '1-121', '89А', '2023-12-01', '2023-12-14', '2024-02-12', NULL, NULL, 2, '1234567892', 4591821.18, 977668.25),
(2, '1-49', '104А', '2023-12-12', '2024-03-01', '2024-03-31', NULL, NULL, 2, '1234567897', 4929914.09, 1025866.66),
(3, '1-140', '54А', '2023-10-18', '2023-10-19', '2024-04-05', NULL, NULL, 3, '1234567896', 1418545.77, 166509.96),
(4, '1-57', '59А', '2023-12-30', '2024-01-15', '2024-03-31', '2024-02-14', NULL, 5, '1234567892', 4623318.74, 748180.67),
(5, '1-77', '6А', '2023-12-24', '2023-12-30', '2024-02-20', NULL, NULL, 2, '1234567891', 7453261.87, 5470474.51),
(6, '1-87', '136А', '2023-12-20', '2024-03-12', '2024-04-12', '2024-03-31', NULL, 5, '1234567898', 3947025.61, 399281.33),
(7, '1-144', '25А', '2023-10-19', '2024-01-01', '2024-02-11', NULL, NULL, 3, '1234567891', 7831133.94, 2288557.36),
(8, '1-2', '24А', '2023-10-07', NULL, '2024-03-04', NULL, NULL, 1, '1234567891', 7404915.12, 4419818.45),
(9, '1-116', '146А', '2023-10-28', '2023-10-28', '2024-02-04', NULL, NULL, 4, '1234567896', 4000814.00, 1379675.68),
(10, '1-63', '42А', '2023-12-10', '2023-12-15', '2024-03-24', '2023-12-29', NULL, 5, '1234567813', 3649580.98, 818505.29),
(11, '1-50', '21А', '2023-12-02', '2024-02-05', '2024-03-24', NULL, NULL, 3, '1234567811', 5080210.35, 4101207.03),
(12, '1-1', '23А', '2023-10-10', '2024-01-14', '2024-04-11', NULL, NULL, 4, '1234567899', 855130.85, 159157.02),
(13, '1-88', '150А', '2023-10-21', '2023-12-15', '2024-04-13', NULL, NULL, 3, '1234567893', 3160451.86, 861751.00),
(14, '1-71', '66А', '2023-12-09', NULL, '2024-04-18', NULL, NULL, 1, '1234567818', 3234452.67, 936523.81),
(15, '1-100', '9А', '2023-11-25', '2023-12-16', '2024-04-10', NULL, NULL, 4, '1234567891', 4423526.78, 560403.95),
(16, '1-102', '17А', '2023-12-22', '2024-02-14', '2024-03-19', NULL, NULL, 2, '1234567820', 2035113.58, 131384.61),
(17, '1-86', '131А', '2023-11-24', '2024-03-06', '2024-04-27', NULL, NULL, 2, '1234567892', 1415368.52, 125844.88),
(18, '1-60', '73А', '2023-11-12', '2023-12-08', '2024-03-12', '2023-12-26', NULL, 5, '1234567820', 2287952.32, 32294.13),
(19, '1-139', '5А', '2023-10-24', NULL, '2024-03-20', NULL, NULL, 1, '1234567896', 1626722.26, 91476.45),
(20, '1-141', '130А', '2023-10-06', '2023-11-14', '2024-02-07', '2024-02-26', NULL, 5, '1234567892', 4995394.04, 1371681.66),
(21, '1-43', '81А', '2023-11-19', '2023-12-29', '2024-02-18', '2024-05-16', NULL, 5, '1234567899', 6114397.02, 1227732.05),
(22, '1-70', '83А', '2023-11-20', NULL, '2024-02-26', NULL, NULL, 1, '1234567891', 1382436.28, 123881.92),
(23, '1-46', '97А', '2023-11-05', '2023-12-17', '2024-02-10', NULL, NULL, 2, '1234567819', 7926997.02, 810054.44),
(24, '1-95', '93А', '2023-11-18', '2024-02-05', '2024-03-23', '2024-04-02', NULL, 5, '1234567899', 1673657.01, 101554.08),
(25, '1-13', '114А', '2023-11-16', '2024-02-09', '2024-03-16', NULL, NULL, 3, '1234567818', 5630579.64, 4144483.98),
(26, '1-26', '52А', '2023-12-23', '2023-12-23', '2024-02-27', '2024-02-13', NULL, 5, '1234567810', 1599313.28, 141589.33),
(27, '1-120', '28А', '2023-11-22', NULL, '2024-02-25', NULL, NULL, 1, '1234567810', 5294586.74, 737276.39),
(28, '1-29', '91А', '2023-12-17', '2023-12-24', '2024-04-12', NULL, NULL, 3, '1234567899', 1334525.52, 76468.65),
(29, '1-74', '61А', '2023-11-26', '2024-03-08', '2024-03-21', NULL, NULL, 3, '1234567815', 1518722.00, 54599.57),
(30, '1-8', '82А', '2023-10-23', '2023-11-29', '2024-04-07', '2024-04-16', NULL, 5, '1234567895', 1394056.64, 164181.10),
(31, '1-149', '78А', '2023-11-06', '2024-03-05', '2024-04-09', '2024-04-06', NULL, 5, '1234567899', 4709348.72, 2044680.83),
(32, '1-147', '94А', '2023-10-26', '2024-01-05', '2024-02-12', '2024-02-24', NULL, 5, '1234567811', 4210296.99, 4220630.23),
(33, '1-138', '64А', '2023-12-29', '2023-12-30', '2024-03-20', NULL, NULL, 2, '1234567895', 1726557.17, 115914.67),
(34, '1-107', '11А', '2023-10-03', '2023-11-09', '2024-04-17', NULL, NULL, 3, '1234567814', 4717185.31, 1012378.51),
(35, '1-129', '122А', '2023-12-04', '2024-01-14', '2024-03-22', NULL, NULL, 4, '1234567890', 4889814.72, 1843589.62),
(36, '1-92', '20А', '2023-11-09', NULL, '2024-03-16', NULL, NULL, 1, '1234567897', 6251718.00, 2989065.59),
(37, '1-110', '115А', '2023-11-04', NULL, '2024-03-21', NULL, NULL, 1, '1234567820', 2249753.48, 86483.82),
(38, '1-45', '65А', '2023-11-28', '2023-12-11', '2024-02-19', NULL, NULL, 2, '1234567899', 4325013.44, 2259706.53),
(39, '1-143', '51А', '2023-12-21', '2024-01-10', '2024-02-18', NULL, NULL, 3, '1234567894', 1767354.13, 91754.59),
(40, '1-15', '99А', '2023-11-18', '2024-01-30', '2024-02-05', NULL, NULL, 3, '1234567815', 5001770.80, 750613.50),
(41, '1-33', '113А', '2023-11-08', '2023-12-12', '2024-03-19', NULL, NULL, 3, '1234567892', 956820.71, 82192.87),
(42, '1-4', '135А', '2023-11-05', '2023-12-21', '2024-04-02', NULL, NULL, 4, '1234567896', 1232307.78, 21846.19),
(43, '1-14', '119А', '2023-12-28', NULL, '2024-04-01', NULL, NULL, 1, '1234567820', 3240662.43, 382770.12),
(44, '1-10', '124А', '2023-12-01', '2024-02-10', '2024-02-11', NULL, NULL, 3, '1234567898', 1748369.80, 112469.76),
(45, '1-145', '35А', '2023-11-22', '2024-01-05', '2024-03-10', NULL, NULL, 3, '1234567896', 1807253.04, 110163.13),
(46, '1-103', '127А', '2023-11-30', NULL, '2024-04-10', NULL, NULL, 1, '1234567893', 3070642.27, 1597778.45),
(47, '1-101', '56А', '2023-11-27', NULL, '2024-03-22', NULL, NULL, 1, '1234567820', 1378897.21, 130764.87),
(48, '1-55', '58А', '2023-10-22', '2024-03-16', '2024-04-21', '2024-04-09', NULL, 5, '1234567815', 1016989.44, 52866.41),
(49, '1-67', '30А', '2023-11-16', '2023-12-04', '2024-02-28', NULL, NULL, 2, '1234567811', 1896128.36, 149610.63),
(50, '1-148', '106А', '2023-10-30', NULL, '2024-03-31', NULL, NULL, 1, '1234567814', 5025285.64, 1428463.89),
(51, '1-12', '85А', '2023-12-21', '2024-01-21', '2024-03-28', NULL, NULL, 2, '1234567813', 2062178.43, 166312.78),
(52, '1-137', '22А', '2023-11-12', '2023-11-19', '2024-05-01', NULL, NULL, 2, '1234567811', 7592677.28, 2299018.97),
(53, '1-109', '36А', '2023-12-25', '2024-02-17', '2024-04-13', NULL, NULL, 3, '1234567891', 4212661.38, 394823.41),
(54, '1-19', '31А', '2023-10-14', '2023-10-31', '2024-02-13', '2024-01-27', NULL, 5, '1234567893', 6892704.20, 2546118.43),
(55, '1-126', '98А', '2023-11-10', NULL, '2024-04-27', NULL, NULL, 1, '1234567896', 3856463.13, 356210.10),
(56, '1-128', '80А', '2023-12-12', NULL, '2024-04-20', NULL, NULL, 1, '1234567817', 6198834.31, 1138645.95),
(57, '1-142', '75А', '2023-10-31', NULL, '2024-03-22', NULL, NULL, 1, '1234567814', 2499092.00, 111766.86),
(58, '1-18', '117А', '2023-12-13', '2024-02-02', '2024-04-11', NULL, NULL, 2, '1234567815', 3522826.30, 1877565.42),
(59, '1-44', '47А', '2023-12-14', '2024-01-05', '2024-02-14', '2024-01-09', NULL, 5, '1234567820', 959762.02, 101567.81),
(60, '1-118', '90А', '2023-12-16', '2024-03-11', '2024-04-30', NULL, NULL, 2, '1234567814', 5221425.87, 1690876.42),
(61, '1-39', '133А', '2023-12-11', '2024-01-01', '2024-02-29', NULL, NULL, 3, '1234567812', 6154159.56, 752895.32),
(62, '1-84', '125А', '2023-10-12', NULL, '2024-03-29', NULL, NULL, 1, '1234567897', 2091236.16, 205182.90),
(63, '1-32', '37А', '2023-10-18', '2023-11-19', '2024-03-07', '2024-02-25', NULL, 5, '1234567814', 2821629.50, 833970.00),
(64, '1-3', '7А', '2023-10-07', '2023-12-05', '2024-03-15', NULL, NULL, 2, '1234567817', 1822020.74, 25674.96),
(65, '1-27', '69А', '2023-12-04', '2024-01-20', '2024-03-22', NULL, NULL, 2, '1234567820', 5505007.50, 753038.36);

-- --------------------------------------------------------

--
-- Структура таблицы `order_item`
--

CREATE TABLE `order_item` (
  `order_id` bigint UNSIGNED NOT NULL,
  `item_id` bigint UNSIGNED NOT NULL,
  `per_unit_price` decimal(10,2) UNSIGNED NOT NULL,
  `cnt` decimal(8,2) UNSIGNED NOT NULL,
  `amount` decimal(18,2) UNSIGNED NOT NULL DEFAULT '0.00',
  `cost` decimal(18,2) UNSIGNED NOT NULL DEFAULT '0.00'
) ENGINE=InnoDB DEFAULT CHARSET=utf8mb4 COLLATE=utf8mb4_unicode_ci;

--
-- Дамп данных таблицы `order_item`
--

INSERT INTO `order_item` (`order_id`, `item_id`, `per_unit_price`, `cnt`, `amount`, `cost`) VALUES
(1, 20, 14878.23, 53.00, 788546.19, 56885.42),
(1, 188, 40895.43, 93.00, 3803274.99, 920782.83),
(2, 110, 9234.51, 79.00, 729526.29, 89248.88),
(2, 183, 42861.10, 98.00, 4200387.80, 936617.78),
(3, 23, 5766.87, 77.00, 444048.99, 69021.00),
(3, 108, 10478.46, 93.00, 974496.78, 97488.96),
(4, 116, 7920.87, 88.00, 697036.56, 54617.24),
(4, 195, 47881.49, 82.00, 3926282.18, 693563.43),
(5, 227, 49800.77, 83.00, 4133463.91, 3983980.75),
(5, 242, 40985.16, 81.00, 3319797.96, 1486493.76),
(6, 8, 8261.49, 57.00, 470904.93, 46836.65),
(6, 192, 45738.43, 76.00, 3476120.68, 352444.68),
(7, 179, 48380.15, 90.00, 4354213.50, 428327.15),
(7, 231, 41391.91, 84.00, 3476920.44, 1860230.21),
(8, 244, 42661.36, 77.00, 3284924.72, 1045984.58),
(8, 250, 43368.32, 95.00, 4119990.40, 3373833.87),
(9, 109, 10372.83, 72.00, 746843.76, 112134.89),
(9, 229, 48566.72, 67.00, 3253970.24, 1267540.79),
(10, 122, 10621.38, 98.00, 1040895.24, 119940.03),
(10, 239, 42765.34, 61.00, 2608685.74, 698565.26),
(11, 118, 7533.31, 85.00, 640331.35, 111240.12),
(11, 249, 44398.79, 100.00, 4439879.00, 3989966.91),
(12, 108, 6177.10, 71.00, 438574.10, 74427.06),
(12, 110, 5554.09, 75.00, 416556.75, 84729.96),
(13, 118, 10798.83, 71.00, 766716.93, 92918.21),
(13, 240, 45164.81, 53.00, 2393734.93, 768832.79),
(14, 246, 43189.93, 52.00, 2245876.36, 919657.76),
(14, 253, 13923.61, 71.00, 988576.31, 16866.05),
(15, 102, 13483.95, 90.00, 1213555.50, 75028.73),
(15, 181, 47205.46, 68.00, 3209971.28, 485375.22),
(16, 9, 14037.47, 87.00, 1221259.89, 70869.67),
(16, 123, 12147.07, 67.00, 813853.69, 60514.94),
(17, 1, 10328.84, 79.00, 815978.36, 109731.24),
(17, 268, 6179.28, 97.00, 599390.16, 16113.64),
(18, 259, 14123.86, 97.00, 1370014.42, 10281.03),
(18, 273, 9870.30, 93.00, 917937.90, 22013.10),
(19, 106, 6185.33, 69.00, 426787.77, 84230.07),
(19, 252, 13482.41, 89.00, 1199934.49, 7246.38),
(20, 240, 45912.74, 94.00, 4315797.56, 1363587.60),
(20, 270, 12585.12, 54.00, 679596.48, 8094.06),
(21, 185, 43627.15, 62.00, 2704883.30, 414654.73),
(21, 239, 48021.32, 71.00, 3409513.72, 813077.32),
(22, 3, 12894.06, 68.00, 876796.08, 51109.01),
(22, 117, 7779.08, 65.00, 505640.20, 72772.91),
(23, 185, 45831.48, 79.00, 3620686.92, 528353.92),
(23, 194, 47847.89, 90.00, 4306310.10, 281700.52),
(24, 4, 11880.97, 69.00, 819786.93, 89307.72),
(24, 251, 10165.12, 84.00, 853870.08, 12246.36),
(25, 178, 40862.70, 58.00, 2370036.60, 248653.02),
(25, 230, 45285.32, 72.00, 3260543.04, 3895830.96),
(26, 13, 8983.74, 74.00, 664796.76, 68994.52),
(26, 16, 12296.27, 76.00, 934516.52, 72594.81),
(27, 121, 10684.46, 54.00, 576960.84, 63668.86),
(27, 189, 49659.22, 95.00, 4717625.90, 673607.53),
(28, 14, 9834.68, 82.00, 806443.76, 69383.15),
(28, 262, 7136.24, 74.00, 528081.76, 7085.50),
(29, 101, 10059.04, 50.00, 502952.00, 42493.07),
(29, 260, 14511.00, 70.00, 1015770.00, 12106.50),
(30, 16, 5264.78, 82.00, 431711.96, 78321.40),
(30, 110, 12662.43, 76.00, 962344.68, 85859.70),
(31, 231, 46885.41, 92.00, 4313457.72, 2037391.33),
(31, 251, 7917.82, 50.00, 395891.00, 7289.50),
(32, 104, 10891.46, 52.00, 566355.92, 54259.00),
(32, 230, 47323.91, 77.00, 3643941.07, 4166371.23),
(33, 104, 6744.71, 95.00, 640747.45, 99127.03),
(33, 275, 14286.97, 76.00, 1085809.72, 16787.64),
(34, 13, 7182.78, 77.00, 553074.06, 71791.49),
(34, 188, 43832.75, 95.00, 4164111.25, 940587.02),
(35, 242, 42572.79, 100.00, 4257279.00, 1835166.94),
(35, 274, 8547.78, 74.00, 632535.72, 8422.68),
(36, 232, 46765.80, 55.00, 2572119.00, 2027118.84),
(36, 239, 43804.75, 84.00, 3679599.00, 961946.75),
(37, 25, 9526.24, 94.00, 895466.56, 74833.86),
(37, 265, 14720.51, 92.00, 1354286.92, 11649.96),
(38, 25, 8189.84, 76.00, 622427.84, 60507.63),
(38, 248, 46282.32, 80.00, 3702585.60, 2199198.90),
(39, 21, 9623.54, 91.00, 875742.14, 82861.40),
(39, 251, 14616.59, 61.00, 891611.99, 8893.19),
(40, 195, 49050.00, 87.00, 4267350.00, 735851.90),
(40, 272, 9180.26, 80.00, 734420.80, 14761.60),
(41, 106, 7503.01, 61.00, 457683.61, 74464.27),
(41, 257, 9075.22, 55.00, 499137.10, 7728.60),
(42, 251, 12063.06, 65.00, 784098.90, 9476.35),
(42, 275, 8003.73, 56.00, 448208.88, 12369.84),
(43, 7, 7894.59, 97.00, 765775.23, 92717.43),
(43, 199, 41248.12, 60.00, 2474887.20, 290052.69),
(44, 121, 13983.50, 86.00, 1202581.00, 101398.56),
(44, 272, 9096.48, 60.00, 545788.80, 11071.20),
(45, 105, 8380.06, 94.00, 787725.64, 94009.73),
(45, 253, 14993.05, 68.00, 1019527.40, 16153.40),
(46, 15, 7345.82, 81.00, 595011.42, 85837.17),
(46, 248, 45011.47, 55.00, 2475630.85, 1511941.28),
(47, 5, 9136.63, 67.00, 612154.21, 59356.72),
(47, 17, 10223.24, 75.00, 766743.00, 71408.15),
(48, 14, 5089.66, 57.00, 290110.62, 48225.47),
(48, 252, 12752.26, 57.00, 726878.82, 4640.94),
(49, 3, 10831.00, 95.00, 1028945.00, 71406.38),
(49, 9, 9033.16, 96.00, 867183.36, 78204.25),
(50, 2, 13948.06, 94.00, 1311117.64, 99940.67),
(50, 226, 49522.24, 75.00, 3714168.00, 1328523.22),
(51, 11, 12794.52, 92.00, 1177095.84, 68194.76),
(51, 109, 14048.93, 63.00, 885082.59, 98118.02),
(52, 188, 48861.16, 98.00, 4788393.68, 970289.43),
(52, 231, 46738.06, 60.00, 2804283.60, 1328729.54),
(53, 18, 12751.38, 61.00, 777834.18, 70207.01),
(53, 192, 49068.96, 70.00, 3434827.20, 324616.40),
(54, 235, 43420.72, 63.00, 2735505.36, 1139011.89),
(54, 240, 42857.72, 97.00, 4157198.84, 1407106.54),
(55, 115, 5728.88, 51.00, 292172.88, 46530.63),
(55, 190, 47523.87, 75.00, 3564290.25, 309679.47),
(56, 193, 47503.75, 82.00, 3895307.50, 418690.82),
(56, 244, 43462.77, 53.00, 2303526.81, 719955.13),
(57, 17, 14513.37, 100.00, 1451337.00, 95202.66),
(57, 271, 11029.00, 95.00, 1047755.00, 16564.20),
(58, 9, 7108.98, 59.00, 419429.82, 48061.40),
(58, 247, 48490.57, 64.00, 3103396.48, 1829504.02),
(59, 3, 5341.79, 68.00, 363241.72, 51109.01),
(59, 17, 11255.10, 53.00, 596520.30, 50458.80),
(60, 226, 47108.41, 95.00, 4475298.95, 1682799.26),
(60, 256, 7613.54, 98.00, 746126.92, 8077.16),
(61, 122, 14043.24, 94.00, 1320064.56, 115044.52),
(61, 198, 49327.50, 98.00, 4834095.00, 637850.80),
(62, 5, 14858.64, 98.00, 1456146.72, 86818.30),
(62, 109, 8356.44, 76.00, 635089.44, 118364.60),
(63, 16, 6225.76, 53.00, 329965.28, 50623.04),
(63, 240, 46141.93, 54.00, 2491664.22, 783346.96),
(64, 251, 14582.46, 99.00, 1443663.54, 14433.21),
(64, 260, 5820.88, 65.00, 378357.20, 11241.75),
(65, 187, 47197.15, 99.00, 4672517.85, 744129.98),
(65, 254, 10277.65, 81.00, 832489.65, 8908.38);

-- --------------------------------------------------------

--
-- Структура таблицы `order_item_route`
--

CREATE TABLE `order_item_route` (
  `order_id` bigint UNSIGNED NOT NULL,
  `item_id` bigint UNSIGNED NOT NULL,
  `current_item_id` bigint UNSIGNED NOT NULL,
  `route_number` varchar(64) COLLATE utf8mb4_unicode_ci NOT NULL,
  `point_number` tinyint UNSIGNED NOT NULL,
  `cnt` decimal(10,2) UNSIGNED NOT NULL,
  `point_code` varchar(32) COLLATE utf8mb4_unicode_ci NOT NULL,
  `operation_code` varchar(4) COLLATE utf8mb4_unicode_ci NOT NULL,
  `rate_code` varchar(16) COLLATE utf8mb4_unicode_ci NOT NULL,
  `unit_time` decimal(6,2) UNSIGNED NOT NULL,
  `working_time` decimal(6,2) UNSIGNED NOT NULL,
  `lead_time` decimal(6,2) UNSIGNED NOT NULL,
  `base_payment` decimal(4,2) UNSIGNED NOT NULL
) ENGINE=InnoDB DEFAULT CHARSET=utf8mb4 COLLATE=utf8mb4_unicode_ci;

--
-- Дамп данных таблицы `order_item_route`
--

INSERT INTO `order_item_route` (`order_id`, `item_id`, `current_item_id`, `route_number`, `point_number`, `cnt`, `point_code`, `operation_code`, `rate_code`, `unit_time`, `working_time`, `lead_time`, `base_payment`) VALUES
(1, 20, 20, '00003999820', 1, 53.00, 'Шлиф', '2100', 'С1', 14.53, 7.07, 3.96, 4.70),
(1, 20, 20, '00003999820', 2, 53.00, 'ЛазРез', '7572', 'С2', 17.38, 4.77, 4.04, 4.70),
(1, 20, 20, '00003999820', 3, 53.00, '2', '2128', 'С2', 17.15, 3.59, 2.64, 6.25),
(1, 20, 20, '00003999820', 4, 53.00, 'Рег', '6063', 'С3', 10.95, 14.68, 9.85, 6.25),
(1, 20, 70, '00003777820', 1, 0.44, 'ЛазГрав', '0397', 'С2', 14.38, 3.30, 7.81, 4.70),
(1, 20, 70, '00003777820', 2, 0.44, '1.6', '0241', 'С3', 4.48, 12.38, 9.78, 6.25),
(1, 20, 70, '00003777820', 3, 0.44, '1.7', '7376', 'С2', 4.08, 3.00, 2.09, 6.77),
(1, 20, 70, '00003777820', 4, 0.44, 'Чист', '5056', 'С1', 10.76, 2.28, 2.52, 4.70),
(1, 188, 13, '00003999813', 1, 372.00, 'Шт', '4180', 'С1', 13.22, 5.66, 7.22, 4.17),
(1, 188, 13, '00003999813', 2, 372.00, 'Уп', '0760', 'С1', 3.41, 12.91, 8.54, 4.17),
(1, 188, 13, '00003999813', 3, 372.00, '1.4', '6553', 'С2', 12.32, 12.49, 3.64, 5.21),
(1, 188, 13, '00003999813', 4, 372.00, '1.6', '7545', 'С3', 12.23, 17.79, 5.31, 6.25),
(1, 188, 63, '00003777813', 1, 4.97, 'Проп', '0213', 'С2', 11.22, 6.61, 2.49, 6.25),
(1, 188, 63, '00003777813', 2, 4.97, '2', '2111', 'С2', 6.00, 11.61, 9.38, 6.25),
(1, 188, 63, '00003777813', 3, 4.97, '1.5', '4262', 'С2', 2.54, 7.66, 5.92, 6.77),
(1, 188, 63, '00003777813', 4, 4.97, '3п', '8070', 'С1', 10.10, 12.80, 5.75, 5.73),
(1, 188, 109, '0000366689', 1, 279.00, 'ЛазГрав', '1020', 'С2', 10.19, 5.86, 6.52, 4.70),
(1, 188, 109, '0000366689', 2, 279.00, '1.6', '9068', 'С3', 10.69, 19.14, 7.76, 6.25),
(1, 188, 109, '0000366689', 3, 279.00, '2', '2172', 'С3', 17.53, 9.83, 6.48, 6.25),
(1, 188, 109, '0000366689', 4, 279.00, '3г', '0180', 'С3', 15.40, 8.33, 6.49, 6.77),
(1, 188, 188, '00003555813', 1, 93.00, '1.5', '1087', 'С2', 11.92, 15.70, 4.65, 6.77),
(1, 188, 188, '00003555813', 2, 93.00, 'Изол', '0252', 'С2', 2.08, 15.51, 7.67, 4.17),
(1, 188, 188, '00003555813', 3, 93.00, 'Уп', '0311', 'С1', 13.30, 3.04, 7.93, 4.17),
(1, 188, 188, '00003555813', 4, 93.00, 'ЛазРез', '8111', 'С2', 2.70, 17.50, 8.79, 4.70),
(2, 110, 110, '00003666810', 1, 79.00, '1.7', '0391', 'С3', 12.46, 18.70, 5.45, 6.77),
(2, 110, 110, '00003666810', 2, 79.00, 'Нам', '6589', 'С1', 19.92, 7.64, 9.73, 6.25),
(2, 110, 110, '00003666810', 3, 79.00, '3г', '9032', 'С1', 6.83, 15.02, 9.09, 6.77),
(2, 110, 110, '00003666810', 4, 79.00, 'Шт', '9185', 'С1', 7.55, 9.65, 9.25, 4.17),
(2, 183, 1, '0000399981', 1, 490.00, 'Нам', '0415', 'С1', 15.03, 15.11, 7.28, 6.25),
(2, 183, 1, '0000399981', 2, 490.00, '1.6', '9128', 'С2', 12.22, 11.51, 9.23, 6.25),
(2, 183, 1, '0000399981', 3, 490.00, 'Нам', '9049', 'С3', 11.02, 9.37, 4.51, 6.25),
(2, 183, 1, '0000399981', 4, 490.00, '1.7', '7162', 'С3', 13.18, 14.99, 9.23, 6.77),
(2, 183, 51, '0000377781', 1, 3.51, 'Нам', '8021', 'С1', 13.47, 17.04, 9.29, 6.25),
(2, 183, 51, '0000377781', 2, 3.51, 'Шлиф', '7146', 'С1', 7.23, 2.07, 7.09, 4.70),
(2, 183, 51, '0000377781', 3, 3.51, 'Зал', '0416', 'С1', 13.42, 4.36, 5.93, 4.17),
(2, 183, 51, '0000377781', 4, 3.51, 'Марк', '6541', 'С1', 13.05, 9.46, 9.30, 4.17),
(2, 183, 111, '00003666811', 1, 98.00, '3п', '8851', 'С1', 15.83, 2.43, 2.92, 5.73),
(2, 183, 111, '00003666811', 2, 98.00, 'Термич', '8878', 'С1', 19.61, 7.15, 7.99, 4.70),
(2, 183, 111, '00003666811', 3, 98.00, 'Зал', '8167', 'С3', 10.03, 11.70, 8.59, 4.17),
(2, 183, 111, '00003666811', 4, 98.00, '5', '8537', 'С1', 18.97, 8.35, 9.29, 5.21),
(2, 183, 183, '0000355588', 1, 98.00, '2', '2105', 'С1', 14.01, 10.43, 4.15, 6.25),
(2, 183, 183, '0000355588', 2, 98.00, 'Нам', '8011', 'С2', 16.98, 10.34, 7.13, 6.25),
(2, 183, 183, '0000355588', 3, 98.00, '2', '0250', 'С2', 14.63, 18.09, 5.53, 6.25),
(2, 183, 183, '0000355588', 4, 98.00, '3г', '91', 'С2', 18.72, 15.08, 7.67, 6.77),
(3, 23, 23, '00003999823', 1, 77.00, 'Изол', '6009', 'С1', 7.19, 9.96, 5.56, 4.17),
(3, 23, 23, '00003999823', 2, 77.00, 'Проп', '0666', 'С2', 19.84, 16.53, 7.14, 6.25),
(3, 23, 23, '00003999823', 3, 77.00, '1.6', '7161', 'С1', 10.32, 6.09, 2.18, 6.25),
(3, 23, 23, '00003999823', 4, 77.00, 'Зал', '0197', 'С2', 4.97, 13.10, 9.91, 4.17),
(3, 23, 73, '00003777823', 1, 1.00, '3п', '0272', 'С1', 8.09, 18.75, 3.07, 5.73),
(3, 23, 73, '00003777823', 2, 1.00, 'Уп', '0860', 'С1', 18.51, 19.84, 9.44, 4.17),
(3, 23, 73, '00003777823', 3, 1.00, 'Нам', '7171', 'С2', 4.75, 6.76, 8.28, 6.25),
(3, 23, 73, '00003777823', 4, 1.00, 'Нам', '0322', 'С3', 3.97, 13.04, 5.45, 6.25),
(3, 108, 108, '0000366688', 1, 93.00, 'Чист', '6013', 'С3', 18.19, 8.83, 6.85, 4.70),
(3, 108, 108, '0000366688', 2, 93.00, 'Зал', '8043', 'С3', 9.09, 11.13, 2.40, 4.17),
(3, 108, 108, '0000366688', 3, 93.00, '1.3', '4110', 'С3', 4.65, 19.79, 9.03, 5.21),
(3, 108, 108, '0000366688', 4, 93.00, 'Нам', '9174', 'С1', 9.07, 10.92, 7.28, 6.25),
(4, 116, 116, '00003666816', 1, 88.00, 'Зал', '8803', 'С2', 3.77, 4.88, 7.46, 4.17),
(4, 116, 116, '00003666816', 2, 88.00, 'Монт', '7505', 'С1', 3.63, 13.47, 2.15, 5.21),
(4, 116, 116, '00003666816', 3, 88.00, 'Марк', '0113', 'С1', 13.29, 3.80, 7.24, 4.17),
(4, 116, 116, '00003666816', 4, 88.00, 'Термич', '0874', 'С3', 18.21, 2.86, 8.28, 4.70),
(4, 195, 11, '00003999811', 1, 164.00, 'Шлиф', '6062', 'С2', 3.97, 6.88, 2.20, 4.70),
(4, 195, 11, '00003999811', 2, 164.00, '1.7', '0612', 'С2', 12.06, 3.65, 4.55, 6.77),
(4, 195, 11, '00003999811', 3, 164.00, '1.3', '0293', 'С3', 3.31, 16.77, 7.07, 5.21),
(4, 195, 11, '00003999811', 4, 164.00, 'Монт', '0722', 'С1', 12.56, 9.65, 4.07, 5.21),
(4, 195, 61, '00003777811', 1, 1.51, '1.3', '6553', 'С2', 14.22, 13.28, 6.04, 5.21),
(4, 195, 61, '00003777811', 2, 1.51, 'ЛазРез', '0297', 'С2', 6.24, 4.16, 9.29, 4.70),
(4, 195, 61, '00003777811', 3, 1.51, 'Рег', '1000', 'С2', 19.59, 7.78, 2.31, 6.25),
(4, 195, 61, '00003777811', 4, 1.51, 'Чист', '0273', 'С3', 10.92, 13.43, 5.11, 4.70),
(4, 195, 124, '00003666824', 1, 410.00, '3лг', '6000', 'С3', 2.59, 17.59, 3.25, 5.21),
(4, 195, 124, '00003666824', 2, 410.00, 'Чист', '7163', 'С2', 15.52, 13.70, 8.00, 4.70),
(4, 195, 124, '00003666824', 3, 410.00, 'Изол', '8857', 'С3', 18.51, 9.44, 6.04, 4.17),
(4, 195, 124, '00003666824', 4, 410.00, 'ЛазГрав', '7369', 'С2', 7.88, 14.78, 8.34, 4.70),
(4, 195, 195, '00003555820', 1, 82.00, '1.6', '7418', 'С1', 3.41, 17.79, 7.85, 6.25),
(4, 195, 195, '00003555820', 2, 82.00, 'ВЖ', '6078', 'С1', 13.21, 4.28, 6.29, 4.17),
(4, 195, 195, '00003555820', 3, 82.00, '3г', '7180', 'С2', 12.78, 2.17, 7.95, 6.77),
(4, 195, 195, '00003555820', 4, 82.00, '2', '9076', 'С1', 5.96, 7.94, 2.40, 6.25),
(5, 227, 7, '0000399987', 1, 332.00, 'Зал', '0156', 'С1', 4.30, 9.67, 2.40, 4.17),
(5, 227, 7, '0000399987', 2, 332.00, 'Уп', '0405', 'С2', 5.37, 2.30, 3.87, 4.17),
(5, 227, 7, '0000399987', 3, 332.00, '1.1', '6597', 'С3', 18.31, 12.02, 2.56, 5.21),
(5, 227, 7, '0000399987', 4, 332.00, 'Рег', '0121', 'С3', 13.43, 15.10, 4.41, 6.25),
(5, 227, 11, '00003999811', 1, 830.00, 'Шлиф', '6062', 'С2', 3.97, 6.88, 2.20, 4.70),
(5, 227, 11, '00003999811', 2, 830.00, '1.7', '0612', 'С2', 12.06, 3.65, 4.55, 6.77),
(5, 227, 11, '00003999811', 3, 830.00, '1.3', '0293', 'С3', 3.31, 16.77, 7.07, 5.21),
(5, 227, 11, '00003999811', 4, 830.00, 'Монт', '0722', 'С1', 12.56, 9.65, 4.07, 5.21),
(5, 227, 57, '0000377787', 1, 1.53, '5', '0272', 'С2', 14.19, 13.00, 9.29, 5.21),
(5, 227, 57, '0000377787', 2, 1.53, 'Свар', '9032', 'С3', 11.03, 3.41, 5.55, 6.77),
(5, 227, 57, '0000377787', 3, 1.53, '1.5', '1067', 'С1', 19.29, 13.65, 2.87, 6.77),
(5, 227, 57, '0000377787', 4, 1.53, '1.7', '9090', 'С2', 3.69, 16.04, 2.33, 6.77),
(5, 227, 61, '00003777811', 1, 7.65, '1.3', '6553', 'С2', 14.22, 13.28, 6.04, 5.21),
(5, 227, 61, '00003777811', 2, 7.65, 'ЛазРез', '0297', 'С2', 6.24, 4.16, 9.29, 4.70),
(5, 227, 61, '00003777811', 3, 7.65, 'Рег', '1000', 'С2', 19.59, 7.78, 2.31, 6.25),
(5, 227, 61, '00003777811', 4, 7.65, 'Чист', '0273', 'С3', 10.92, 13.43, 5.11, 4.70),
(5, 227, 124, '00003666824', 1, 2075.00, '3лг', '6000', 'С3', 2.59, 17.59, 3.25, 5.21),
(5, 227, 124, '00003666824', 2, 2075.00, 'Чист', '7163', 'С2', 15.52, 13.70, 8.00, 4.70),
(5, 227, 124, '00003666824', 3, 2075.00, 'Изол', '8857', 'С3', 18.51, 9.44, 6.04, 4.17),
(5, 227, 124, '00003666824', 4, 2075.00, 'ЛазГрав', '7369', 'С2', 7.88, 14.78, 8.34, 4.70),
(5, 227, 195, '00003555820', 1, 415.00, '1.6', '7418', 'С1', 3.41, 17.79, 7.85, 6.25),
(5, 227, 195, '00003555820', 2, 415.00, 'ВЖ', '6078', 'С1', 13.21, 4.28, 6.29, 4.17),
(5, 227, 195, '00003555820', 3, 415.00, '3г', '7180', 'С2', 12.78, 2.17, 7.95, 6.77),
(5, 227, 195, '00003555820', 4, 415.00, '2', '9076', 'С1', 5.96, 7.94, 2.40, 6.25),
(5, 227, 227, '0000344482', 1, 83.00, 'Шлиф', '4286', 'С3', 3.77, 11.51, 8.86, 4.70),
(5, 227, 227, '0000344482', 2, 83.00, '1.6', '4100', 'С2', 6.68, 10.12, 8.78, 6.25),
(5, 227, 227, '0000344482', 3, 83.00, '1.3', '7443', 'С1', 14.85, 4.85, 3.17, 5.21),
(5, 227, 227, '0000344482', 4, 83.00, 'Шт', '9010', 'С3', 13.81, 12.36, 6.97, 4.17),
(5, 242, 13, '00003999813', 1, 486.00, 'Шт', '4180', 'С1', 13.22, 5.66, 7.22, 4.17),
(5, 242, 13, '00003999813', 2, 486.00, 'Уп', '0760', 'С1', 3.41, 12.91, 8.54, 4.17),
(5, 242, 13, '00003999813', 3, 486.00, '1.4', '6553', 'С2', 12.32, 12.49, 3.64, 5.21),
(5, 242, 13, '00003999813', 4, 486.00, '1.6', '7545', 'С3', 12.23, 17.79, 5.31, 6.25),
(5, 242, 18, '00003999818', 1, 81.00, 'Шт', '0227', 'С3', 14.79, 15.49, 9.39, 4.17),
(5, 242, 18, '00003999818', 2, 81.00, 'ВЖ', '7105', 'С2', 18.75, 4.90, 8.51, 4.17),
(5, 242, 18, '00003999818', 3, 81.00, 'Рег', '8074', 'С3', 9.70, 17.41, 9.56, 6.25),
(5, 242, 18, '00003999818', 4, 81.00, 'Шлиф', '1000', 'С1', 14.67, 6.56, 3.87, 4.70),
(5, 242, 63, '00003777813', 1, 6.50, 'Проп', '0213', 'С2', 11.22, 6.61, 2.49, 6.25),
(5, 242, 63, '00003777813', 2, 6.50, '2', '2111', 'С2', 6.00, 11.61, 9.38, 6.25),
(5, 242, 63, '00003777813', 3, 6.50, '1.5', '4262', 'С2', 2.54, 7.66, 5.92, 6.77),
(5, 242, 63, '00003777813', 4, 6.50, '3п', '8070', 'С1', 10.10, 12.80, 5.75, 5.73),
(5, 242, 68, '00003777818', 1, 0.38, 'ВЖ', '8856', 'С1', 4.53, 5.16, 8.40, 4.17),
(5, 242, 68, '00003777818', 2, 0.38, '3лг', '7352', 'С2', 19.53, 12.93, 2.72, 5.21),
(5, 242, 68, '00003777818', 3, 0.38, '3г', '0245', 'С1', 3.98, 12.70, 4.99, 6.77),
(5, 242, 68, '00003777818', 4, 0.38, 'Изол', '0324', 'С3', 19.32, 5.75, 6.63, 4.17),
(5, 242, 115, '00003666815', 1, 243.00, 'Чист', '0430', 'С1', 3.32, 16.63, 4.33, 4.70),
(5, 242, 115, '00003666815', 2, 243.00, 'Термич', '1087', 'С1', 16.95, 15.20, 3.93, 4.70),
(5, 242, 115, '00003666815', 3, 243.00, '5', '0614', 'С2', 17.12, 12.80, 9.30, 5.21),
(5, 242, 115, '00003666815', 4, 243.00, 'Чист', '7101', 'С2', 5.90, 14.61, 7.84, 4.70),
(5, 242, 191, '00003555816', 1, 243.00, 'Проп', '9175', 'С1', 15.58, 4.73, 9.84, 6.25),
(5, 242, 191, '00003555816', 2, 243.00, 'Зал', '5516', 'С2', 18.92, 12.51, 2.63, 4.17),
(5, 242, 191, '00003555816', 3, 243.00, '1.6', '0660', 'С3', 6.00, 10.39, 3.26, 6.25),
(5, 242, 191, '00003555816', 4, 243.00, 'Рег', '7571', 'С2', 14.39, 9.63, 7.81, 6.25),
(5, 242, 242, '00003444817', 1, 81.00, 'Термич', '7376', 'С2', 11.27, 14.29, 7.88, 4.70),
(5, 242, 242, '00003444817', 2, 81.00, 'ЛазГрав', '0266', 'С3', 18.86, 15.38, 5.19, 4.70),
(5, 242, 242, '00003444817', 3, 81.00, 'Уп', '0240', 'С3', 19.65, 19.59, 2.53, 4.17),
(5, 242, 242, '00003444817', 4, 81.00, 'Шлиф', '8017', 'С3', 19.75, 19.06, 9.45, 4.70),
(6, 8, 8, '0000399988', 1, 57.00, '1.7', '6023', 'С1', 11.94, 10.63, 8.24, 6.77),
(6, 8, 8, '0000399988', 2, 57.00, 'Шлиф', '5019', 'С2', 4.93, 16.83, 4.01, 4.70),
(6, 8, 8, '0000399988', 3, 57.00, '1.2', '4172', 'С2', 19.52, 2.95, 5.65, 4.70),
(6, 8, 8, '0000399988', 4, 57.00, '1.2', '7450', 'С2', 8.80, 12.11, 2.34, 4.70),
(6, 8, 58, '0000377788', 1, 0.69, 'Нам', '0755', 'С1', 14.86, 2.51, 2.87, 6.25),
(6, 8, 58, '0000377788', 2, 0.69, 'Термич', '5130', 'С1', 3.48, 10.10, 3.69, 4.70),
(6, 8, 58, '0000377788', 3, 0.69, '3г', '7108', 'С3', 18.66, 6.46, 7.76, 6.77),
(6, 8, 58, '0000377788', 4, 0.69, '3г', '0143', 'С1', 4.43, 2.62, 9.21, 6.77),
(6, 192, 25, '00003999825', 1, 76.00, '3г', '0741', 'С2', 13.90, 7.82, 5.11, 6.77),
(6, 192, 25, '00003999825', 2, 76.00, '5', '9041', 'С2', 3.54, 6.47, 3.50, 5.21),
(6, 192, 25, '00003999825', 3, 76.00, 'Шт', '0246', 'С3', 12.89, 5.75, 5.54, 4.17),
(6, 192, 25, '00003999825', 4, 76.00, '3г', '0830', 'С1', 2.98, 15.23, 3.14, 6.77),
(6, 192, 75, '00003777825', 1, 0.70, '1.5', '5520', 'С2', 6.95, 11.73, 8.86, 6.77),
(6, 192, 75, '00003777825', 2, 0.70, '1.7', '7165', 'С1', 12.90, 9.33, 7.36, 6.77),
(6, 192, 75, '00003777825', 3, 0.70, '3г', '6081', 'С2', 11.28, 2.49, 3.26, 6.77),
(6, 192, 75, '00003777825', 4, 0.70, 'ЛазГрав', '4118', 'С2', 7.87, 6.37, 3.82, 4.70),
(6, 192, 113, '00003666813', 1, 152.00, '5', '8172', 'С2', 16.80, 15.22, 7.03, 5.21),
(6, 192, 113, '00003666813', 2, 152.00, 'Термич', '4171', 'С1', 13.47, 9.96, 9.23, 4.70),
(6, 192, 113, '00003666813', 3, 152.00, 'Проп', '0286', 'С3', 11.09, 18.10, 9.55, 6.25),
(6, 192, 113, '00003666813', 4, 152.00, '1.5', '0237', 'С2', 19.66, 3.90, 9.27, 6.77),
(6, 192, 192, '00003555817', 1, 76.00, 'Марк', '0636', 'С3', 19.32, 8.40, 3.86, 4.17),
(6, 192, 192, '00003555817', 2, 76.00, 'Монт', '6572', 'С2', 19.04, 9.78, 6.45, 5.21),
(6, 192, 192, '00003555817', 3, 76.00, 'ВЖ', '7419', 'С1', 7.57, 16.64, 6.54, 4.17),
(6, 192, 192, '00003555817', 4, 76.00, 'Марк', '7339', 'С2', 3.03, 14.62, 9.45, 4.17),
(7, 179, 25, '00003999825', 1, 180.00, '3г', '0741', 'С2', 13.90, 7.82, 5.11, 6.77),
(7, 179, 25, '00003999825', 2, 180.00, '5', '9041', 'С2', 3.54, 6.47, 3.50, 5.21),
(7, 179, 25, '00003999825', 3, 180.00, 'Шт', '0246', 'С3', 12.89, 5.75, 5.54, 4.17),
(7, 179, 25, '00003999825', 4, 180.00, '3г', '0830', 'С1', 2.98, 15.23, 3.14, 6.77),
(7, 179, 75, '00003777825', 1, 1.65, '1.5', '5520', 'С2', 6.95, 11.73, 8.86, 6.77),
(7, 179, 75, '00003777825', 2, 1.65, '1.7', '7165', 'С1', 12.90, 9.33, 7.36, 6.77),
(7, 179, 75, '00003777825', 3, 1.65, '3г', '6081', 'С2', 11.28, 2.49, 3.26, 6.77),
(7, 179, 75, '00003777825', 4, 1.65, 'ЛазГрав', '4118', 'С2', 7.87, 6.37, 3.82, 4.70),
(7, 179, 116, '00003666816', 1, 270.00, 'Зал', '8803', 'С2', 3.77, 4.88, 7.46, 4.17),
(7, 179, 116, '00003666816', 2, 270.00, 'Монт', '7505', 'С1', 3.63, 13.47, 2.15, 5.21),
(7, 179, 116, '00003666816', 3, 270.00, 'Марк', '0113', 'С1', 13.29, 3.80, 7.24, 4.17),
(7, 179, 116, '00003666816', 4, 270.00, 'Термич', '0874', 'С3', 18.21, 2.86, 8.28, 4.70),
(7, 179, 179, '0000355584', 1, 90.00, 'Шлиф', '2139', 'С2', 2.63, 12.87, 4.18, 4.70),
(7, 179, 179, '0000355584', 2, 90.00, 'Термич', '7543', 'С1', 7.11, 7.45, 3.50, 4.70),
(7, 179, 179, '0000355584', 3, 90.00, 'Чист', '9117', 'С1', 7.41, 14.77, 6.47, 4.70),
(7, 179, 179, '0000355584', 4, 90.00, '1.2', '2183', 'С2', 12.85, 10.95, 6.60, 4.70),
(7, 231, 3, '0000399983', 1, 336.00, '3п', '5067', 'С1', 8.56, 3.54, 9.33, 5.73),
(7, 231, 3, '0000399983', 2, 336.00, 'Монт', '0665', 'С3', 3.09, 8.14, 9.70, 5.21),
(7, 231, 3, '0000399983', 3, 336.00, '5', '6554', 'С1', 4.15, 12.72, 9.27, 5.21),
(7, 231, 3, '0000399983', 4, 336.00, '3лг', '0396', 'С2', 7.75, 10.45, 9.38, 5.21),
(7, 231, 16, '00003999816', 1, 672.00, 'Термич', '0843', 'С3', 18.95, 4.42, 3.12, 4.70),
(7, 231, 16, '00003999816', 2, 672.00, '5', '0173', 'С2', 15.17, 8.26, 4.08, 5.21),
(7, 231, 16, '00003999816', 3, 672.00, 'Проп', '0233', 'С1', 15.47, 10.09, 5.92, 6.25),
(7, 231, 16, '00003999816', 4, 672.00, 'Монт', '0320', 'С3', 2.80, 18.36, 3.03, 5.21),
(7, 231, 53, '0000377783', 1, 1.21, '1.2', '2144', 'С2', 5.37, 3.23, 6.50, 4.70),
(7, 231, 53, '0000377783', 2, 1.21, 'Шт', '4110', 'С1', 6.53, 14.69, 5.98, 4.17),
(7, 231, 53, '0000377783', 3, 1.21, '1.5', '55', 'С3', 12.24, 16.37, 8.83, 6.77),
(7, 231, 53, '0000377783', 4, 1.21, 'Рег', '8512', 'С3', 2.59, 3.38, 5.15, 6.25),
(7, 231, 66, '00003777816', 1, 8.39, '3г', '6009', 'С2', 6.25, 12.72, 6.32, 6.77),
(7, 231, 66, '00003777816', 2, 8.39, '1.5', '4146', 'С2', 8.72, 19.12, 3.42, 6.77),
(7, 231, 66, '00003777816', 3, 8.39, '1.6', '7154', 'С2', 5.79, 7.36, 9.21, 6.25),
(7, 231, 66, '00003777816', 4, 8.39, '1.5', '0361', 'С2', 6.23, 4.81, 2.23, 6.77),
(7, 231, 116, '00003666816', 1, 672.00, 'Зал', '8803', 'С2', 3.77, 4.88, 7.46, 4.17),
(7, 231, 116, '00003666816', 2, 672.00, 'Монт', '7505', 'С1', 3.63, 13.47, 2.15, 5.21),
(7, 231, 116, '00003666816', 3, 672.00, 'Марк', '0113', 'С1', 13.29, 3.80, 7.24, 4.17),
(7, 231, 116, '00003666816', 4, 672.00, 'Термич', '0874', 'С3', 18.21, 2.86, 8.28, 4.70),
(7, 231, 190, '00003555815', 1, 336.00, 'Свар', '6558', 'С1', 7.61, 18.68, 4.79, 6.77),
(7, 231, 190, '00003555815', 2, 336.00, '1.5', '0218', 'С3', 2.24, 3.37, 3.81, 6.77),
(7, 231, 190, '00003555815', 3, 336.00, 'ЛазРез', '0672', 'С3', 2.35, 13.52, 2.91, 4.70),
(7, 231, 190, '00003555815', 4, 336.00, '1.5', '8074', 'С1', 18.24, 10.23, 9.66, 6.77),
(7, 231, 231, '0000344486', 1, 84.00, 'Зал', '9171', 'С2', 15.18, 5.65, 8.18, 4.17),
(7, 231, 231, '0000344486', 2, 84.00, 'Монт', '4159', 'С1', 18.69, 12.78, 3.39, 5.21),
(7, 231, 231, '0000344486', 3, 84.00, 'Свар', '0725', 'С2', 9.77, 10.91, 8.83, 6.77),
(7, 231, 231, '0000344486', 4, 84.00, '1.6', '0226', 'С3', 12.49, 10.53, 3.12, 6.25),
(8, 244, 7, '0000399987', 1, 308.00, 'Зал', '0156', 'С1', 4.30, 9.67, 2.40, 4.17),
(8, 244, 7, '0000399987', 2, 308.00, 'Уп', '0405', 'С2', 5.37, 2.30, 3.87, 4.17),
(8, 244, 7, '0000399987', 3, 308.00, '1.1', '6597', 'С3', 18.31, 12.02, 2.56, 5.21),
(8, 244, 7, '0000399987', 4, 308.00, 'Рег', '0121', 'С3', 13.43, 15.10, 4.41, 6.25),
(8, 244, 16, '00003999816', 1, 77.00, 'Термич', '0843', 'С3', 18.95, 4.42, 3.12, 4.70),
(8, 244, 16, '00003999816', 2, 77.00, '5', '0173', 'С2', 15.17, 8.26, 4.08, 5.21),
(8, 244, 16, '00003999816', 3, 77.00, 'Проп', '0233', 'С1', 15.47, 10.09, 5.92, 6.25),
(8, 244, 16, '00003999816', 4, 77.00, 'Монт', '0320', 'С3', 2.80, 18.36, 3.03, 5.21),
(8, 244, 57, '0000377787', 1, 1.42, '5', '0272', 'С2', 14.19, 13.00, 9.29, 5.21),
(8, 244, 57, '0000377787', 2, 1.42, 'Свар', '9032', 'С3', 11.03, 3.41, 5.55, 6.77),
(8, 244, 57, '0000377787', 3, 1.42, '1.5', '1067', 'С1', 19.29, 13.65, 2.87, 6.77),
(8, 244, 57, '0000377787', 4, 1.42, '1.7', '9090', 'С2', 3.69, 16.04, 2.33, 6.77),
(8, 244, 66, '00003777816', 1, 0.96, '3г', '6009', 'С2', 6.25, 12.72, 6.32, 6.77),
(8, 244, 66, '00003777816', 2, 0.96, '1.5', '4146', 'С2', 8.72, 19.12, 3.42, 6.77),
(8, 244, 66, '00003777816', 3, 0.96, '1.6', '7154', 'С2', 5.79, 7.36, 9.21, 6.25),
(8, 244, 66, '00003777816', 4, 0.96, '1.5', '0361', 'С2', 6.23, 4.81, 2.23, 6.77),
(8, 244, 125, '00003666825', 1, 308.00, 'Нам', '5143', 'С1', 10.54, 11.58, 7.96, 6.25),
(8, 244, 125, '00003666825', 2, 308.00, '1.5', '04', 'С2', 19.98, 15.80, 7.15, 6.77),
(8, 244, 125, '00003666825', 3, 308.00, 'ЛазРез', '7139', 'С1', 8.99, 13.51, 9.74, 4.70),
(8, 244, 125, '00003666825', 4, 308.00, 'ЛазГрав', '6575', 'С3', 5.18, 19.63, 5.13, 4.70),
(8, 244, 193, '00003555818', 1, 154.00, '1.2', '9117', 'С2', 3.16, 19.89, 4.37, 4.70),
(8, 244, 193, '00003555818', 2, 154.00, '3лг', '6533', 'С3', 19.21, 3.14, 8.70, 5.21),
(8, 244, 193, '00003555818', 3, 154.00, 'Проп', '0638', 'С3', 5.97, 16.33, 2.26, 6.25),
(8, 244, 193, '00003555818', 4, 154.00, '1.1', '7385', 'С1', 4.26, 10.36, 3.05, 5.21),
(8, 244, 244, '00003444819', 1, 77.00, 'Шт', '8058', 'С3', 9.93, 18.56, 7.17, 4.17),
(8, 244, 244, '00003444819', 2, 77.00, '1.6', '0337', 'С1', 7.40, 7.84, 5.78, 6.25),
(8, 244, 244, '00003444819', 3, 77.00, 'Нам', '7451', 'С2', 14.15, 3.72, 6.12, 6.25),
(8, 244, 244, '00003444819', 4, 77.00, 'Шлиф', '0383', 'С2', 18.94, 17.82, 7.16, 4.70),
(8, 250, 11, '00003999811', 1, 95.00, 'Шлиф', '6062', 'С2', 3.97, 6.88, 2.20, 4.70),
(8, 250, 11, '00003999811', 2, 95.00, '1.7', '0612', 'С2', 12.06, 3.65, 4.55, 6.77),
(8, 250, 11, '00003999811', 3, 95.00, '1.3', '0293', 'С3', 3.31, 16.77, 7.07, 5.21),
(8, 250, 11, '00003999811', 4, 95.00, 'Монт', '0722', 'С1', 12.56, 9.65, 4.07, 5.21),
(8, 250, 23, '00003999823', 1, 1900.00, 'Изол', '6009', 'С1', 7.19, 9.96, 5.56, 4.17),
(8, 250, 23, '00003999823', 2, 1900.00, 'Проп', '0666', 'С2', 19.84, 16.53, 7.14, 6.25),
(8, 250, 23, '00003999823', 3, 1900.00, '1.6', '7161', 'С1', 10.32, 6.09, 2.18, 6.25),
(8, 250, 23, '00003999823', 4, 1900.00, 'Зал', '0197', 'С2', 4.97, 13.10, 9.91, 4.17),
(8, 250, 61, '00003777811', 1, 0.88, '1.3', '6553', 'С2', 14.22, 13.28, 6.04, 5.21),
(8, 250, 61, '00003777811', 2, 0.88, 'ЛазРез', '0297', 'С2', 6.24, 4.16, 9.29, 4.70),
(8, 250, 61, '00003777811', 3, 0.88, 'Рег', '1000', 'С2', 19.59, 7.78, 2.31, 6.25),
(8, 250, 61, '00003777811', 4, 0.88, 'Чист', '0273', 'С3', 10.92, 13.43, 5.11, 4.70),
(8, 250, 73, '00003777823', 1, 24.63, '3п', '0272', 'С1', 8.09, 18.75, 3.07, 5.73),
(8, 250, 73, '00003777823', 2, 24.63, 'Уп', '0860', 'С1', 18.51, 19.84, 9.44, 4.17),
(8, 250, 73, '00003777823', 3, 24.63, 'Нам', '7171', 'С2', 4.75, 6.76, 8.28, 6.25),
(8, 250, 73, '00003777823', 4, 24.63, 'Нам', '0322', 'С3', 3.97, 13.04, 5.45, 6.25),
(8, 250, 106, '0000366686', 1, 475.00, '2', '2135', 'С3', 11.47, 9.62, 7.54, 6.25),
(8, 250, 106, '0000366686', 2, 475.00, '3лг', '5140', 'С2', 2.79, 10.93, 4.49, 5.21),
(8, 250, 106, '0000366686', 3, 475.00, 'Монт', '0192', 'С2', 16.52, 17.94, 2.14, 5.21),
(8, 250, 106, '0000366686', 4, 475.00, '1.2', '0776', 'С3', 14.09, 14.72, 6.23, 4.70),
(8, 250, 197, '00003555822', 1, 475.00, 'Шт', '7364', 'С2', 8.82, 18.71, 8.01, 4.17),
(8, 250, 197, '00003555822', 2, 475.00, '3г', '0261', 'С2', 5.21, 18.81, 5.21, 6.77),
(8, 250, 197, '00003555822', 3, 475.00, 'Рег', '5067', 'С2', 6.43, 5.63, 8.39, 6.25),
(8, 250, 197, '00003555822', 4, 475.00, '3г', '7174', 'С1', 17.05, 3.36, 3.47, 6.77),
(8, 250, 250, '00003444825', 1, 95.00, 'Свар', '0109', 'С3', 17.45, 19.50, 5.53, 6.77),
(8, 250, 250, '00003444825', 2, 95.00, 'Марк', '8142', 'С3', 10.14, 9.71, 4.18, 4.17),
(8, 250, 250, '00003444825', 3, 95.00, '1.2', '5025', 'С3', 15.62, 2.80, 4.28, 4.70),
(8, 250, 250, '00003444825', 4, 95.00, '1.6', '0270', 'С2', 16.61, 8.42, 8.94, 6.25),
(9, 109, 109, '0000366689', 1, 72.00, 'ЛазГрав', '1020', 'С2', 10.19, 5.86, 6.52, 4.70),
(9, 109, 109, '0000366689', 2, 72.00, '1.6', '9068', 'С3', 10.69, 19.14, 7.76, 6.25),
(9, 109, 109, '0000366689', 3, 72.00, '2', '2172', 'С3', 17.53, 9.83, 6.48, 6.25),
(9, 109, 109, '0000366689', 4, 72.00, '3г', '0180', 'С3', 15.40, 8.33, 6.49, 6.77),
(9, 229, 7, '0000399987', 1, 603.00, 'Зал', '0156', 'С1', 4.30, 9.67, 2.40, 4.17),
(9, 229, 7, '0000399987', 2, 603.00, 'Уп', '0405', 'С2', 5.37, 2.30, 3.87, 4.17),
(9, 229, 7, '0000399987', 3, 603.00, '1.1', '6597', 'С3', 18.31, 12.02, 2.56, 5.21),
(9, 229, 7, '0000399987', 4, 603.00, 'Рег', '0121', 'С3', 13.43, 15.10, 4.41, 6.25),
(9, 229, 23, '00003999823', 1, 134.00, 'Изол', '6009', 'С1', 7.19, 9.96, 5.56, 4.17),
(9, 229, 23, '00003999823', 2, 134.00, 'Проп', '0666', 'С2', 19.84, 16.53, 7.14, 6.25),
(9, 229, 23, '00003999823', 3, 134.00, '1.6', '7161', 'С1', 10.32, 6.09, 2.18, 6.25),
(9, 229, 23, '00003999823', 4, 134.00, 'Зал', '0197', 'С2', 4.97, 13.10, 9.91, 4.17),
(9, 229, 57, '0000377787', 1, 2.77, '5', '0272', 'С2', 14.19, 13.00, 9.29, 5.21),
(9, 229, 57, '0000377787', 2, 2.77, 'Свар', '9032', 'С3', 11.03, 3.41, 5.55, 6.77),
(9, 229, 57, '0000377787', 3, 2.77, '1.5', '1067', 'С1', 19.29, 13.65, 2.87, 6.77),
(9, 229, 57, '0000377787', 4, 2.77, '1.7', '9090', 'С2', 3.69, 16.04, 2.33, 6.77),
(9, 229, 73, '00003777823', 1, 1.74, '3п', '0272', 'С1', 8.09, 18.75, 3.07, 5.73),
(9, 229, 73, '00003777823', 2, 1.74, 'Уп', '0860', 'С1', 18.51, 19.84, 9.44, 4.17),
(9, 229, 73, '00003777823', 3, 1.74, 'Нам', '7171', 'С2', 4.75, 6.76, 8.28, 6.25),
(9, 229, 73, '00003777823', 4, 1.74, 'Нам', '0322', 'С3', 3.97, 13.04, 5.45, 6.25),
(9, 229, 115, '00003666815', 1, 201.00, 'Чист', '0430', 'С1', 3.32, 16.63, 4.33, 4.70),
(9, 229, 115, '00003666815', 2, 201.00, 'Термич', '1087', 'С1', 16.95, 15.20, 3.93, 4.70),
(9, 229, 115, '00003666815', 3, 201.00, '5', '0614', 'С2', 17.12, 12.80, 9.30, 5.21),
(9, 229, 115, '00003666815', 4, 201.00, 'Чист', '7101', 'С2', 5.90, 14.61, 7.84, 4.70),
(9, 229, 184, '0000355589', 1, 201.00, 'ВЖ', '0736', 'С2', 8.55, 16.96, 3.50, 4.17),
(9, 229, 184, '0000355589', 2, 201.00, '2', '0432', 'С1', 8.43, 17.38, 5.50, 6.25),
(9, 229, 184, '0000355589', 3, 201.00, 'ЛазГрав', '2114', 'С3', 17.98, 15.45, 8.93, 4.70),
(9, 229, 184, '0000355589', 4, 201.00, 'Шт', '0143', 'С3', 19.45, 5.86, 6.13, 4.17),
(9, 229, 229, '0000344484', 1, 67.00, 'Термич', '0329', 'С3', 18.92, 3.43, 7.06, 4.70),
(9, 229, 229, '0000344484', 2, 67.00, 'Проп', '4116', 'С3', 18.06, 10.28, 8.22, 6.25),
(9, 229, 229, '0000344484', 3, 67.00, 'Марк', '9049', 'С2', 6.44, 12.36, 2.79, 4.17),
(9, 229, 229, '0000344484', 4, 67.00, 'Проп', '0432', 'С2', 13.12, 2.26, 9.76, 6.25),
(10, 122, 122, '00003666822', 1, 98.00, '1.7', '0117', 'С3', 18.60, 9.26, 7.30, 6.77),
(10, 122, 122, '00003666822', 2, 98.00, 'Нам', '0624', 'С2', 6.89, 8.43, 6.30, 6.25),
(10, 122, 122, '00003666822', 3, 98.00, '1.1', '0643', 'С1', 13.92, 14.21, 5.64, 5.21),
(10, 122, 122, '00003666822', 4, 98.00, 'Монт', '0192', 'С2', 16.77, 19.60, 5.05, 5.21),
(10, 239, 13, '00003999813', 1, 61.00, 'Шт', '4180', 'С1', 13.22, 5.66, 7.22, 4.17),
(10, 239, 13, '00003999813', 2, 61.00, 'Уп', '0760', 'С1', 3.41, 12.91, 8.54, 4.17),
(10, 239, 13, '00003999813', 3, 61.00, '1.4', '6553', 'С2', 12.32, 12.49, 3.64, 5.21),
(10, 239, 13, '00003999813', 4, 61.00, '1.6', '7545', 'С3', 12.23, 17.79, 5.31, 6.25),
(10, 239, 22, '00003999822', 1, 122.00, 'ВЖ', '8864', 'С2', 14.29, 14.14, 7.01, 4.17),
(10, 239, 22, '00003999822', 2, 122.00, 'Марк', '8502', 'С1', 3.19, 7.36, 7.07, 4.17),
(10, 239, 22, '00003999822', 3, 122.00, 'Термич', '6592', 'С1', 13.12, 12.10, 4.71, 4.70),
(10, 239, 22, '00003999822', 4, 122.00, 'ВЖ', '9044', 'С3', 11.94, 10.77, 3.06, 4.17),
(10, 239, 63, '00003777813', 1, 0.82, 'Проп', '0213', 'С2', 11.22, 6.61, 2.49, 6.25),
(10, 239, 63, '00003777813', 2, 0.82, '2', '2111', 'С2', 6.00, 11.61, 9.38, 6.25),
(10, 239, 63, '00003777813', 3, 0.82, '1.5', '4262', 'С2', 2.54, 7.66, 5.92, 6.77),
(10, 239, 63, '00003777813', 4, 0.82, '3п', '8070', 'С1', 10.10, 12.80, 5.75, 5.73),
(10, 239, 72, '00003777822', 1, 0.57, 'ЛазРез', '0785', 'С1', 11.39, 10.84, 7.24, 4.70),
(10, 239, 72, '00003777822', 2, 0.57, 'ВЖ', '7155', 'С3', 18.62, 8.74, 3.75, 4.17),
(10, 239, 72, '00003777822', 3, 0.57, 'Чист', '5149', 'С2', 9.52, 13.15, 5.21, 4.70),
(10, 239, 72, '00003777822', 4, 0.57, '2', '9128', 'С3', 8.98, 19.67, 3.20, 6.25),
(10, 239, 108, '0000366688', 1, 244.00, 'Чист', '6013', 'С3', 18.19, 8.83, 6.85, 4.70),
(10, 239, 108, '0000366688', 2, 244.00, 'Зал', '8043', 'С3', 9.09, 11.13, 2.40, 4.17),
(10, 239, 108, '0000366688', 3, 244.00, '1.3', '4110', 'С3', 4.65, 19.79, 9.03, 5.21),
(10, 239, 108, '0000366688', 4, 244.00, 'Нам', '9174', 'С1', 9.07, 10.92, 7.28, 6.25),
(10, 239, 178, '0000355583', 1, 122.00, '3лг', '0177', 'С2', 7.36, 2.84, 7.69, 5.21),
(10, 239, 178, '0000355583', 2, 122.00, 'Нам', '0354', 'С2', 5.53, 3.45, 2.66, 6.25),
(10, 239, 178, '0000355583', 3, 122.00, 'Свар', '4237', 'С2', 8.92, 13.36, 6.43, 6.77),
(10, 239, 178, '0000355583', 4, 122.00, '2', '4213', 'С1', 2.79, 8.73, 5.12, 6.25),
(10, 239, 239, '00003444814', 1, 61.00, '1.5', '0222', 'С1', 4.85, 18.96, 8.01, 6.77),
(10, 239, 239, '00003444814', 2, 61.00, '2', '0632', 'С3', 14.40, 16.42, 5.36, 6.25),
(10, 239, 239, '00003444814', 3, 61.00, '1.6', '5011', 'С1', 6.64, 5.07, 2.33, 6.25),
(10, 239, 239, '00003444814', 4, 61.00, '1.3', '7372', 'С2', 3.86, 7.02, 3.76, 5.21),
(11, 118, 118, '00003666818', 1, 85.00, '3г', '7377', 'С2', 19.54, 13.72, 7.85, 6.77),
(11, 118, 118, '00003666818', 2, 85.00, 'Проп', '7132', 'С2', 9.82, 6.51, 2.63, 6.25),
(11, 118, 118, '00003666818', 3, 85.00, '1.2', '0822', 'С2', 14.26, 12.71, 9.70, 4.70),
(11, 118, 118, '00003666818', 4, 85.00, '3п', '8502', 'С2', 7.62, 19.06, 9.57, 5.73),
(11, 249, 14, '00003999814', 1, 1000.00, '1.5', '6060', 'С2', 2.25, 9.38, 2.10, 6.77),
(11, 249, 14, '00003999814', 2, 1000.00, 'Изол', '6085', 'С1', 14.48, 6.43, 2.19, 4.17),
(11, 249, 14, '00003999814', 3, 1000.00, 'Марк', '7506', 'С3', 7.75, 14.82, 3.10, 4.17),
(11, 249, 14, '00003999814', 4, 1000.00, '3п', '6596', 'С3', 2.30, 19.59, 4.56, 5.73),
(11, 249, 16, '00003999816', 1, 200.00, 'Термич', '0843', 'С3', 18.95, 4.42, 3.12, 4.70),
(11, 249, 16, '00003999816', 2, 200.00, '5', '0173', 'С2', 15.17, 8.26, 4.08, 5.21),
(11, 249, 16, '00003999816', 3, 200.00, 'Проп', '0233', 'С1', 15.47, 10.09, 5.92, 6.25),
(11, 249, 16, '00003999816', 4, 200.00, 'Монт', '0320', 'С3', 2.80, 18.36, 3.03, 5.21),
(11, 249, 64, '00003777814', 1, 12.16, '1.4', '7167', 'С1', 12.58, 7.49, 2.18, 5.21),
(11, 249, 64, '00003777814', 2, 12.16, '1.3', '6535', 'С3', 2.37, 11.82, 8.06, 5.21),
(11, 249, 64, '00003777814', 3, 12.16, '3г', '6074', 'С2', 13.68, 6.78, 3.35, 6.77),
(11, 249, 64, '00003777814', 4, 12.16, '1.5', '5041', 'С1', 17.70, 13.28, 5.69, 6.77),
(11, 249, 66, '00003777816', 1, 2.50, '3г', '6009', 'С2', 6.25, 12.72, 6.32, 6.77),
(11, 249, 66, '00003777816', 2, 2.50, '1.5', '4146', 'С2', 8.72, 19.12, 3.42, 6.77),
(11, 249, 66, '00003777816', 3, 2.50, '1.6', '7154', 'С2', 5.79, 7.36, 9.21, 6.25),
(11, 249, 66, '00003777816', 4, 2.50, '1.5', '0361', 'С2', 6.23, 4.81, 2.23, 6.77),
(11, 249, 102, '0000366682', 1, 2500.00, '1.1', '5140', 'С3', 6.89, 12.45, 7.70, 5.21),
(11, 249, 102, '0000366682', 2, 2500.00, 'ЛазГрав', '1074', 'С1', 5.05, 4.68, 8.39, 4.70),
(11, 249, 102, '0000366682', 3, 2500.00, 'Зал', '7440', 'С3', 4.36, 13.41, 2.50, 4.17),
(11, 249, 102, '0000366682', 4, 2500.00, 'Изол', '5546', 'С2', 11.17, 16.14, 9.47, 4.17),
(11, 249, 189, '00003555814', 1, 500.00, '3г', '0281', 'С3', 5.05, 3.17, 8.53, 6.77),
(11, 249, 189, '00003555814', 2, 500.00, '3г', '2152', 'С2', 7.26, 8.57, 2.42, 6.77),
(11, 249, 189, '00003555814', 3, 500.00, 'Монт', '5543', 'С3', 14.93, 8.79, 3.69, 5.21),
(11, 249, 189, '00003555814', 4, 500.00, '3лг', '7454', 'С1', 6.92, 5.45, 5.45, 5.21),
(11, 249, 249, '00003444824', 1, 100.00, '2', '0106', 'С2', 6.19, 16.81, 2.97, 6.25),
(11, 249, 249, '00003444824', 2, 100.00, 'Зал', '5512', 'С2', 13.03, 12.85, 9.60, 4.17),
(11, 249, 249, '00003444824', 3, 100.00, 'Уп', '0712', 'С2', 17.53, 8.61, 3.85, 4.17),
(11, 249, 249, '00003444824', 4, 100.00, '3лг', '4138', 'С3', 17.81, 15.41, 3.27, 5.21),
(12, 108, 108, '0000366688', 1, 71.00, 'Чист', '6013', 'С3', 18.19, 8.83, 6.85, 4.70),
(12, 108, 108, '0000366688', 2, 71.00, 'Зал', '8043', 'С3', 9.09, 11.13, 2.40, 4.17),
(12, 108, 108, '0000366688', 3, 71.00, '1.3', '4110', 'С3', 4.65, 19.79, 9.03, 5.21),
(12, 108, 108, '0000366688', 4, 71.00, 'Нам', '9174', 'С1', 9.07, 10.92, 7.28, 6.25),
(12, 110, 110, '00003666810', 1, 75.00, '1.7', '0391', 'С3', 12.46, 18.70, 5.45, 6.77),
(12, 110, 110, '00003666810', 2, 75.00, 'Нам', '6589', 'С1', 19.92, 7.64, 9.73, 6.25),
(12, 110, 110, '00003666810', 3, 75.00, '3г', '9032', 'С1', 6.83, 15.02, 9.09, 6.77),
(12, 110, 110, '00003666810', 4, 75.00, 'Шт', '9185', 'С1', 7.55, 9.65, 9.25, 4.17),
(13, 118, 118, '00003666818', 1, 71.00, '3г', '7377', 'С2', 19.54, 13.72, 7.85, 6.77),
(13, 118, 118, '00003666818', 2, 71.00, 'Проп', '7132', 'С2', 9.82, 6.51, 2.63, 6.25),
(13, 118, 118, '00003666818', 3, 71.00, '1.2', '0822', 'С2', 14.26, 12.71, 9.70, 4.70),
(13, 118, 118, '00003666818', 4, 71.00, '3п', '8502', 'С2', 7.62, 19.06, 9.57, 5.73),
(13, 240, 11, '00003999811', 1, 106.00, 'Шлиф', '6062', 'С2', 3.97, 6.88, 2.20, 4.70),
(13, 240, 11, '00003999811', 2, 106.00, '1.7', '0612', 'С2', 12.06, 3.65, 4.55, 6.77),
(13, 240, 11, '00003999811', 3, 106.00, '1.3', '0293', 'С3', 3.31, 16.77, 7.07, 5.21),
(13, 240, 11, '00003999811', 4, 106.00, 'Монт', '0722', 'С1', 12.56, 9.65, 4.07, 5.21),
(13, 240, 12, '00003999812', 1, 265.00, '1.6', '8071', 'С2', 15.40, 6.78, 6.10, 6.25),
(13, 240, 12, '00003999812', 2, 265.00, 'Чист', '7132', 'С2', 15.75, 15.45, 7.74, 4.70),
(13, 240, 12, '00003999812', 3, 265.00, '5', '8010', 'С1', 9.67, 3.79, 7.59, 5.21),
(13, 240, 12, '00003999812', 4, 265.00, 'ВЖ', '0230', 'С2', 11.68, 7.02, 2.16, 4.17),
(13, 240, 61, '00003777811', 1, 0.98, '1.3', '6553', 'С2', 14.22, 13.28, 6.04, 5.21),
(13, 240, 61, '00003777811', 2, 0.98, 'ЛазРез', '0297', 'С2', 6.24, 4.16, 9.29, 4.70),
(13, 240, 61, '00003777811', 3, 0.98, 'Рег', '1000', 'С2', 19.59, 7.78, 2.31, 6.25),
(13, 240, 61, '00003777811', 4, 0.98, 'Чист', '0273', 'С3', 10.92, 13.43, 5.11, 4.70),
(13, 240, 62, '00003777812', 1, 2.89, '3лг', '0128', 'С3', 15.08, 18.36, 4.32, 5.21),
(13, 240, 62, '00003777812', 2, 2.89, '1.3', '0333', 'С2', 5.22, 19.54, 4.91, 5.21),
(13, 240, 62, '00003777812', 3, 2.89, '3г', '2172', 'С1', 16.89, 18.23, 6.10, 6.77),
(13, 240, 62, '00003777812', 4, 2.89, '1.4', '7514', 'С2', 13.37, 14.99, 6.84, 5.21),
(13, 240, 124, '00003666824', 1, 265.00, '3лг', '6000', 'С3', 2.59, 17.59, 3.25, 5.21),
(13, 240, 124, '00003666824', 2, 265.00, 'Чист', '7163', 'С2', 15.52, 13.70, 8.00, 4.70),
(13, 240, 124, '00003666824', 3, 265.00, 'Изол', '8857', 'С3', 18.51, 9.44, 6.04, 4.17),
(13, 240, 124, '00003666824', 4, 265.00, 'ЛазГрав', '7369', 'С2', 7.88, 14.78, 8.34, 4.70),
(13, 240, 195, '00003555820', 1, 53.00, '1.6', '7418', 'С1', 3.41, 17.79, 7.85, 6.25),
(13, 240, 195, '00003555820', 2, 53.00, 'ВЖ', '6078', 'С1', 13.21, 4.28, 6.29, 4.17),
(13, 240, 195, '00003555820', 3, 53.00, '3г', '7180', 'С2', 12.78, 2.17, 7.95, 6.77),
(13, 240, 195, '00003555820', 4, 53.00, '2', '9076', 'С1', 5.96, 7.94, 2.40, 6.25),
(13, 240, 240, '00003444815', 1, 53.00, '1.4', '5156', 'С2', 5.81, 12.28, 7.39, 5.21),
(13, 240, 240, '00003444815', 2, 53.00, 'Изол', '7341', 'С1', 9.68, 13.31, 8.39, 4.17),
(13, 240, 240, '00003444815', 3, 53.00, 'ЛазРез', '0129', 'С3', 13.21, 18.61, 8.97, 4.70),
(13, 240, 240, '00003444815', 4, 53.00, '1.4', '9170', 'С3', 6.14, 4.72, 2.39, 5.21),
(14, 246, 17, '00003999817', 1, 52.00, '3лг', '0354', 'С3', 8.58, 2.24, 6.51, 5.21),
(14, 246, 17, '00003999817', 2, 52.00, '3п', '7535', 'С2', 12.10, 7.41, 6.94, 5.73),
(14, 246, 17, '00003999817', 3, 52.00, '1.5', '0412', 'С3', 4.97, 14.22, 4.66, 6.77),
(14, 246, 17, '00003999817', 4, 52.00, 'Свар', '42', 'С1', 12.63, 2.62, 9.40, 6.77),
(14, 246, 23, '00003999823', 1, 260.00, 'Изол', '6009', 'С1', 7.19, 9.96, 5.56, 4.17),
(14, 246, 23, '00003999823', 2, 260.00, 'Проп', '0666', 'С2', 19.84, 16.53, 7.14, 6.25),
(14, 246, 23, '00003999823', 3, 260.00, '1.6', '7161', 'С1', 10.32, 6.09, 2.18, 6.25),
(14, 246, 23, '00003999823', 4, 260.00, 'Зал', '0197', 'С2', 4.97, 13.10, 9.91, 4.17),
(14, 246, 67, '00003777817', 1, 0.58, '3лг', '5016', 'С3', 14.04, 16.49, 3.29, 5.21),
(14, 246, 67, '00003777817', 2, 0.58, '1.6', '2132', 'С1', 8.55, 13.79, 2.63, 6.25),
(14, 246, 67, '00003777817', 3, 0.58, '1.4', '0392', 'С3', 6.88, 4.93, 6.10, 5.21),
(14, 246, 67, '00003777817', 4, 0.58, 'Уп', '4142', 'С1', 13.13, 8.28, 8.77, 4.17),
(14, 246, 73, '00003777823', 1, 3.37, '3п', '0272', 'С1', 8.09, 18.75, 3.07, 5.73),
(14, 246, 73, '00003777823', 2, 3.37, 'Уп', '0860', 'С1', 18.51, 19.84, 9.44, 4.17),
(14, 246, 73, '00003777823', 3, 3.37, 'Нам', '7171', 'С2', 4.75, 6.76, 8.28, 6.25),
(14, 246, 73, '00003777823', 4, 3.37, 'Нам', '0322', 'С3', 3.97, 13.04, 5.45, 6.25),
(14, 246, 119, '00003666819', 1, 260.00, '1.1', '4220', 'С1', 8.27, 14.31, 4.16, 5.21),
(14, 246, 119, '00003666819', 2, 260.00, 'Уп', '0311', 'С3', 17.84, 5.04, 4.29, 4.17),
(14, 246, 119, '00003666819', 3, 260.00, 'Свар', '0170', 'С2', 16.65, 7.14, 7.87, 6.77),
(14, 246, 119, '00003666819', 4, 260.00, '3лг', '7151', 'С3', 17.53, 16.43, 2.52, 5.21),
(14, 246, 194, '00003555819', 1, 260.00, 'Шт', '0766', 'С2', 13.34, 17.82, 7.54, 4.17),
(14, 246, 194, '00003555819', 2, 260.00, 'Рег', '9121', 'С2', 3.48, 16.92, 2.19, 6.25),
(14, 246, 194, '00003555819', 3, 260.00, 'Уп', '6015', 'С3', 16.23, 5.95, 3.90, 4.17),
(14, 246, 194, '00003555819', 4, 260.00, 'Свар', '0821', 'С1', 8.53, 14.92, 5.35, 6.77),
(14, 246, 246, '00003444821', 1, 52.00, '1.1', '7141', 'С1', 17.88, 15.52, 3.92, 5.21),
(14, 246, 246, '00003444821', 2, 52.00, '1.4', '9133', 'С1', 18.27, 10.22, 3.26, 5.21),
(14, 246, 246, '00003444821', 3, 52.00, '2', '0221', 'С3', 4.16, 4.40, 3.92, 6.25),
(14, 246, 246, '00003444821', 4, 52.00, 'ЛазРез', '4261', 'С3', 7.39, 13.43, 2.64, 4.70),
(15, 102, 102, '0000366682', 1, 90.00, '1.1', '5140', 'С3', 6.89, 12.45, 7.70, 5.21),
(15, 102, 102, '0000366682', 2, 90.00, 'ЛазГрав', '1074', 'С1', 5.05, 4.68, 8.39, 4.70),
(15, 102, 102, '0000366682', 3, 90.00, 'Зал', '7440', 'С3', 4.36, 13.41, 2.50, 4.17),
(15, 102, 102, '0000366682', 4, 90.00, 'Изол', '5546', 'С2', 11.17, 16.14, 9.47, 4.17),
(15, 181, 10, '00003999810', 1, 68.00, 'Свар', '0290', 'С1', 13.72, 11.86, 5.14, 6.77),
(15, 181, 10, '00003999810', 2, 68.00, '3г', '0315', 'С2', 6.93, 2.73, 5.90, 6.77),
(15, 181, 10, '00003999810', 3, 68.00, '1.5', '8849', 'С3', 9.74, 19.54, 8.60, 6.77),
(15, 181, 10, '00003999810', 4, 68.00, '3п', '5513', 'С3', 11.75, 12.77, 6.68, 5.73),
(15, 181, 60, '00003777810', 1, 0.67, '1.1', '9177', 'С3', 18.22, 17.58, 9.91, 5.21),
(15, 181, 60, '00003777810', 2, 0.67, 'Нам', '8801', 'С3', 13.71, 15.65, 8.95, 6.25),
(15, 181, 60, '00003777810', 3, 0.67, '1.2', '6542', 'С1', 16.69, 12.93, 2.06, 4.70),
(15, 181, 60, '00003777810', 4, 0.67, 'Монт', '0853', 'С2', 11.98, 7.85, 6.34, 5.21),
(15, 181, 121, '00003666821', 1, 272.00, 'Термич', '8862', 'С1', 6.70, 12.25, 5.10, 4.70),
(15, 181, 121, '00003666821', 2, 272.00, '5', '4117', 'С3', 18.21, 6.38, 8.52, 5.21),
(15, 181, 121, '00003666821', 3, 272.00, 'ЛазГрав', '0294', 'С3', 18.42, 10.25, 9.68, 4.70),
(15, 181, 121, '00003666821', 4, 272.00, 'Шлиф', '0236', 'С3', 3.60, 18.66, 5.63, 4.70),
(15, 181, 181, '0000355586', 1, 68.00, 'ЛазГрав', '4141', 'С3', 10.23, 17.92, 4.88, 4.70),
(15, 181, 181, '0000355586', 2, 68.00, 'Шлиф', '1090', 'С3', 17.04, 2.61, 2.70, 4.70),
(15, 181, 181, '0000355586', 3, 68.00, 'Шлиф', '6033', 'С2', 9.75, 17.13, 3.29, 4.70),
(15, 181, 181, '0000355586', 4, 68.00, '5', '1089', 'С2', 2.82, 9.78, 5.09, 5.21),
(16, 9, 9, '0000399989', 1, 87.00, '1.4', '0790', 'С2', 11.43, 14.10, 4.86, 5.21),
(16, 9, 9, '0000399989', 2, 87.00, '2', '8854', 'С1', 10.13, 7.93, 3.60, 6.25),
(16, 9, 9, '0000399989', 3, 87.00, '1.4', '0188', 'С1', 13.33, 11.11, 7.55, 5.21),
(16, 9, 9, '0000399989', 4, 87.00, '2', '7103', 'С3', 5.87, 7.16, 6.38, 6.25),
(16, 9, 59, '0000377789', 1, 0.84, 'Монт', '7417', 'С2', 19.29, 11.05, 5.14, 5.21),
(16, 9, 59, '0000377789', 2, 0.84, '3лг', '7100', 'С2', 13.98, 16.75, 5.39, 5.21),
(16, 9, 59, '0000377789', 3, 0.84, '3лг', '60', 'С3', 10.52, 12.72, 3.42, 5.21),
(16, 9, 59, '0000377789', 4, 0.84, 'Рег', '2138', 'С3', 2.92, 7.04, 6.60, 6.25),
(16, 123, 123, '00003666823', 1, 67.00, 'Шлиф', '0254', 'С3', 10.12, 15.22, 9.53, 4.70),
(16, 123, 123, '00003666823', 2, 67.00, '3п', '6013', 'С2', 4.29, 8.56, 4.25, 5.73),
(16, 123, 123, '00003666823', 3, 67.00, 'Термич', '74', 'С1', 14.35, 3.09, 3.04, 4.70),
(16, 123, 123, '00003666823', 4, 67.00, '1.7', '8842', 'С1', 19.73, 6.32, 5.56, 6.77),
(17, 1, 1, '0000399981', 1, 79.00, 'Нам', '0415', 'С1', 15.03, 15.11, 7.28, 6.25),
(17, 1, 1, '0000399981', 2, 79.00, '1.6', '9128', 'С2', 12.22, 11.51, 9.23, 6.25),
(17, 1, 1, '0000399981', 3, 79.00, 'Нам', '9049', 'С3', 11.02, 9.37, 4.51, 6.25),
(17, 1, 1, '0000399981', 4, 79.00, '1.7', '7162', 'С3', 13.18, 14.99, 9.23, 6.77),
(17, 1, 51, '0000377781', 1, 0.57, 'Нам', '8021', 'С1', 13.47, 17.04, 9.29, 6.25),
(17, 1, 51, '0000377781', 2, 0.57, 'Шлиф', '7146', 'С1', 7.23, 2.07, 7.09, 4.70),
(17, 1, 51, '0000377781', 3, 0.57, 'Зал', '0416', 'С1', 13.42, 4.36, 5.93, 4.17),
(17, 1, 51, '0000377781', 4, 0.57, 'Марк', '6541', 'С1', 13.05, 9.46, 9.30, 4.17),
(19, 106, 106, '0000366686', 1, 69.00, '2', '2135', 'С3', 11.47, 9.62, 7.54, 6.25),
(19, 106, 106, '0000366686', 2, 69.00, '3лг', '5140', 'С2', 2.79, 10.93, 4.49, 5.21),
(19, 106, 106, '0000366686', 3, 69.00, 'Монт', '0192', 'С2', 16.52, 17.94, 2.14, 5.21),
(19, 106, 106, '0000366686', 4, 69.00, '1.2', '0776', 'С3', 14.09, 14.72, 6.23, 4.70),
(20, 240, 11, '00003999811', 1, 188.00, 'Шлиф', '6062', 'С2', 3.97, 6.88, 2.20, 4.70),
(20, 240, 11, '00003999811', 2, 188.00, '1.7', '0612', 'С2', 12.06, 3.65, 4.55, 6.77),
(20, 240, 11, '00003999811', 3, 188.00, '1.3', '0293', 'С3', 3.31, 16.77, 7.07, 5.21),
(20, 240, 11, '00003999811', 4, 188.00, 'Монт', '0722', 'С1', 12.56, 9.65, 4.07, 5.21),
(20, 240, 12, '00003999812', 1, 470.00, '1.6', '8071', 'С2', 15.40, 6.78, 6.10, 6.25),
(20, 240, 12, '00003999812', 2, 470.00, 'Чист', '7132', 'С2', 15.75, 15.45, 7.74, 4.70),
(20, 240, 12, '00003999812', 3, 470.00, '5', '8010', 'С1', 9.67, 3.79, 7.59, 5.21),
(20, 240, 12, '00003999812', 4, 470.00, 'ВЖ', '0230', 'С2', 11.68, 7.02, 2.16, 4.17),
(20, 240, 61, '00003777811', 1, 1.73, '1.3', '6553', 'С2', 14.22, 13.28, 6.04, 5.21),
(20, 240, 61, '00003777811', 2, 1.73, 'ЛазРез', '0297', 'С2', 6.24, 4.16, 9.29, 4.70),
(20, 240, 61, '00003777811', 3, 1.73, 'Рег', '1000', 'С2', 19.59, 7.78, 2.31, 6.25),
(20, 240, 61, '00003777811', 4, 1.73, 'Чист', '0273', 'С3', 10.92, 13.43, 5.11, 4.70),
(20, 240, 62, '00003777812', 1, 5.13, '3лг', '0128', 'С3', 15.08, 18.36, 4.32, 5.21),
(20, 240, 62, '00003777812', 2, 5.13, '1.3', '0333', 'С2', 5.22, 19.54, 4.91, 5.21),
(20, 240, 62, '00003777812', 3, 5.13, '3г', '2172', 'С1', 16.89, 18.23, 6.10, 6.77),
(20, 240, 62, '00003777812', 4, 5.13, '1.4', '7514', 'С2', 13.37, 14.99, 6.84, 5.21),
(20, 240, 124, '00003666824', 1, 470.00, '3лг', '6000', 'С3', 2.59, 17.59, 3.25, 5.21),
(20, 240, 124, '00003666824', 2, 470.00, 'Чист', '7163', 'С2', 15.52, 13.70, 8.00, 4.70),
(20, 240, 124, '00003666824', 3, 470.00, 'Изол', '8857', 'С3', 18.51, 9.44, 6.04, 4.17),
(20, 240, 124, '00003666824', 4, 470.00, 'ЛазГрав', '7369', 'С2', 7.88, 14.78, 8.34, 4.70),
(20, 240, 195, '00003555820', 1, 94.00, '1.6', '7418', 'С1', 3.41, 17.79, 7.85, 6.25),
(20, 240, 195, '00003555820', 2, 94.00, 'ВЖ', '6078', 'С1', 13.21, 4.28, 6.29, 4.17),
(20, 240, 195, '00003555820', 3, 94.00, '3г', '7180', 'С2', 12.78, 2.17, 7.95, 6.77),
(20, 240, 195, '00003555820', 4, 94.00, '2', '9076', 'С1', 5.96, 7.94, 2.40, 6.25),
(20, 240, 240, '00003444815', 1, 94.00, '1.4', '5156', 'С2', 5.81, 12.28, 7.39, 5.21),
(20, 240, 240, '00003444815', 2, 94.00, 'Изол', '7341', 'С1', 9.68, 13.31, 8.39, 4.17),
(20, 240, 240, '00003444815', 3, 94.00, 'ЛазРез', '0129', 'С3', 13.21, 18.61, 8.97, 4.70),
(20, 240, 240, '00003444815', 4, 94.00, '1.4', '9170', 'С3', 6.14, 4.72, 2.39, 5.21),
(21, 185, 11, '00003999811', 1, 62.00, 'Шлиф', '6062', 'С2', 3.97, 6.88, 2.20, 4.70),
(21, 185, 11, '00003999811', 2, 62.00, '1.7', '0612', 'С2', 12.06, 3.65, 4.55, 6.77),
(21, 185, 11, '00003999811', 3, 62.00, '1.3', '0293', 'С3', 3.31, 16.77, 7.07, 5.21),
(21, 185, 11, '00003999811', 4, 62.00, 'Монт', '0722', 'С1', 12.56, 9.65, 4.07, 5.21),
(21, 185, 61, '00003777811', 1, 0.57, '1.3', '6553', 'С2', 14.22, 13.28, 6.04, 5.21),
(21, 185, 61, '00003777811', 2, 0.57, 'ЛазРез', '0297', 'С2', 6.24, 4.16, 9.29, 4.70),
(21, 185, 61, '00003777811', 3, 0.57, 'Рег', '1000', 'С2', 19.59, 7.78, 2.31, 6.25),
(21, 185, 61, '00003777811', 4, 0.57, 'Чист', '0273', 'С3', 10.92, 13.43, 5.11, 4.70),
(21, 185, 115, '00003666815', 1, 248.00, 'Чист', '0430', 'С1', 3.32, 16.63, 4.33, 4.70),
(21, 185, 115, '00003666815', 2, 248.00, 'Термич', '1087', 'С1', 16.95, 15.20, 3.93, 4.70),
(21, 185, 115, '00003666815', 3, 248.00, '5', '0614', 'С2', 17.12, 12.80, 9.30, 5.21),
(21, 185, 115, '00003666815', 4, 248.00, 'Чист', '7101', 'С2', 5.90, 14.61, 7.84, 4.70),
(21, 185, 185, '00003555810', 1, 62.00, 'Нам', '2122', 'С3', 16.38, 7.05, 9.70, 6.25),
(21, 185, 185, '00003555810', 2, 62.00, '1.7', '9066', 'С2', 11.15, 11.54, 9.64, 6.77),
(21, 185, 185, '00003555810', 3, 62.00, 'ЛазГрав', '0815', 'С3', 4.10, 11.91, 3.24, 4.70),
(21, 185, 185, '00003555810', 4, 62.00, '3п', '0386', 'С1', 19.77, 18.87, 3.16, 5.73),
(21, 239, 13, '00003999813', 1, 71.00, 'Шт', '4180', 'С1', 13.22, 5.66, 7.22, 4.17),
(21, 239, 13, '00003999813', 2, 71.00, 'Уп', '0760', 'С1', 3.41, 12.91, 8.54, 4.17),
(21, 239, 13, '00003999813', 3, 71.00, '1.4', '6553', 'С2', 12.32, 12.49, 3.64, 5.21),
(21, 239, 13, '00003999813', 4, 71.00, '1.6', '7545', 'С3', 12.23, 17.79, 5.31, 6.25),
(21, 239, 22, '00003999822', 1, 142.00, 'ВЖ', '8864', 'С2', 14.29, 14.14, 7.01, 4.17),
(21, 239, 22, '00003999822', 2, 142.00, 'Марк', '8502', 'С1', 3.19, 7.36, 7.07, 4.17),
(21, 239, 22, '00003999822', 3, 142.00, 'Термич', '6592', 'С1', 13.12, 12.10, 4.71, 4.70),
(21, 239, 22, '00003999822', 4, 142.00, 'ВЖ', '9044', 'С3', 11.94, 10.77, 3.06, 4.17),
(21, 239, 63, '00003777813', 1, 0.95, 'Проп', '0213', 'С2', 11.22, 6.61, 2.49, 6.25),
(21, 239, 63, '00003777813', 2, 0.95, '2', '2111', 'С2', 6.00, 11.61, 9.38, 6.25),
(21, 239, 63, '00003777813', 3, 0.95, '1.5', '4262', 'С2', 2.54, 7.66, 5.92, 6.77),
(21, 239, 63, '00003777813', 4, 0.95, '3п', '8070', 'С1', 10.10, 12.80, 5.75, 5.73),
(21, 239, 72, '00003777822', 1, 0.66, 'ЛазРез', '0785', 'С1', 11.39, 10.84, 7.24, 4.70),
(21, 239, 72, '00003777822', 2, 0.66, 'ВЖ', '7155', 'С3', 18.62, 8.74, 3.75, 4.17),
(21, 239, 72, '00003777822', 3, 0.66, 'Чист', '5149', 'С2', 9.52, 13.15, 5.21, 4.70),
(21, 239, 72, '00003777822', 4, 0.66, '2', '9128', 'С3', 8.98, 19.67, 3.20, 6.25),
(21, 239, 108, '0000366688', 1, 284.00, 'Чист', '6013', 'С3', 18.19, 8.83, 6.85, 4.70),
(21, 239, 108, '0000366688', 2, 284.00, 'Зал', '8043', 'С3', 9.09, 11.13, 2.40, 4.17),
(21, 239, 108, '0000366688', 3, 284.00, '1.3', '4110', 'С3', 4.65, 19.79, 9.03, 5.21),
(21, 239, 108, '0000366688', 4, 284.00, 'Нам', '9174', 'С1', 9.07, 10.92, 7.28, 6.25),
(21, 239, 178, '0000355583', 1, 142.00, '3лг', '0177', 'С2', 7.36, 2.84, 7.69, 5.21),
(21, 239, 178, '0000355583', 2, 142.00, 'Нам', '0354', 'С2', 5.53, 3.45, 2.66, 6.25),
(21, 239, 178, '0000355583', 3, 142.00, 'Свар', '4237', 'С2', 8.92, 13.36, 6.43, 6.77),
(21, 239, 178, '0000355583', 4, 142.00, '2', '4213', 'С1', 2.79, 8.73, 5.12, 6.25),
(21, 239, 239, '00003444814', 1, 71.00, '1.5', '0222', 'С1', 4.85, 18.96, 8.01, 6.77),
(21, 239, 239, '00003444814', 2, 71.00, '2', '0632', 'С3', 14.40, 16.42, 5.36, 6.25),
(21, 239, 239, '00003444814', 3, 71.00, '1.6', '5011', 'С1', 6.64, 5.07, 2.33, 6.25),
(21, 239, 239, '00003444814', 4, 71.00, '1.3', '7372', 'С2', 3.86, 7.02, 3.76, 5.21),
(22, 3, 3, '0000399983', 1, 68.00, '3п', '5067', 'С1', 8.56, 3.54, 9.33, 5.73),
(22, 3, 3, '0000399983', 2, 68.00, 'Монт', '0665', 'С3', 3.09, 8.14, 9.70, 5.21),
(22, 3, 3, '0000399983', 3, 68.00, '5', '6554', 'С1', 4.15, 12.72, 9.27, 5.21),
(22, 3, 3, '0000399983', 4, 68.00, '3лг', '0396', 'С2', 7.75, 10.45, 9.38, 5.21),
(22, 3, 53, '0000377783', 1, 0.24, '1.2', '2144', 'С2', 5.37, 3.23, 6.50, 4.70),
(22, 3, 53, '0000377783', 2, 0.24, 'Шт', '4110', 'С1', 6.53, 14.69, 5.98, 4.17),
(22, 3, 53, '0000377783', 3, 0.24, '1.5', '55', 'С3', 12.24, 16.37, 8.83, 6.77),
(22, 3, 53, '0000377783', 4, 0.24, 'Рег', '8512', 'С3', 2.59, 3.38, 5.15, 6.25),
(22, 117, 117, '00003666817', 1, 65.00, '1.5', '7565', 'С2', 9.80, 7.03, 5.24, 6.77),
(22, 117, 117, '00003666817', 2, 65.00, 'Рег', '5517', 'С2', 19.21, 19.25, 7.60, 6.25),
(22, 117, 117, '00003666817', 3, 65.00, 'Изол', '0160', 'С1', 13.53, 11.41, 6.80, 4.17),
(22, 117, 117, '00003666817', 4, 65.00, '1.2', '0629', 'С3', 9.25, 3.41, 4.58, 4.70),
(23, 185, 11, '00003999811', 1, 79.00, 'Шлиф', '6062', 'С2', 3.97, 6.88, 2.20, 4.70),
(23, 185, 11, '00003999811', 2, 79.00, '1.7', '0612', 'С2', 12.06, 3.65, 4.55, 6.77),
(23, 185, 11, '00003999811', 3, 79.00, '1.3', '0293', 'С3', 3.31, 16.77, 7.07, 5.21),
(23, 185, 11, '00003999811', 4, 79.00, 'Монт', '0722', 'С1', 12.56, 9.65, 4.07, 5.21),
(23, 185, 61, '00003777811', 1, 0.73, '1.3', '6553', 'С2', 14.22, 13.28, 6.04, 5.21),
(23, 185, 61, '00003777811', 2, 0.73, 'ЛазРез', '0297', 'С2', 6.24, 4.16, 9.29, 4.70),
(23, 185, 61, '00003777811', 3, 0.73, 'Рег', '1000', 'С2', 19.59, 7.78, 2.31, 6.25),
(23, 185, 61, '00003777811', 4, 0.73, 'Чист', '0273', 'С3', 10.92, 13.43, 5.11, 4.70),
(23, 185, 115, '00003666815', 1, 316.00, 'Чист', '0430', 'С1', 3.32, 16.63, 4.33, 4.70),
(23, 185, 115, '00003666815', 2, 316.00, 'Термич', '1087', 'С1', 16.95, 15.20, 3.93, 4.70),
(23, 185, 115, '00003666815', 3, 316.00, '5', '0614', 'С2', 17.12, 12.80, 9.30, 5.21),
(23, 185, 115, '00003666815', 4, 316.00, 'Чист', '7101', 'С2', 5.90, 14.61, 7.84, 4.70),
(23, 185, 185, '00003555810', 1, 79.00, 'Нам', '2122', 'С3', 16.38, 7.05, 9.70, 6.25),
(23, 185, 185, '00003555810', 2, 79.00, '1.7', '9066', 'С2', 11.15, 11.54, 9.64, 6.77),
(23, 185, 185, '00003555810', 3, 79.00, 'ЛазГрав', '0815', 'С3', 4.10, 11.91, 3.24, 4.70),
(23, 185, 185, '00003555810', 4, 79.00, '3п', '0386', 'С1', 19.77, 18.87, 3.16, 5.73),
(23, 194, 23, '00003999823', 1, 90.00, 'Изол', '6009', 'С1', 7.19, 9.96, 5.56, 4.17),
(23, 194, 23, '00003999823', 2, 90.00, 'Проп', '0666', 'С2', 19.84, 16.53, 7.14, 6.25),
(23, 194, 23, '00003999823', 3, 90.00, '1.6', '7161', 'С1', 10.32, 6.09, 2.18, 6.25),
(23, 194, 23, '00003999823', 4, 90.00, 'Зал', '0197', 'С2', 4.97, 13.10, 9.91, 4.17),
(23, 194, 73, '00003777823', 1, 1.17, '3п', '0272', 'С1', 8.09, 18.75, 3.07, 5.73),
(23, 194, 73, '00003777823', 2, 1.17, 'Уп', '0860', 'С1', 18.51, 19.84, 9.44, 4.17),
(23, 194, 73, '00003777823', 3, 1.17, 'Нам', '7171', 'С2', 4.75, 6.76, 8.28, 6.25),
(23, 194, 73, '00003777823', 4, 1.17, 'Нам', '0322', 'С3', 3.97, 13.04, 5.45, 6.25),
(23, 194, 119, '00003666819', 1, 90.00, '1.1', '4220', 'С1', 8.27, 14.31, 4.16, 5.21),
(23, 194, 119, '00003666819', 2, 90.00, 'Уп', '0311', 'С3', 17.84, 5.04, 4.29, 4.17),
(23, 194, 119, '00003666819', 3, 90.00, 'Свар', '0170', 'С2', 16.65, 7.14, 7.87, 6.77),
(23, 194, 119, '00003666819', 4, 90.00, '3лг', '7151', 'С3', 17.53, 16.43, 2.52, 5.21),
(23, 194, 194, '00003555819', 1, 90.00, 'Шт', '0766', 'С2', 13.34, 17.82, 7.54, 4.17),
(23, 194, 194, '00003555819', 2, 90.00, 'Рег', '9121', 'С2', 3.48, 16.92, 2.19, 6.25),
(23, 194, 194, '00003555819', 3, 90.00, 'Уп', '6015', 'С3', 16.23, 5.95, 3.90, 4.17),
(23, 194, 194, '00003555819', 4, 90.00, 'Свар', '0821', 'С1', 8.53, 14.92, 5.35, 6.77),
(24, 4, 4, '0000399984', 1, 69.00, '5', '0134', 'С3', 9.12, 8.92, 5.54, 5.21),
(24, 4, 4, '0000399984', 2, 69.00, 'Зал', '0101', 'С3', 18.97, 3.91, 8.05, 4.17),
(24, 4, 4, '0000399984', 3, 69.00, 'Проп', '0211', 'С2', 16.26, 15.80, 7.86, 6.25),
(24, 4, 4, '0000399984', 4, 69.00, '3г', '7535', 'С3', 9.57, 5.89, 4.01, 6.77),
(24, 4, 54, '0000377784', 1, 0.46, '5', '7300', 'С1', 15.03, 16.87, 3.65, 5.21),
(24, 4, 54, '0000377784', 2, 0.46, '1.5', '0263', 'С1', 3.43, 8.74, 5.54, 6.77),
(24, 4, 54, '0000377784', 3, 0.46, 'ЛазГрав', '7103', 'С3', 10.42, 5.66, 3.91, 4.70),
(24, 4, 54, '0000377784', 4, 0.46, 'Шлиф', '8857', 'С2', 11.70, 5.83, 8.77, 4.70),
(25, 178, 22, '00003999822', 1, 58.00, 'ВЖ', '8864', 'С2', 14.29, 14.14, 7.01, 4.17),
(25, 178, 22, '00003999822', 2, 58.00, 'Марк', '8502', 'С1', 3.19, 7.36, 7.07, 4.17),
(25, 178, 22, '00003999822', 3, 58.00, 'Термич', '6592', 'С1', 13.12, 12.10, 4.71, 4.70),
(25, 178, 22, '00003999822', 4, 58.00, 'ВЖ', '9044', 'С3', 11.94, 10.77, 3.06, 4.17),
(25, 178, 72, '00003777822', 1, 0.27, 'ЛазРез', '0785', 'С1', 11.39, 10.84, 7.24, 4.70);
INSERT INTO `order_item_route` (`order_id`, `item_id`, `current_item_id`, `route_number`, `point_number`, `cnt`, `point_code`, `operation_code`, `rate_code`, `unit_time`, `working_time`, `lead_time`, `base_payment`) VALUES
(25, 178, 72, '00003777822', 2, 0.27, 'ВЖ', '7155', 'С3', 18.62, 8.74, 3.75, 4.17),
(25, 178, 72, '00003777822', 3, 0.27, 'Чист', '5149', 'С2', 9.52, 13.15, 5.21, 4.70),
(25, 178, 72, '00003777822', 4, 0.27, '2', '9128', 'С3', 8.98, 19.67, 3.20, 6.25),
(25, 178, 108, '0000366688', 1, 116.00, 'Чист', '6013', 'С3', 18.19, 8.83, 6.85, 4.70),
(25, 178, 108, '0000366688', 2, 116.00, 'Зал', '8043', 'С3', 9.09, 11.13, 2.40, 4.17),
(25, 178, 108, '0000366688', 3, 116.00, '1.3', '4110', 'С3', 4.65, 19.79, 9.03, 5.21),
(25, 178, 108, '0000366688', 4, 116.00, 'Нам', '9174', 'С1', 9.07, 10.92, 7.28, 6.25),
(25, 178, 178, '0000355583', 1, 58.00, '3лг', '0177', 'С2', 7.36, 2.84, 7.69, 5.21),
(25, 178, 178, '0000355583', 2, 58.00, 'Нам', '0354', 'С2', 5.53, 3.45, 2.66, 6.25),
(25, 178, 178, '0000355583', 3, 58.00, 'Свар', '4237', 'С2', 8.92, 13.36, 6.43, 6.77),
(25, 178, 178, '0000355583', 4, 58.00, '2', '4213', 'С1', 2.79, 8.73, 5.12, 6.25),
(25, 230, 13, '00003999813', 1, 1440.00, 'Шт', '4180', 'С1', 13.22, 5.66, 7.22, 4.17),
(25, 230, 13, '00003999813', 2, 1440.00, 'Уп', '0760', 'С1', 3.41, 12.91, 8.54, 4.17),
(25, 230, 13, '00003999813', 3, 1440.00, '1.4', '6553', 'С2', 12.32, 12.49, 3.64, 5.21),
(25, 230, 13, '00003999813', 4, 1440.00, '1.6', '7545', 'С3', 12.23, 17.79, 5.31, 6.25),
(25, 230, 17, '00003999817', 1, 216.00, '3лг', '0354', 'С3', 8.58, 2.24, 6.51, 5.21),
(25, 230, 17, '00003999817', 2, 216.00, '3п', '7535', 'С2', 12.10, 7.41, 6.94, 5.73),
(25, 230, 17, '00003999817', 3, 216.00, '1.5', '0412', 'С3', 4.97, 14.22, 4.66, 6.77),
(25, 230, 17, '00003999817', 4, 216.00, 'Свар', '42', 'С1', 12.63, 2.62, 9.40, 6.77),
(25, 230, 63, '00003777813', 1, 19.25, 'Проп', '0213', 'С2', 11.22, 6.61, 2.49, 6.25),
(25, 230, 63, '00003777813', 2, 19.25, '2', '2111', 'С2', 6.00, 11.61, 9.38, 6.25),
(25, 230, 63, '00003777813', 3, 19.25, '1.5', '4262', 'С2', 2.54, 7.66, 5.92, 6.77),
(25, 230, 63, '00003777813', 4, 19.25, '3п', '8070', 'С1', 10.10, 12.80, 5.75, 5.73),
(25, 230, 67, '00003777817', 1, 2.41, '3лг', '5016', 'С3', 14.04, 16.49, 3.29, 5.21),
(25, 230, 67, '00003777817', 2, 2.41, '1.6', '2132', 'С1', 8.55, 13.79, 2.63, 6.25),
(25, 230, 67, '00003777817', 3, 2.41, '1.4', '0392', 'С3', 6.88, 4.93, 6.10, 5.21),
(25, 230, 67, '00003777817', 4, 2.41, 'Уп', '4142', 'С1', 13.13, 8.28, 8.77, 4.17),
(25, 230, 109, '0000366689', 1, 1080.00, 'ЛазГрав', '1020', 'С2', 10.19, 5.86, 6.52, 4.70),
(25, 230, 109, '0000366689', 2, 1080.00, '1.6', '9068', 'С3', 10.69, 19.14, 7.76, 6.25),
(25, 230, 109, '0000366689', 3, 1080.00, '2', '2172', 'С3', 17.53, 9.83, 6.48, 6.25),
(25, 230, 109, '0000366689', 4, 1080.00, '3г', '0180', 'С3', 15.40, 8.33, 6.49, 6.77),
(25, 230, 188, '00003555813', 1, 360.00, '1.5', '1087', 'С2', 11.92, 15.70, 4.65, 6.77),
(25, 230, 188, '00003555813', 2, 360.00, 'Изол', '0252', 'С2', 2.08, 15.51, 7.67, 4.17),
(25, 230, 188, '00003555813', 3, 360.00, 'Уп', '0311', 'С1', 13.30, 3.04, 7.93, 4.17),
(25, 230, 188, '00003555813', 4, 360.00, 'ЛазРез', '8111', 'С2', 2.70, 17.50, 8.79, 4.70),
(25, 230, 230, '0000344485', 1, 72.00, '1.2', '5515', 'С2', 17.62, 12.50, 9.99, 4.70),
(25, 230, 230, '0000344485', 2, 72.00, '5', '0362', 'С1', 3.97, 14.33, 6.72, 5.21),
(25, 230, 230, '0000344485', 3, 72.00, '3п', '7169', 'С3', 18.15, 6.62, 9.02, 5.73),
(25, 230, 230, '0000344485', 4, 72.00, '1.6', '7114', 'С2', 6.07, 18.89, 5.81, 6.25),
(26, 13, 13, '00003999813', 1, 74.00, 'Шт', '4180', 'С1', 13.22, 5.66, 7.22, 4.17),
(26, 13, 13, '00003999813', 2, 74.00, 'Уп', '0760', 'С1', 3.41, 12.91, 8.54, 4.17),
(26, 13, 13, '00003999813', 3, 74.00, '1.4', '6553', 'С2', 12.32, 12.49, 3.64, 5.21),
(26, 13, 13, '00003999813', 4, 74.00, '1.6', '7545', 'С3', 12.23, 17.79, 5.31, 6.25),
(26, 13, 63, '00003777813', 1, 0.99, 'Проп', '0213', 'С2', 11.22, 6.61, 2.49, 6.25),
(26, 13, 63, '00003777813', 2, 0.99, '2', '2111', 'С2', 6.00, 11.61, 9.38, 6.25),
(26, 13, 63, '00003777813', 3, 0.99, '1.5', '4262', 'С2', 2.54, 7.66, 5.92, 6.77),
(26, 13, 63, '00003777813', 4, 0.99, '3п', '8070', 'С1', 10.10, 12.80, 5.75, 5.73),
(26, 16, 16, '00003999816', 1, 76.00, 'Термич', '0843', 'С3', 18.95, 4.42, 3.12, 4.70),
(26, 16, 16, '00003999816', 2, 76.00, '5', '0173', 'С2', 15.17, 8.26, 4.08, 5.21),
(26, 16, 16, '00003999816', 3, 76.00, 'Проп', '0233', 'С1', 15.47, 10.09, 5.92, 6.25),
(26, 16, 16, '00003999816', 4, 76.00, 'Монт', '0320', 'С3', 2.80, 18.36, 3.03, 5.21),
(26, 16, 66, '00003777816', 1, 0.95, '3г', '6009', 'С2', 6.25, 12.72, 6.32, 6.77),
(26, 16, 66, '00003777816', 2, 0.95, '1.5', '4146', 'С2', 8.72, 19.12, 3.42, 6.77),
(26, 16, 66, '00003777816', 3, 0.95, '1.6', '7154', 'С2', 5.79, 7.36, 9.21, 6.25),
(26, 16, 66, '00003777816', 4, 0.95, '1.5', '0361', 'С2', 6.23, 4.81, 2.23, 6.77),
(27, 121, 121, '00003666821', 1, 54.00, 'Термич', '8862', 'С1', 6.70, 12.25, 5.10, 4.70),
(27, 121, 121, '00003666821', 2, 54.00, '5', '4117', 'С3', 18.21, 6.38, 8.52, 5.21),
(27, 121, 121, '00003666821', 3, 54.00, 'ЛазГрав', '0294', 'С3', 18.42, 10.25, 9.68, 4.70),
(27, 121, 121, '00003666821', 4, 54.00, 'Шлиф', '0236', 'С3', 3.60, 18.66, 5.63, 4.70),
(27, 189, 14, '00003999814', 1, 190.00, '1.5', '6060', 'С2', 2.25, 9.38, 2.10, 6.77),
(27, 189, 14, '00003999814', 2, 190.00, 'Изол', '6085', 'С1', 14.48, 6.43, 2.19, 4.17),
(27, 189, 14, '00003999814', 3, 190.00, 'Марк', '7506', 'С3', 7.75, 14.82, 3.10, 4.17),
(27, 189, 14, '00003999814', 4, 190.00, '3п', '6596', 'С3', 2.30, 19.59, 4.56, 5.73),
(27, 189, 64, '00003777814', 1, 2.31, '1.4', '7167', 'С1', 12.58, 7.49, 2.18, 5.21),
(27, 189, 64, '00003777814', 2, 2.31, '1.3', '6535', 'С3', 2.37, 11.82, 8.06, 5.21),
(27, 189, 64, '00003777814', 3, 2.31, '3г', '6074', 'С2', 13.68, 6.78, 3.35, 6.77),
(27, 189, 64, '00003777814', 4, 2.31, '1.5', '5041', 'С1', 17.70, 13.28, 5.69, 6.77),
(27, 189, 102, '0000366682', 1, 475.00, '1.1', '5140', 'С3', 6.89, 12.45, 7.70, 5.21),
(27, 189, 102, '0000366682', 2, 475.00, 'ЛазГрав', '1074', 'С1', 5.05, 4.68, 8.39, 4.70),
(27, 189, 102, '0000366682', 3, 475.00, 'Зал', '7440', 'С3', 4.36, 13.41, 2.50, 4.17),
(27, 189, 102, '0000366682', 4, 475.00, 'Изол', '5546', 'С2', 11.17, 16.14, 9.47, 4.17),
(27, 189, 189, '00003555814', 1, 95.00, '3г', '0281', 'С3', 5.05, 3.17, 8.53, 6.77),
(27, 189, 189, '00003555814', 2, 95.00, '3г', '2152', 'С2', 7.26, 8.57, 2.42, 6.77),
(27, 189, 189, '00003555814', 3, 95.00, 'Монт', '5543', 'С3', 14.93, 8.79, 3.69, 5.21),
(27, 189, 189, '00003555814', 4, 95.00, '3лг', '7454', 'С1', 6.92, 5.45, 5.45, 5.21),
(28, 14, 14, '00003999814', 1, 82.00, '1.5', '6060', 'С2', 2.25, 9.38, 2.10, 6.77),
(28, 14, 14, '00003999814', 2, 82.00, 'Изол', '6085', 'С1', 14.48, 6.43, 2.19, 4.17),
(28, 14, 14, '00003999814', 3, 82.00, 'Марк', '7506', 'С3', 7.75, 14.82, 3.10, 4.17),
(28, 14, 14, '00003999814', 4, 82.00, '3п', '6596', 'С3', 2.30, 19.59, 4.56, 5.73),
(28, 14, 64, '00003777814', 1, 1.00, '1.4', '7167', 'С1', 12.58, 7.49, 2.18, 5.21),
(28, 14, 64, '00003777814', 2, 1.00, '1.3', '6535', 'С3', 2.37, 11.82, 8.06, 5.21),
(28, 14, 64, '00003777814', 3, 1.00, '3г', '6074', 'С2', 13.68, 6.78, 3.35, 6.77),
(28, 14, 64, '00003777814', 4, 1.00, '1.5', '5041', 'С1', 17.70, 13.28, 5.69, 6.77),
(29, 101, 101, '0000366681', 1, 50.00, 'Изол', '0721', 'С1', 9.02, 14.52, 7.44, 4.17),
(29, 101, 101, '0000366681', 2, 50.00, '1.1', '7502', 'С1', 16.90, 17.50, 9.04, 5.21),
(29, 101, 101, '0000366681', 3, 50.00, 'Чист', '5010', 'С2', 16.71, 11.10, 5.91, 4.70),
(29, 101, 101, '0000366681', 4, 50.00, '1.1', '8110', 'С1', 6.31, 11.17, 9.40, 5.21),
(30, 16, 16, '00003999816', 1, 82.00, 'Термич', '0843', 'С3', 18.95, 4.42, 3.12, 4.70),
(30, 16, 16, '00003999816', 2, 82.00, '5', '0173', 'С2', 15.17, 8.26, 4.08, 5.21),
(30, 16, 16, '00003999816', 3, 82.00, 'Проп', '0233', 'С1', 15.47, 10.09, 5.92, 6.25),
(30, 16, 16, '00003999816', 4, 82.00, 'Монт', '0320', 'С3', 2.80, 18.36, 3.03, 5.21),
(30, 16, 66, '00003777816', 1, 1.02, '3г', '6009', 'С2', 6.25, 12.72, 6.32, 6.77),
(30, 16, 66, '00003777816', 2, 1.02, '1.5', '4146', 'С2', 8.72, 19.12, 3.42, 6.77),
(30, 16, 66, '00003777816', 3, 1.02, '1.6', '7154', 'С2', 5.79, 7.36, 9.21, 6.25),
(30, 16, 66, '00003777816', 4, 1.02, '1.5', '0361', 'С2', 6.23, 4.81, 2.23, 6.77),
(30, 110, 110, '00003666810', 1, 76.00, '1.7', '0391', 'С3', 12.46, 18.70, 5.45, 6.77),
(30, 110, 110, '00003666810', 2, 76.00, 'Нам', '6589', 'С1', 19.92, 7.64, 9.73, 6.25),
(30, 110, 110, '00003666810', 3, 76.00, '3г', '9032', 'С1', 6.83, 15.02, 9.09, 6.77),
(30, 110, 110, '00003666810', 4, 76.00, 'Шт', '9185', 'С1', 7.55, 9.65, 9.25, 4.17),
(31, 231, 3, '0000399983', 1, 368.00, '3п', '5067', 'С1', 8.56, 3.54, 9.33, 5.73),
(31, 231, 3, '0000399983', 2, 368.00, 'Монт', '0665', 'С3', 3.09, 8.14, 9.70, 5.21),
(31, 231, 3, '0000399983', 3, 368.00, '5', '6554', 'С1', 4.15, 12.72, 9.27, 5.21),
(31, 231, 3, '0000399983', 4, 368.00, '3лг', '0396', 'С2', 7.75, 10.45, 9.38, 5.21),
(31, 231, 16, '00003999816', 1, 736.00, 'Термич', '0843', 'С3', 18.95, 4.42, 3.12, 4.70),
(31, 231, 16, '00003999816', 2, 736.00, '5', '0173', 'С2', 15.17, 8.26, 4.08, 5.21),
(31, 231, 16, '00003999816', 3, 736.00, 'Проп', '0233', 'С1', 15.47, 10.09, 5.92, 6.25),
(31, 231, 16, '00003999816', 4, 736.00, 'Монт', '0320', 'С3', 2.80, 18.36, 3.03, 5.21),
(31, 231, 53, '0000377783', 1, 1.32, '1.2', '2144', 'С2', 5.37, 3.23, 6.50, 4.70),
(31, 231, 53, '0000377783', 2, 1.32, 'Шт', '4110', 'С1', 6.53, 14.69, 5.98, 4.17),
(31, 231, 53, '0000377783', 3, 1.32, '1.5', '55', 'С3', 12.24, 16.37, 8.83, 6.77),
(31, 231, 53, '0000377783', 4, 1.32, 'Рег', '8512', 'С3', 2.59, 3.38, 5.15, 6.25),
(31, 231, 66, '00003777816', 1, 9.19, '3г', '6009', 'С2', 6.25, 12.72, 6.32, 6.77),
(31, 231, 66, '00003777816', 2, 9.19, '1.5', '4146', 'С2', 8.72, 19.12, 3.42, 6.77),
(31, 231, 66, '00003777816', 3, 9.19, '1.6', '7154', 'С2', 5.79, 7.36, 9.21, 6.25),
(31, 231, 66, '00003777816', 4, 9.19, '1.5', '0361', 'С2', 6.23, 4.81, 2.23, 6.77),
(31, 231, 116, '00003666816', 1, 736.00, 'Зал', '8803', 'С2', 3.77, 4.88, 7.46, 4.17),
(31, 231, 116, '00003666816', 2, 736.00, 'Монт', '7505', 'С1', 3.63, 13.47, 2.15, 5.21),
(31, 231, 116, '00003666816', 3, 736.00, 'Марк', '0113', 'С1', 13.29, 3.80, 7.24, 4.17),
(31, 231, 116, '00003666816', 4, 736.00, 'Термич', '0874', 'С3', 18.21, 2.86, 8.28, 4.70),
(31, 231, 190, '00003555815', 1, 368.00, 'Свар', '6558', 'С1', 7.61, 18.68, 4.79, 6.77),
(31, 231, 190, '00003555815', 2, 368.00, '1.5', '0218', 'С3', 2.24, 3.37, 3.81, 6.77),
(31, 231, 190, '00003555815', 3, 368.00, 'ЛазРез', '0672', 'С3', 2.35, 13.52, 2.91, 4.70),
(31, 231, 190, '00003555815', 4, 368.00, '1.5', '8074', 'С1', 18.24, 10.23, 9.66, 6.77),
(31, 231, 231, '0000344486', 1, 92.00, 'Зал', '9171', 'С2', 15.18, 5.65, 8.18, 4.17),
(31, 231, 231, '0000344486', 2, 92.00, 'Монт', '4159', 'С1', 18.69, 12.78, 3.39, 5.21),
(31, 231, 231, '0000344486', 3, 92.00, 'Свар', '0725', 'С2', 9.77, 10.91, 8.83, 6.77),
(31, 231, 231, '0000344486', 4, 92.00, '1.6', '0226', 'С3', 12.49, 10.53, 3.12, 6.25),
(32, 104, 104, '0000366684', 1, 52.00, '1.6', '6056', 'С3', 13.49, 6.05, 2.79, 6.25),
(32, 104, 104, '0000366684', 2, 52.00, '1.6', '0785', 'С2', 11.44, 11.83, 4.99, 6.25),
(32, 104, 104, '0000366684', 3, 52.00, '1.4', '0231', 'С3', 16.01, 2.84, 8.41, 5.21),
(32, 104, 104, '0000366684', 4, 52.00, 'ЛазРез', '7127', 'С2', 3.59, 5.52, 3.38, 4.70),
(32, 230, 13, '00003999813', 1, 1540.00, 'Шт', '4180', 'С1', 13.22, 5.66, 7.22, 4.17),
(32, 230, 13, '00003999813', 2, 1540.00, 'Уп', '0760', 'С1', 3.41, 12.91, 8.54, 4.17),
(32, 230, 13, '00003999813', 3, 1540.00, '1.4', '6553', 'С2', 12.32, 12.49, 3.64, 5.21),
(32, 230, 13, '00003999813', 4, 1540.00, '1.6', '7545', 'С3', 12.23, 17.79, 5.31, 6.25),
(32, 230, 17, '00003999817', 1, 231.00, '3лг', '0354', 'С3', 8.58, 2.24, 6.51, 5.21),
(32, 230, 17, '00003999817', 2, 231.00, '3п', '7535', 'С2', 12.10, 7.41, 6.94, 5.73),
(32, 230, 17, '00003999817', 3, 231.00, '1.5', '0412', 'С3', 4.97, 14.22, 4.66, 6.77),
(32, 230, 17, '00003999817', 4, 231.00, 'Свар', '42', 'С1', 12.63, 2.62, 9.40, 6.77),
(32, 230, 63, '00003777813', 1, 20.59, 'Проп', '0213', 'С2', 11.22, 6.61, 2.49, 6.25),
(32, 230, 63, '00003777813', 2, 20.59, '2', '2111', 'С2', 6.00, 11.61, 9.38, 6.25),
(32, 230, 63, '00003777813', 3, 20.59, '1.5', '4262', 'С2', 2.54, 7.66, 5.92, 6.77),
(32, 230, 63, '00003777813', 4, 20.59, '3п', '8070', 'С1', 10.10, 12.80, 5.75, 5.73),
(32, 230, 67, '00003777817', 1, 2.57, '3лг', '5016', 'С3', 14.04, 16.49, 3.29, 5.21),
(32, 230, 67, '00003777817', 2, 2.57, '1.6', '2132', 'С1', 8.55, 13.79, 2.63, 6.25),
(32, 230, 67, '00003777817', 3, 2.57, '1.4', '0392', 'С3', 6.88, 4.93, 6.10, 5.21),
(32, 230, 67, '00003777817', 4, 2.57, 'Уп', '4142', 'С1', 13.13, 8.28, 8.77, 4.17),
(32, 230, 109, '0000366689', 1, 1155.00, 'ЛазГрав', '1020', 'С2', 10.19, 5.86, 6.52, 4.70),
(32, 230, 109, '0000366689', 2, 1155.00, '1.6', '9068', 'С3', 10.69, 19.14, 7.76, 6.25),
(32, 230, 109, '0000366689', 3, 1155.00, '2', '2172', 'С3', 17.53, 9.83, 6.48, 6.25),
(32, 230, 109, '0000366689', 4, 1155.00, '3г', '0180', 'С3', 15.40, 8.33, 6.49, 6.77),
(32, 230, 188, '00003555813', 1, 385.00, '1.5', '1087', 'С2', 11.92, 15.70, 4.65, 6.77),
(32, 230, 188, '00003555813', 2, 385.00, 'Изол', '0252', 'С2', 2.08, 15.51, 7.67, 4.17),
(32, 230, 188, '00003555813', 3, 385.00, 'Уп', '0311', 'С1', 13.30, 3.04, 7.93, 4.17),
(32, 230, 188, '00003555813', 4, 385.00, 'ЛазРез', '8111', 'С2', 2.70, 17.50, 8.79, 4.70),
(32, 230, 230, '0000344485', 1, 77.00, '1.2', '5515', 'С2', 17.62, 12.50, 9.99, 4.70),
(32, 230, 230, '0000344485', 2, 77.00, '5', '0362', 'С1', 3.97, 14.33, 6.72, 5.21),
(32, 230, 230, '0000344485', 3, 77.00, '3п', '7169', 'С3', 18.15, 6.62, 9.02, 5.73),
(32, 230, 230, '0000344485', 4, 77.00, '1.6', '7114', 'С2', 6.07, 18.89, 5.81, 6.25),
(33, 104, 104, '0000366684', 1, 95.00, '1.6', '6056', 'С3', 13.49, 6.05, 2.79, 6.25),
(33, 104, 104, '0000366684', 2, 95.00, '1.6', '0785', 'С2', 11.44, 11.83, 4.99, 6.25),
(33, 104, 104, '0000366684', 3, 95.00, '1.4', '0231', 'С3', 16.01, 2.84, 8.41, 5.21),
(33, 104, 104, '0000366684', 4, 95.00, 'ЛазРез', '7127', 'С2', 3.59, 5.52, 3.38, 4.70),
(34, 13, 13, '00003999813', 1, 77.00, 'Шт', '4180', 'С1', 13.22, 5.66, 7.22, 4.17),
(34, 13, 13, '00003999813', 2, 77.00, 'Уп', '0760', 'С1', 3.41, 12.91, 8.54, 4.17),
(34, 13, 13, '00003999813', 3, 77.00, '1.4', '6553', 'С2', 12.32, 12.49, 3.64, 5.21),
(34, 13, 13, '00003999813', 4, 77.00, '1.6', '7545', 'С3', 12.23, 17.79, 5.31, 6.25),
(34, 13, 63, '00003777813', 1, 1.03, 'Проп', '0213', 'С2', 11.22, 6.61, 2.49, 6.25),
(34, 13, 63, '00003777813', 2, 1.03, '2', '2111', 'С2', 6.00, 11.61, 9.38, 6.25),
(34, 13, 63, '00003777813', 3, 1.03, '1.5', '4262', 'С2', 2.54, 7.66, 5.92, 6.77),
(34, 13, 63, '00003777813', 4, 1.03, '3п', '8070', 'С1', 10.10, 12.80, 5.75, 5.73),
(34, 188, 13, '00003999813', 1, 380.00, 'Шт', '4180', 'С1', 13.22, 5.66, 7.22, 4.17),
(34, 188, 13, '00003999813', 2, 380.00, 'Уп', '0760', 'С1', 3.41, 12.91, 8.54, 4.17),
(34, 188, 13, '00003999813', 3, 380.00, '1.4', '6553', 'С2', 12.32, 12.49, 3.64, 5.21),
(34, 188, 13, '00003999813', 4, 380.00, '1.6', '7545', 'С3', 12.23, 17.79, 5.31, 6.25),
(34, 188, 63, '00003777813', 1, 5.08, 'Проп', '0213', 'С2', 11.22, 6.61, 2.49, 6.25),
(34, 188, 63, '00003777813', 2, 5.08, '2', '2111', 'С2', 6.00, 11.61, 9.38, 6.25),
(34, 188, 63, '00003777813', 3, 5.08, '1.5', '4262', 'С2', 2.54, 7.66, 5.92, 6.77),
(34, 188, 63, '00003777813', 4, 5.08, '3п', '8070', 'С1', 10.10, 12.80, 5.75, 5.73),
(34, 188, 109, '0000366689', 1, 285.00, 'ЛазГрав', '1020', 'С2', 10.19, 5.86, 6.52, 4.70),
(34, 188, 109, '0000366689', 2, 285.00, '1.6', '9068', 'С3', 10.69, 19.14, 7.76, 6.25),
(34, 188, 109, '0000366689', 3, 285.00, '2', '2172', 'С3', 17.53, 9.83, 6.48, 6.25),
(34, 188, 109, '0000366689', 4, 285.00, '3г', '0180', 'С3', 15.40, 8.33, 6.49, 6.77),
(34, 188, 188, '00003555813', 1, 95.00, '1.5', '1087', 'С2', 11.92, 15.70, 4.65, 6.77),
(34, 188, 188, '00003555813', 2, 95.00, 'Изол', '0252', 'С2', 2.08, 15.51, 7.67, 4.17),
(34, 188, 188, '00003555813', 3, 95.00, 'Уп', '0311', 'С1', 13.30, 3.04, 7.93, 4.17),
(34, 188, 188, '00003555813', 4, 95.00, 'ЛазРез', '8111', 'С2', 2.70, 17.50, 8.79, 4.70),
(35, 242, 13, '00003999813', 1, 600.00, 'Шт', '4180', 'С1', 13.22, 5.66, 7.22, 4.17),
(35, 242, 13, '00003999813', 2, 600.00, 'Уп', '0760', 'С1', 3.41, 12.91, 8.54, 4.17),
(35, 242, 13, '00003999813', 3, 600.00, '1.4', '6553', 'С2', 12.32, 12.49, 3.64, 5.21),
(35, 242, 13, '00003999813', 4, 600.00, '1.6', '7545', 'С3', 12.23, 17.79, 5.31, 6.25),
(35, 242, 18, '00003999818', 1, 100.00, 'Шт', '0227', 'С3', 14.79, 15.49, 9.39, 4.17),
(35, 242, 18, '00003999818', 2, 100.00, 'ВЖ', '7105', 'С2', 18.75, 4.90, 8.51, 4.17),
(35, 242, 18, '00003999818', 3, 100.00, 'Рег', '8074', 'С3', 9.70, 17.41, 9.56, 6.25),
(35, 242, 18, '00003999818', 4, 100.00, 'Шлиф', '1000', 'С1', 14.67, 6.56, 3.87, 4.70),
(35, 242, 63, '00003777813', 1, 8.02, 'Проп', '0213', 'С2', 11.22, 6.61, 2.49, 6.25),
(35, 242, 63, '00003777813', 2, 8.02, '2', '2111', 'С2', 6.00, 11.61, 9.38, 6.25),
(35, 242, 63, '00003777813', 3, 8.02, '1.5', '4262', 'С2', 2.54, 7.66, 5.92, 6.77),
(35, 242, 63, '00003777813', 4, 8.02, '3п', '8070', 'С1', 10.10, 12.80, 5.75, 5.73),
(35, 242, 68, '00003777818', 1, 0.46, 'ВЖ', '8856', 'С1', 4.53, 5.16, 8.40, 4.17),
(35, 242, 68, '00003777818', 2, 0.46, '3лг', '7352', 'С2', 19.53, 12.93, 2.72, 5.21),
(35, 242, 68, '00003777818', 3, 0.46, '3г', '0245', 'С1', 3.98, 12.70, 4.99, 6.77),
(35, 242, 68, '00003777818', 4, 0.46, 'Изол', '0324', 'С3', 19.32, 5.75, 6.63, 4.17),
(35, 242, 115, '00003666815', 1, 300.00, 'Чист', '0430', 'С1', 3.32, 16.63, 4.33, 4.70),
(35, 242, 115, '00003666815', 2, 300.00, 'Термич', '1087', 'С1', 16.95, 15.20, 3.93, 4.70),
(35, 242, 115, '00003666815', 3, 300.00, '5', '0614', 'С2', 17.12, 12.80, 9.30, 5.21),
(35, 242, 115, '00003666815', 4, 300.00, 'Чист', '7101', 'С2', 5.90, 14.61, 7.84, 4.70),
(35, 242, 191, '00003555816', 1, 300.00, 'Проп', '9175', 'С1', 15.58, 4.73, 9.84, 6.25),
(35, 242, 191, '00003555816', 2, 300.00, 'Зал', '5516', 'С2', 18.92, 12.51, 2.63, 4.17),
(35, 242, 191, '00003555816', 3, 300.00, '1.6', '0660', 'С3', 6.00, 10.39, 3.26, 6.25),
(35, 242, 191, '00003555816', 4, 300.00, 'Рег', '7571', 'С2', 14.39, 9.63, 7.81, 6.25),
(35, 242, 242, '00003444817', 1, 100.00, 'Термич', '7376', 'С2', 11.27, 14.29, 7.88, 4.70),
(35, 242, 242, '00003444817', 2, 100.00, 'ЛазГрав', '0266', 'С3', 18.86, 15.38, 5.19, 4.70),
(35, 242, 242, '00003444817', 3, 100.00, 'Уп', '0240', 'С3', 19.65, 19.59, 2.53, 4.17),
(35, 242, 242, '00003444817', 4, 100.00, 'Шлиф', '8017', 'С3', 19.75, 19.06, 9.45, 4.70),
(36, 232, 19, '00003999819', 1, 110.00, '1.2', '0806', 'С3', 17.38, 2.57, 4.64, 4.70),
(36, 232, 19, '00003999819', 2, 110.00, '2', '2139', 'С1', 9.44, 13.32, 3.26, 6.25),
(36, 232, 19, '00003999819', 3, 110.00, 'Свар', '7164', 'С2', 15.51, 15.36, 3.61, 6.77),
(36, 232, 19, '00003999819', 4, 110.00, 'ЛазРез', '7151', 'С2', 4.57, 17.62, 7.41, 4.70),
(36, 232, 23, '00003999823', 1, 275.00, 'Изол', '6009', 'С1', 7.19, 9.96, 5.56, 4.17),
(36, 232, 23, '00003999823', 2, 275.00, 'Проп', '0666', 'С2', 19.84, 16.53, 7.14, 6.25),
(36, 232, 23, '00003999823', 3, 275.00, '1.6', '7161', 'С1', 10.32, 6.09, 2.18, 6.25),
(36, 232, 23, '00003999823', 4, 275.00, 'Зал', '0197', 'С2', 4.97, 13.10, 9.91, 4.17),
(36, 232, 69, '00003777819', 1, 1.21, 'Свар', '7548', 'С1', 3.63, 7.05, 9.83, 6.77),
(36, 232, 69, '00003777819', 2, 1.21, '3п', '6061', 'С3', 3.19, 16.76, 7.03, 5.73),
(36, 232, 69, '00003777819', 3, 1.21, 'Нам', '7525', 'С1', 10.44, 15.69, 2.85, 6.25),
(36, 232, 69, '00003777819', 4, 1.21, 'ЛазГрав', '0164', 'С1', 6.11, 6.73, 6.45, 4.70),
(36, 232, 73, '00003777823', 1, 3.56, '3п', '0272', 'С1', 8.09, 18.75, 3.07, 5.73),
(36, 232, 73, '00003777823', 2, 3.56, 'Уп', '0860', 'С1', 18.51, 19.84, 9.44, 4.17),
(36, 232, 73, '00003777823', 3, 3.56, 'Нам', '7171', 'С2', 4.75, 6.76, 8.28, 6.25),
(36, 232, 73, '00003777823', 4, 3.56, 'Нам', '0322', 'С3', 3.97, 13.04, 5.45, 6.25),
(36, 232, 119, '00003666819', 1, 1100.00, '1.1', '4220', 'С1', 8.27, 14.31, 4.16, 5.21),
(36, 232, 119, '00003666819', 2, 1100.00, 'Уп', '0311', 'С3', 17.84, 5.04, 4.29, 4.17),
(36, 232, 119, '00003666819', 3, 1100.00, 'Свар', '0170', 'С2', 16.65, 7.14, 7.87, 6.77),
(36, 232, 119, '00003666819', 4, 1100.00, '3лг', '7151', 'С3', 17.53, 16.43, 2.52, 5.21),
(36, 232, 182, '0000355587', 1, 275.00, '2', '5136', 'С2', 5.51, 2.12, 9.05, 6.25),
(36, 232, 182, '0000355587', 2, 275.00, '1.1', '0211', 'С1', 6.99, 12.05, 4.74, 5.21),
(36, 232, 182, '0000355587', 3, 275.00, 'Изол', '6067', 'С3', 3.21, 10.36, 4.26, 4.17),
(36, 232, 182, '0000355587', 4, 275.00, 'Зал', '0377', 'С3', 13.23, 15.21, 4.10, 4.17),
(36, 232, 232, '0000344487', 1, 55.00, '1.5', '5028', 'С1', 17.70, 12.39, 5.38, 6.77),
(36, 232, 232, '0000344487', 2, 55.00, 'Проп', '5030', 'С2', 13.43, 7.56, 9.87, 6.25),
(36, 232, 232, '0000344487', 3, 55.00, 'Термич', '7350', 'С3', 5.06, 5.13, 9.74, 4.70),
(36, 232, 232, '0000344487', 4, 55.00, 'Свар', '9124', 'С1', 17.95, 2.20, 8.22, 6.77),
(36, 239, 13, '00003999813', 1, 84.00, 'Шт', '4180', 'С1', 13.22, 5.66, 7.22, 4.17),
(36, 239, 13, '00003999813', 2, 84.00, 'Уп', '0760', 'С1', 3.41, 12.91, 8.54, 4.17),
(36, 239, 13, '00003999813', 3, 84.00, '1.4', '6553', 'С2', 12.32, 12.49, 3.64, 5.21),
(36, 239, 13, '00003999813', 4, 84.00, '1.6', '7545', 'С3', 12.23, 17.79, 5.31, 6.25),
(36, 239, 22, '00003999822', 1, 168.00, 'ВЖ', '8864', 'С2', 14.29, 14.14, 7.01, 4.17),
(36, 239, 22, '00003999822', 2, 168.00, 'Марк', '8502', 'С1', 3.19, 7.36, 7.07, 4.17),
(36, 239, 22, '00003999822', 3, 168.00, 'Термич', '6592', 'С1', 13.12, 12.10, 4.71, 4.70),
(36, 239, 22, '00003999822', 4, 168.00, 'ВЖ', '9044', 'С3', 11.94, 10.77, 3.06, 4.17),
(36, 239, 63, '00003777813', 1, 1.12, 'Проп', '0213', 'С2', 11.22, 6.61, 2.49, 6.25),
(36, 239, 63, '00003777813', 2, 1.12, '2', '2111', 'С2', 6.00, 11.61, 9.38, 6.25),
(36, 239, 63, '00003777813', 3, 1.12, '1.5', '4262', 'С2', 2.54, 7.66, 5.92, 6.77),
(36, 239, 63, '00003777813', 4, 1.12, '3п', '8070', 'С1', 10.10, 12.80, 5.75, 5.73),
(36, 239, 72, '00003777822', 1, 0.78, 'ЛазРез', '0785', 'С1', 11.39, 10.84, 7.24, 4.70),
(36, 239, 72, '00003777822', 2, 0.78, 'ВЖ', '7155', 'С3', 18.62, 8.74, 3.75, 4.17),
(36, 239, 72, '00003777822', 3, 0.78, 'Чист', '5149', 'С2', 9.52, 13.15, 5.21, 4.70),
(36, 239, 72, '00003777822', 4, 0.78, '2', '9128', 'С3', 8.98, 19.67, 3.20, 6.25),
(36, 239, 108, '0000366688', 1, 336.00, 'Чист', '6013', 'С3', 18.19, 8.83, 6.85, 4.70),
(36, 239, 108, '0000366688', 2, 336.00, 'Зал', '8043', 'С3', 9.09, 11.13, 2.40, 4.17),
(36, 239, 108, '0000366688', 3, 336.00, '1.3', '4110', 'С3', 4.65, 19.79, 9.03, 5.21),
(36, 239, 108, '0000366688', 4, 336.00, 'Нам', '9174', 'С1', 9.07, 10.92, 7.28, 6.25),
(36, 239, 178, '0000355583', 1, 168.00, '3лг', '0177', 'С2', 7.36, 2.84, 7.69, 5.21),
(36, 239, 178, '0000355583', 2, 168.00, 'Нам', '0354', 'С2', 5.53, 3.45, 2.66, 6.25),
(36, 239, 178, '0000355583', 3, 168.00, 'Свар', '4237', 'С2', 8.92, 13.36, 6.43, 6.77),
(36, 239, 178, '0000355583', 4, 168.00, '2', '4213', 'С1', 2.79, 8.73, 5.12, 6.25),
(36, 239, 239, '00003444814', 1, 84.00, '1.5', '0222', 'С1', 4.85, 18.96, 8.01, 6.77),
(36, 239, 239, '00003444814', 2, 84.00, '2', '0632', 'С3', 14.40, 16.42, 5.36, 6.25),
(36, 239, 239, '00003444814', 3, 84.00, '1.6', '5011', 'С1', 6.64, 5.07, 2.33, 6.25),
(36, 239, 239, '00003444814', 4, 84.00, '1.3', '7372', 'С2', 3.86, 7.02, 3.76, 5.21),
(37, 25, 25, '00003999825', 1, 94.00, '3г', '0741', 'С2', 13.90, 7.82, 5.11, 6.77),
(37, 25, 25, '00003999825', 2, 94.00, '5', '9041', 'С2', 3.54, 6.47, 3.50, 5.21),
(37, 25, 25, '00003999825', 3, 94.00, 'Шт', '0246', 'С3', 12.89, 5.75, 5.54, 4.17),
(37, 25, 25, '00003999825', 4, 94.00, '3г', '0830', 'С1', 2.98, 15.23, 3.14, 6.77),
(37, 25, 75, '00003777825', 1, 0.86, '1.5', '5520', 'С2', 6.95, 11.73, 8.86, 6.77),
(37, 25, 75, '00003777825', 2, 0.86, '1.7', '7165', 'С1', 12.90, 9.33, 7.36, 6.77),
(37, 25, 75, '00003777825', 3, 0.86, '3г', '6081', 'С2', 11.28, 2.49, 3.26, 6.77),
(37, 25, 75, '00003777825', 4, 0.86, 'ЛазГрав', '4118', 'С2', 7.87, 6.37, 3.82, 4.70),
(38, 25, 25, '00003999825', 1, 76.00, '3г', '0741', 'С2', 13.90, 7.82, 5.11, 6.77),
(38, 25, 25, '00003999825', 2, 76.00, '5', '9041', 'С2', 3.54, 6.47, 3.50, 5.21),
(38, 25, 25, '00003999825', 3, 76.00, 'Шт', '0246', 'С3', 12.89, 5.75, 5.54, 4.17),
(38, 25, 25, '00003999825', 4, 76.00, '3г', '0830', 'С1', 2.98, 15.23, 3.14, 6.77),
(38, 25, 75, '00003777825', 1, 0.70, '1.5', '5520', 'С2', 6.95, 11.73, 8.86, 6.77),
(38, 25, 75, '00003777825', 2, 0.70, '1.7', '7165', 'С1', 12.90, 9.33, 7.36, 6.77),
(38, 25, 75, '00003777825', 3, 0.70, '3г', '6081', 'С2', 11.28, 2.49, 3.26, 6.77),
(38, 25, 75, '00003777825', 4, 0.70, 'ЛазГрав', '4118', 'С2', 7.87, 6.37, 3.82, 4.70),
(38, 248, 22, '00003999822', 1, 240.00, 'ВЖ', '8864', 'С2', 14.29, 14.14, 7.01, 4.17),
(38, 248, 22, '00003999822', 2, 240.00, 'Марк', '8502', 'С1', 3.19, 7.36, 7.07, 4.17),
(38, 248, 22, '00003999822', 3, 240.00, 'Термич', '6592', 'С1', 13.12, 12.10, 4.71, 4.70),
(38, 248, 22, '00003999822', 4, 240.00, 'ВЖ', '9044', 'С3', 11.94, 10.77, 3.06, 4.17),
(38, 248, 25, '00003999825', 1, 800.00, '3г', '0741', 'С2', 13.90, 7.82, 5.11, 6.77),
(38, 248, 25, '00003999825', 2, 800.00, '5', '9041', 'С2', 3.54, 6.47, 3.50, 5.21),
(38, 248, 25, '00003999825', 3, 800.00, 'Шт', '0246', 'С3', 12.89, 5.75, 5.54, 4.17),
(38, 248, 25, '00003999825', 4, 800.00, '3г', '0830', 'С1', 2.98, 15.23, 3.14, 6.77),
(38, 248, 72, '00003777822', 1, 1.11, 'ЛазРез', '0785', 'С1', 11.39, 10.84, 7.24, 4.70),
(38, 248, 72, '00003777822', 2, 1.11, 'ВЖ', '7155', 'С3', 18.62, 8.74, 3.75, 4.17),
(38, 248, 72, '00003777822', 3, 1.11, 'Чист', '5149', 'С2', 9.52, 13.15, 5.21, 4.70),
(38, 248, 72, '00003777822', 4, 1.11, '2', '9128', 'С3', 8.98, 19.67, 3.20, 6.25),
(38, 248, 75, '00003777825', 1, 7.34, '1.5', '5520', 'С2', 6.95, 11.73, 8.86, 6.77),
(38, 248, 75, '00003777825', 2, 7.34, '1.7', '7165', 'С1', 12.90, 9.33, 7.36, 6.77),
(38, 248, 75, '00003777825', 3, 7.34, '3г', '6081', 'С2', 11.28, 2.49, 3.26, 6.77),
(38, 248, 75, '00003777825', 4, 7.34, 'ЛазГрав', '4118', 'С2', 7.87, 6.37, 3.82, 4.70),
(38, 248, 116, '00003666816', 1, 1200.00, 'Зал', '8803', 'С2', 3.77, 4.88, 7.46, 4.17),
(38, 248, 116, '00003666816', 2, 1200.00, 'Монт', '7505', 'С1', 3.63, 13.47, 2.15, 5.21),
(38, 248, 116, '00003666816', 3, 1200.00, 'Марк', '0113', 'С1', 13.29, 3.80, 7.24, 4.17),
(38, 248, 116, '00003666816', 4, 1200.00, 'Термич', '0874', 'С3', 18.21, 2.86, 8.28, 4.70),
(38, 248, 179, '0000355584', 1, 400.00, 'Шлиф', '2139', 'С2', 2.63, 12.87, 4.18, 4.70),
(38, 248, 179, '0000355584', 2, 400.00, 'Термич', '7543', 'С1', 7.11, 7.45, 3.50, 4.70),
(38, 248, 179, '0000355584', 3, 400.00, 'Чист', '9117', 'С1', 7.41, 14.77, 6.47, 4.70),
(38, 248, 179, '0000355584', 4, 400.00, '1.2', '2183', 'С2', 12.85, 10.95, 6.60, 4.70),
(38, 248, 248, '00003444823', 1, 80.00, '1.1', '7502', 'С1', 16.95, 13.66, 4.78, 5.21),
(38, 248, 248, '00003444823', 2, 80.00, 'Марк', '7114', 'С1', 12.86, 17.74, 3.27, 4.17),
(38, 248, 248, '00003444823', 3, 80.00, '5', '9042', 'С3', 2.97, 7.31, 7.83, 5.21),
(38, 248, 248, '00003444823', 4, 80.00, '3г', '9053', 'С2', 9.13, 19.34, 7.49, 6.77),
(39, 21, 21, '00003999821', 1, 91.00, '3г', '0675', 'С2', 7.84, 16.45, 8.05, 6.77),
(39, 21, 21, '00003999821', 2, 91.00, 'Изол', '6592', 'С3', 16.26, 5.48, 4.93, 4.17),
(39, 21, 21, '00003999821', 3, 91.00, 'Термич', '4230', 'С2', 14.74, 4.83, 3.35, 4.70),
(39, 21, 21, '00003999821', 4, 91.00, '1.7', '4122', 'С1', 2.26, 14.19, 8.73, 6.77),
(39, 21, 71, '00003777821', 1, 1.09, '3г', '7426', 'С2', 17.70, 6.72, 2.94, 6.77),
(39, 21, 71, '00003777821', 2, 1.09, 'Чист', '8014', 'С3', 17.22, 12.48, 7.32, 4.70),
(39, 21, 71, '00003777821', 3, 1.09, '1.4', '5064', 'С3', 3.71, 13.64, 4.71, 5.21),
(39, 21, 71, '00003777821', 4, 1.09, '1.3', '0355', 'С3', 12.81, 2.66, 3.69, 5.21),
(40, 195, 11, '00003999811', 1, 174.00, 'Шлиф', '6062', 'С2', 3.97, 6.88, 2.20, 4.70),
(40, 195, 11, '00003999811', 2, 174.00, '1.7', '0612', 'С2', 12.06, 3.65, 4.55, 6.77),
(40, 195, 11, '00003999811', 3, 174.00, '1.3', '0293', 'С3', 3.31, 16.77, 7.07, 5.21),
(40, 195, 11, '00003999811', 4, 174.00, 'Монт', '0722', 'С1', 12.56, 9.65, 4.07, 5.21),
(40, 195, 61, '00003777811', 1, 1.60, '1.3', '6553', 'С2', 14.22, 13.28, 6.04, 5.21),
(40, 195, 61, '00003777811', 2, 1.60, 'ЛазРез', '0297', 'С2', 6.24, 4.16, 9.29, 4.70),
(40, 195, 61, '00003777811', 3, 1.60, 'Рег', '1000', 'С2', 19.59, 7.78, 2.31, 6.25),
(40, 195, 61, '00003777811', 4, 1.60, 'Чист', '0273', 'С3', 10.92, 13.43, 5.11, 4.70),
(40, 195, 124, '00003666824', 1, 435.00, '3лг', '6000', 'С3', 2.59, 17.59, 3.25, 5.21),
(40, 195, 124, '00003666824', 2, 435.00, 'Чист', '7163', 'С2', 15.52, 13.70, 8.00, 4.70),
(40, 195, 124, '00003666824', 3, 435.00, 'Изол', '8857', 'С3', 18.51, 9.44, 6.04, 4.17),
(40, 195, 124, '00003666824', 4, 435.00, 'ЛазГрав', '7369', 'С2', 7.88, 14.78, 8.34, 4.70),
(40, 195, 195, '00003555820', 1, 87.00, '1.6', '7418', 'С1', 3.41, 17.79, 7.85, 6.25),
(40, 195, 195, '00003555820', 2, 87.00, 'ВЖ', '6078', 'С1', 13.21, 4.28, 6.29, 4.17),
(40, 195, 195, '00003555820', 3, 87.00, '3г', '7180', 'С2', 12.78, 2.17, 7.95, 6.77),
(40, 195, 195, '00003555820', 4, 87.00, '2', '9076', 'С1', 5.96, 7.94, 2.40, 6.25),
(41, 106, 106, '0000366686', 1, 61.00, '2', '2135', 'С3', 11.47, 9.62, 7.54, 6.25),
(41, 106, 106, '0000366686', 2, 61.00, '3лг', '5140', 'С2', 2.79, 10.93, 4.49, 5.21),
(41, 106, 106, '0000366686', 3, 61.00, 'Монт', '0192', 'С2', 16.52, 17.94, 2.14, 5.21),
(41, 106, 106, '0000366686', 4, 61.00, '1.2', '0776', 'С3', 14.09, 14.72, 6.23, 4.70),
(43, 7, 7, '0000399987', 1, 97.00, 'Зал', '0156', 'С1', 4.30, 9.67, 2.40, 4.17),
(43, 7, 7, '0000399987', 2, 97.00, 'Уп', '0405', 'С2', 5.37, 2.30, 3.87, 4.17),
(43, 7, 7, '0000399987', 3, 97.00, '1.1', '6597', 'С3', 18.31, 12.02, 2.56, 5.21),
(43, 7, 7, '0000399987', 4, 97.00, 'Рег', '0121', 'С3', 13.43, 15.10, 4.41, 6.25),
(43, 7, 57, '0000377787', 1, 0.45, '5', '0272', 'С2', 14.19, 13.00, 9.29, 5.21),
(43, 7, 57, '0000377787', 2, 0.45, 'Свар', '9032', 'С3', 11.03, 3.41, 5.55, 6.77),
(43, 7, 57, '0000377787', 3, 0.45, '1.5', '1067', 'С1', 19.29, 13.65, 2.87, 6.77),
(43, 7, 57, '0000377787', 4, 0.45, '1.7', '9090', 'С2', 3.69, 16.04, 2.33, 6.77),
(43, 199, 10, '00003999810', 1, 60.00, 'Свар', '0290', 'С1', 13.72, 11.86, 5.14, 6.77),
(43, 199, 10, '00003999810', 2, 60.00, '3г', '0315', 'С2', 6.93, 2.73, 5.90, 6.77),
(43, 199, 10, '00003999810', 3, 60.00, '1.5', '8849', 'С3', 9.74, 19.54, 8.60, 6.77),
(43, 199, 10, '00003999810', 4, 60.00, '3п', '5513', 'С3', 11.75, 12.77, 6.68, 5.73),
(43, 199, 60, '00003777810', 1, 0.59, '1.1', '9177', 'С3', 18.22, 17.58, 9.91, 5.21),
(43, 199, 60, '00003777810', 2, 0.59, 'Нам', '8801', 'С3', 13.71, 15.65, 8.95, 6.25),
(43, 199, 60, '00003777810', 3, 0.59, '1.2', '6542', 'С1', 16.69, 12.93, 2.06, 4.70),
(43, 199, 60, '00003777810', 4, 0.59, 'Монт', '0853', 'С2', 11.98, 7.85, 6.34, 5.21),
(43, 199, 116, '00003666816', 1, 240.00, 'Зал', '8803', 'С2', 3.77, 4.88, 7.46, 4.17),
(43, 199, 116, '00003666816', 2, 240.00, 'Монт', '7505', 'С1', 3.63, 13.47, 2.15, 5.21),
(43, 199, 116, '00003666816', 3, 240.00, 'Марк', '0113', 'С1', 13.29, 3.80, 7.24, 4.17),
(43, 199, 116, '00003666816', 4, 240.00, 'Термич', '0874', 'С3', 18.21, 2.86, 8.28, 4.70),
(43, 199, 199, '00003555824', 1, 60.00, '1.2', '0744', 'С3', 8.78, 6.36, 4.36, 4.70),
(43, 199, 199, '00003555824', 2, 60.00, 'ЛазРез', '9080', 'С3', 10.76, 4.80, 5.34, 4.70),
(43, 199, 199, '00003555824', 3, 60.00, 'Изол', '0241', 'С1', 11.69, 8.77, 3.52, 4.17),
(43, 199, 199, '00003555824', 4, 60.00, '1.3', '5023', 'С1', 18.92, 11.16, 3.02, 5.21),
(44, 121, 121, '00003666821', 1, 86.00, 'Термич', '8862', 'С1', 6.70, 12.25, 5.10, 4.70),
(44, 121, 121, '00003666821', 2, 86.00, '5', '4117', 'С3', 18.21, 6.38, 8.52, 5.21),
(44, 121, 121, '00003666821', 3, 86.00, 'ЛазГрав', '0294', 'С3', 18.42, 10.25, 9.68, 4.70),
(44, 121, 121, '00003666821', 4, 86.00, 'Шлиф', '0236', 'С3', 3.60, 18.66, 5.63, 4.70),
(45, 105, 105, '0000366685', 1, 94.00, '1.2', '0138', 'С1', 17.57, 2.15, 8.35, 4.70),
(45, 105, 105, '0000366685', 2, 94.00, '1.2', '0367', 'С2', 2.87, 16.33, 8.82, 4.70),
(45, 105, 105, '0000366685', 3, 94.00, 'ВЖ', '6567', 'С3', 19.46, 7.12, 5.73, 4.17),
(45, 105, 105, '0000366685', 4, 94.00, '3п', '5067', 'С3', 10.11, 15.55, 7.03, 5.73),
(46, 15, 15, '00003999815', 1, 81.00, '3г', '0213', 'С1', 13.44, 7.23, 9.28, 6.77),
(46, 15, 15, '00003999815', 2, 81.00, 'Свар', '6082', 'С3', 9.31, 14.83, 4.52, 6.77),
(46, 15, 15, '00003999815', 3, 81.00, '1.3', '6074', 'С3', 14.60, 14.76, 4.04, 5.21),
(46, 15, 15, '00003999815', 4, 81.00, 'Уп', '0738', 'С1', 2.80, 14.12, 7.03, 4.17),
(46, 15, 65, '00003777815', 1, 0.77, 'Монт', '1053', 'С1', 15.96, 8.04, 3.74, 5.21),
(46, 15, 65, '00003777815', 2, 0.77, '1.5', '5054', 'С1', 17.00, 3.67, 2.75, 6.77),
(46, 15, 65, '00003777815', 3, 0.77, '5', '0610', 'С2', 16.96, 15.92, 8.00, 5.21),
(46, 15, 65, '00003777815', 4, 0.77, '3п', '6566', 'С1', 3.31, 17.28, 9.88, 5.73),
(46, 248, 22, '00003999822', 1, 165.00, 'ВЖ', '8864', 'С2', 14.29, 14.14, 7.01, 4.17),
(46, 248, 22, '00003999822', 2, 165.00, 'Марк', '8502', 'С1', 3.19, 7.36, 7.07, 4.17),
(46, 248, 22, '00003999822', 3, 165.00, 'Термич', '6592', 'С1', 13.12, 12.10, 4.71, 4.70),
(46, 248, 22, '00003999822', 4, 165.00, 'ВЖ', '9044', 'С3', 11.94, 10.77, 3.06, 4.17),
(46, 248, 25, '00003999825', 1, 550.00, '3г', '0741', 'С2', 13.90, 7.82, 5.11, 6.77),
(46, 248, 25, '00003999825', 2, 550.00, '5', '9041', 'С2', 3.54, 6.47, 3.50, 5.21),
(46, 248, 25, '00003999825', 3, 550.00, 'Шт', '0246', 'С3', 12.89, 5.75, 5.54, 4.17),
(46, 248, 25, '00003999825', 4, 550.00, '3г', '0830', 'С1', 2.98, 15.23, 3.14, 6.77),
(46, 248, 72, '00003777822', 1, 0.76, 'ЛазРез', '0785', 'С1', 11.39, 10.84, 7.24, 4.70),
(46, 248, 72, '00003777822', 2, 0.76, 'ВЖ', '7155', 'С3', 18.62, 8.74, 3.75, 4.17),
(46, 248, 72, '00003777822', 3, 0.76, 'Чист', '5149', 'С2', 9.52, 13.15, 5.21, 4.70),
(46, 248, 72, '00003777822', 4, 0.76, '2', '9128', 'С3', 8.98, 19.67, 3.20, 6.25),
(46, 248, 75, '00003777825', 1, 5.04, '1.5', '5520', 'С2', 6.95, 11.73, 8.86, 6.77),
(46, 248, 75, '00003777825', 2, 5.04, '1.7', '7165', 'С1', 12.90, 9.33, 7.36, 6.77),
(46, 248, 75, '00003777825', 3, 5.04, '3г', '6081', 'С2', 11.28, 2.49, 3.26, 6.77),
(46, 248, 75, '00003777825', 4, 5.04, 'ЛазГрав', '4118', 'С2', 7.87, 6.37, 3.82, 4.70),
(46, 248, 116, '00003666816', 1, 825.00, 'Зал', '8803', 'С2', 3.77, 4.88, 7.46, 4.17),
(46, 248, 116, '00003666816', 2, 825.00, 'Монт', '7505', 'С1', 3.63, 13.47, 2.15, 5.21),
(46, 248, 116, '00003666816', 3, 825.00, 'Марк', '0113', 'С1', 13.29, 3.80, 7.24, 4.17),
(46, 248, 116, '00003666816', 4, 825.00, 'Термич', '0874', 'С3', 18.21, 2.86, 8.28, 4.70),
(46, 248, 179, '0000355584', 1, 275.00, 'Шлиф', '2139', 'С2', 2.63, 12.87, 4.18, 4.70),
(46, 248, 179, '0000355584', 2, 275.00, 'Термич', '7543', 'С1', 7.11, 7.45, 3.50, 4.70),
(46, 248, 179, '0000355584', 3, 275.00, 'Чист', '9117', 'С1', 7.41, 14.77, 6.47, 4.70),
(46, 248, 179, '0000355584', 4, 275.00, '1.2', '2183', 'С2', 12.85, 10.95, 6.60, 4.70),
(46, 248, 248, '00003444823', 1, 55.00, '1.1', '7502', 'С1', 16.95, 13.66, 4.78, 5.21),
(46, 248, 248, '00003444823', 2, 55.00, 'Марк', '7114', 'С1', 12.86, 17.74, 3.27, 4.17),
(46, 248, 248, '00003444823', 3, 55.00, '5', '9042', 'С3', 2.97, 7.31, 7.83, 5.21),
(46, 248, 248, '00003444823', 4, 55.00, '3г', '9053', 'С2', 9.13, 19.34, 7.49, 6.77),
(47, 5, 5, '0000399985', 1, 67.00, 'Монт', '6098', 'С2', 12.01, 4.06, 3.34, 5.21),
(47, 5, 5, '0000399985', 2, 67.00, 'Зал', '8501', 'С1', 17.31, 17.82, 6.93, 4.17),
(47, 5, 5, '0000399985', 3, 67.00, 'Изол', '0424', 'С2', 2.20, 6.72, 7.09, 4.17),
(47, 5, 5, '0000399985', 4, 67.00, '1.5', '0173', 'С1', 13.88, 17.42, 8.94, 6.77),
(47, 5, 55, '0000377785', 1, 0.72, 'ЛазРез', '7577', 'С1', 14.29, 17.56, 6.44, 4.70),
(47, 5, 55, '0000377785', 2, 0.72, 'ЛазРез', '4108', 'С2', 7.13, 16.65, 3.83, 4.70),
(47, 5, 55, '0000377785', 3, 0.72, '1.4', '0665', 'С3', 4.58, 4.26, 2.08, 5.21),
(47, 5, 55, '0000377785', 4, 0.72, 'Зал', '5541', 'С3', 3.88, 10.14, 2.77, 4.17),
(47, 17, 17, '00003999817', 1, 75.00, '3лг', '0354', 'С3', 8.58, 2.24, 6.51, 5.21),
(47, 17, 17, '00003999817', 2, 75.00, '3п', '7535', 'С2', 12.10, 7.41, 6.94, 5.73),
(47, 17, 17, '00003999817', 3, 75.00, '1.5', '0412', 'С3', 4.97, 14.22, 4.66, 6.77),
(47, 17, 17, '00003999817', 4, 75.00, 'Свар', '42', 'С1', 12.63, 2.62, 9.40, 6.77),
(47, 17, 67, '00003777817', 1, 0.84, '3лг', '5016', 'С3', 14.04, 16.49, 3.29, 5.21),
(47, 17, 67, '00003777817', 2, 0.84, '1.6', '2132', 'С1', 8.55, 13.79, 2.63, 6.25),
(47, 17, 67, '00003777817', 3, 0.84, '1.4', '0392', 'С3', 6.88, 4.93, 6.10, 5.21),
(47, 17, 67, '00003777817', 4, 0.84, 'Уп', '4142', 'С1', 13.13, 8.28, 8.77, 4.17),
(48, 14, 14, '00003999814', 1, 57.00, '1.5', '6060', 'С2', 2.25, 9.38, 2.10, 6.77),
(48, 14, 14, '00003999814', 2, 57.00, 'Изол', '6085', 'С1', 14.48, 6.43, 2.19, 4.17),
(48, 14, 14, '00003999814', 3, 57.00, 'Марк', '7506', 'С3', 7.75, 14.82, 3.10, 4.17),
(48, 14, 14, '00003999814', 4, 57.00, '3п', '6596', 'С3', 2.30, 19.59, 4.56, 5.73),
(48, 14, 64, '00003777814', 1, 0.69, '1.4', '7167', 'С1', 12.58, 7.49, 2.18, 5.21),
(48, 14, 64, '00003777814', 2, 0.69, '1.3', '6535', 'С3', 2.37, 11.82, 8.06, 5.21),
(48, 14, 64, '00003777814', 3, 0.69, '3г', '6074', 'С2', 13.68, 6.78, 3.35, 6.77),
(48, 14, 64, '00003777814', 4, 0.69, '1.5', '5041', 'С1', 17.70, 13.28, 5.69, 6.77),
(49, 3, 3, '0000399983', 1, 95.00, '3п', '5067', 'С1', 8.56, 3.54, 9.33, 5.73),
(49, 3, 3, '0000399983', 2, 95.00, 'Монт', '0665', 'С3', 3.09, 8.14, 9.70, 5.21),
(49, 3, 3, '0000399983', 3, 95.00, '5', '6554', 'С1', 4.15, 12.72, 9.27, 5.21),
(49, 3, 3, '0000399983', 4, 95.00, '3лг', '0396', 'С2', 7.75, 10.45, 9.38, 5.21),
(49, 3, 53, '0000377783', 1, 0.34, '1.2', '2144', 'С2', 5.37, 3.23, 6.50, 4.70),
(49, 3, 53, '0000377783', 2, 0.34, 'Шт', '4110', 'С1', 6.53, 14.69, 5.98, 4.17),
(49, 3, 53, '0000377783', 3, 0.34, '1.5', '55', 'С3', 12.24, 16.37, 8.83, 6.77),
(49, 3, 53, '0000377783', 4, 0.34, 'Рег', '8512', 'С3', 2.59, 3.38, 5.15, 6.25),
(49, 9, 9, '0000399989', 1, 96.00, '1.4', '0790', 'С2', 11.43, 14.10, 4.86, 5.21),
(49, 9, 9, '0000399989', 2, 96.00, '2', '8854', 'С1', 10.13, 7.93, 3.60, 6.25),
(49, 9, 9, '0000399989', 3, 96.00, '1.4', '0188', 'С1', 13.33, 11.11, 7.55, 5.21),
(49, 9, 9, '0000399989', 4, 96.00, '2', '7103', 'С3', 5.87, 7.16, 6.38, 6.25),
(49, 9, 59, '0000377789', 1, 0.93, 'Монт', '7417', 'С2', 19.29, 11.05, 5.14, 5.21),
(49, 9, 59, '0000377789', 2, 0.93, '3лг', '7100', 'С2', 13.98, 16.75, 5.39, 5.21),
(49, 9, 59, '0000377789', 3, 0.93, '3лг', '60', 'С3', 10.52, 12.72, 3.42, 5.21),
(49, 9, 59, '0000377789', 4, 0.93, 'Рег', '2138', 'С3', 2.92, 7.04, 6.60, 6.25),
(50, 2, 2, '0000399982', 1, 94.00, '1.1', '6022', 'С2', 15.23, 19.09, 9.01, 5.21),
(50, 2, 2, '0000399982', 2, 94.00, '3г', '2112', 'С1', 5.07, 15.79, 3.26, 6.77),
(50, 2, 2, '0000399982', 3, 94.00, '1.1', '4123', 'С1', 12.52, 9.67, 6.13, 5.21),
(50, 2, 2, '0000399982', 4, 94.00, 'Шлиф', '8537', 'С3', 13.66, 17.10, 3.09, 4.70),
(50, 2, 52, '0000377782', 1, 0.60, '5', '0230', 'С1', 12.99, 6.69, 8.87, 5.21),
(50, 2, 52, '0000377782', 2, 0.60, 'Нам', '4156', 'С2', 13.49, 18.89, 9.96, 6.25),
(50, 2, 52, '0000377782', 3, 0.60, '1.7', '6530', 'С2', 8.79, 6.59, 5.97, 6.77),
(50, 2, 52, '0000377782', 4, 0.60, 'Монт', '5031', 'С2', 17.65, 19.94, 7.29, 5.21),
(50, 226, 22, '00003999822', 1, 225.00, 'ВЖ', '8864', 'С2', 14.29, 14.14, 7.01, 4.17),
(50, 226, 22, '00003999822', 2, 225.00, 'Марк', '8502', 'С1', 3.19, 7.36, 7.07, 4.17),
(50, 226, 22, '00003999822', 3, 225.00, 'Термич', '6592', 'С1', 13.12, 12.10, 4.71, 4.70),
(50, 226, 22, '00003999822', 4, 225.00, 'ВЖ', '9044', 'С3', 11.94, 10.77, 3.06, 4.17),
(50, 226, 25, '00003999825', 1, 225.00, '3г', '0741', 'С2', 13.90, 7.82, 5.11, 6.77),
(50, 226, 25, '00003999825', 2, 225.00, '5', '9041', 'С2', 3.54, 6.47, 3.50, 5.21),
(50, 226, 25, '00003999825', 3, 225.00, 'Шт', '0246', 'С3', 12.89, 5.75, 5.54, 4.17),
(50, 226, 25, '00003999825', 4, 225.00, '3г', '0830', 'С1', 2.98, 15.23, 3.14, 6.77),
(50, 226, 72, '00003777822', 1, 1.04, 'ЛазРез', '0785', 'С1', 11.39, 10.84, 7.24, 4.70),
(50, 226, 72, '00003777822', 2, 1.04, 'ВЖ', '7155', 'С3', 18.62, 8.74, 3.75, 4.17),
(50, 226, 72, '00003777822', 3, 1.04, 'Чист', '5149', 'С2', 9.52, 13.15, 5.21, 4.70),
(50, 226, 72, '00003777822', 4, 1.04, '2', '9128', 'С3', 8.98, 19.67, 3.20, 6.25),
(50, 226, 75, '00003777825', 1, 2.06, '1.5', '5520', 'С2', 6.95, 11.73, 8.86, 6.77),
(50, 226, 75, '00003777825', 2, 2.06, '1.7', '7165', 'С1', 12.90, 9.33, 7.36, 6.77),
(50, 226, 75, '00003777825', 3, 2.06, '3г', '6081', 'С2', 11.28, 2.49, 3.26, 6.77),
(50, 226, 75, '00003777825', 4, 2.06, 'ЛазГрав', '4118', 'С2', 7.87, 6.37, 3.82, 4.70),
(50, 226, 113, '00003666813', 1, 450.00, '5', '8172', 'С2', 16.80, 15.22, 7.03, 5.21),
(50, 226, 113, '00003666813', 2, 450.00, 'Термич', '4171', 'С1', 13.47, 9.96, 9.23, 4.70),
(50, 226, 113, '00003666813', 3, 450.00, 'Проп', '0286', 'С3', 11.09, 18.10, 9.55, 6.25),
(50, 226, 113, '00003666813', 4, 450.00, '1.5', '0237', 'С2', 19.66, 3.90, 9.27, 6.77),
(50, 226, 192, '00003555817', 1, 225.00, 'Марк', '0636', 'С3', 19.32, 8.40, 3.86, 4.17),
(50, 226, 192, '00003555817', 2, 225.00, 'Монт', '6572', 'С2', 19.04, 9.78, 6.45, 5.21),
(50, 226, 192, '00003555817', 3, 225.00, 'ВЖ', '7419', 'С1', 7.57, 16.64, 6.54, 4.17),
(50, 226, 192, '00003555817', 4, 225.00, 'Марк', '7339', 'С2', 3.03, 14.62, 9.45, 4.17),
(50, 226, 226, '0000344481', 1, 75.00, 'Шт', '0334', 'С1', 17.39, 17.02, 3.28, 4.17),
(50, 226, 226, '0000344481', 2, 75.00, 'ЛазРез', '6057', 'С1', 6.82, 15.65, 4.18, 4.70),
(50, 226, 226, '0000344481', 3, 75.00, 'Зал', '8056', 'С2', 18.90, 2.95, 5.05, 4.17),
(50, 226, 226, '0000344481', 4, 75.00, '3п', '8848', 'С2', 17.23, 15.71, 9.69, 5.73),
(51, 11, 11, '00003999811', 1, 92.00, 'Шлиф', '6062', 'С2', 3.97, 6.88, 2.20, 4.70),
(51, 11, 11, '00003999811', 2, 92.00, '1.7', '0612', 'С2', 12.06, 3.65, 4.55, 6.77),
(51, 11, 11, '00003999811', 3, 92.00, '1.3', '0293', 'С3', 3.31, 16.77, 7.07, 5.21),
(51, 11, 11, '00003999811', 4, 92.00, 'Монт', '0722', 'С1', 12.56, 9.65, 4.07, 5.21),
(51, 11, 61, '00003777811', 1, 0.85, '1.3', '6553', 'С2', 14.22, 13.28, 6.04, 5.21),
(51, 11, 61, '00003777811', 2, 0.85, 'ЛазРез', '0297', 'С2', 6.24, 4.16, 9.29, 4.70),
(51, 11, 61, '00003777811', 3, 0.85, 'Рег', '1000', 'С2', 19.59, 7.78, 2.31, 6.25),
(51, 11, 61, '00003777811', 4, 0.85, 'Чист', '0273', 'С3', 10.92, 13.43, 5.11, 4.70),
(51, 109, 109, '0000366689', 1, 63.00, 'ЛазГрав', '1020', 'С2', 10.19, 5.86, 6.52, 4.70),
(51, 109, 109, '0000366689', 2, 63.00, '1.6', '9068', 'С3', 10.69, 19.14, 7.76, 6.25),
(51, 109, 109, '0000366689', 3, 63.00, '2', '2172', 'С3', 17.53, 9.83, 6.48, 6.25),
(51, 109, 109, '0000366689', 4, 63.00, '3г', '0180', 'С3', 15.40, 8.33, 6.49, 6.77),
(52, 188, 13, '00003999813', 1, 392.00, 'Шт', '4180', 'С1', 13.22, 5.66, 7.22, 4.17),
(52, 188, 13, '00003999813', 2, 392.00, 'Уп', '0760', 'С1', 3.41, 12.91, 8.54, 4.17),
(52, 188, 13, '00003999813', 3, 392.00, '1.4', '6553', 'С2', 12.32, 12.49, 3.64, 5.21),
(52, 188, 13, '00003999813', 4, 392.00, '1.6', '7545', 'С3', 12.23, 17.79, 5.31, 6.25),
(52, 188, 63, '00003777813', 1, 5.24, 'Проп', '0213', 'С2', 11.22, 6.61, 2.49, 6.25),
(52, 188, 63, '00003777813', 2, 5.24, '2', '2111', 'С2', 6.00, 11.61, 9.38, 6.25),
(52, 188, 63, '00003777813', 3, 5.24, '1.5', '4262', 'С2', 2.54, 7.66, 5.92, 6.77),
(52, 188, 63, '00003777813', 4, 5.24, '3п', '8070', 'С1', 10.10, 12.80, 5.75, 5.73),
(52, 188, 109, '0000366689', 1, 294.00, 'ЛазГрав', '1020', 'С2', 10.19, 5.86, 6.52, 4.70),
(52, 188, 109, '0000366689', 2, 294.00, '1.6', '9068', 'С3', 10.69, 19.14, 7.76, 6.25),
(52, 188, 109, '0000366689', 3, 294.00, '2', '2172', 'С3', 17.53, 9.83, 6.48, 6.25),
(52, 188, 109, '0000366689', 4, 294.00, '3г', '0180', 'С3', 15.40, 8.33, 6.49, 6.77),
(52, 188, 188, '00003555813', 1, 98.00, '1.5', '1087', 'С2', 11.92, 15.70, 4.65, 6.77),
(52, 188, 188, '00003555813', 2, 98.00, 'Изол', '0252', 'С2', 2.08, 15.51, 7.67, 4.17),
(52, 188, 188, '00003555813', 3, 98.00, 'Уп', '0311', 'С1', 13.30, 3.04, 7.93, 4.17),
(52, 188, 188, '00003555813', 4, 98.00, 'ЛазРез', '8111', 'С2', 2.70, 17.50, 8.79, 4.70),
(52, 231, 3, '0000399983', 1, 240.00, '3п', '5067', 'С1', 8.56, 3.54, 9.33, 5.73),
(52, 231, 3, '0000399983', 2, 240.00, 'Монт', '0665', 'С3', 3.09, 8.14, 9.70, 5.21),
(52, 231, 3, '0000399983', 3, 240.00, '5', '6554', 'С1', 4.15, 12.72, 9.27, 5.21),
(52, 231, 3, '0000399983', 4, 240.00, '3лг', '0396', 'С2', 7.75, 10.45, 9.38, 5.21),
(52, 231, 16, '00003999816', 1, 480.00, 'Термич', '0843', 'С3', 18.95, 4.42, 3.12, 4.70),
(52, 231, 16, '00003999816', 2, 480.00, '5', '0173', 'С2', 15.17, 8.26, 4.08, 5.21),
(52, 231, 16, '00003999816', 3, 480.00, 'Проп', '0233', 'С1', 15.47, 10.09, 5.92, 6.25),
(52, 231, 16, '00003999816', 4, 480.00, 'Монт', '0320', 'С3', 2.80, 18.36, 3.03, 5.21),
(52, 231, 53, '0000377783', 1, 0.86, '1.2', '2144', 'С2', 5.37, 3.23, 6.50, 4.70),
(52, 231, 53, '0000377783', 2, 0.86, 'Шт', '4110', 'С1', 6.53, 14.69, 5.98, 4.17),
(52, 231, 53, '0000377783', 3, 0.86, '1.5', '55', 'С3', 12.24, 16.37, 8.83, 6.77),
(52, 231, 53, '0000377783', 4, 0.86, 'Рег', '8512', 'С3', 2.59, 3.38, 5.15, 6.25),
(52, 231, 66, '00003777816', 1, 5.99, '3г', '6009', 'С2', 6.25, 12.72, 6.32, 6.77),
(52, 231, 66, '00003777816', 2, 5.99, '1.5', '4146', 'С2', 8.72, 19.12, 3.42, 6.77),
(52, 231, 66, '00003777816', 3, 5.99, '1.6', '7154', 'С2', 5.79, 7.36, 9.21, 6.25),
(52, 231, 66, '00003777816', 4, 5.99, '1.5', '0361', 'С2', 6.23, 4.81, 2.23, 6.77),
(52, 231, 116, '00003666816', 1, 480.00, 'Зал', '8803', 'С2', 3.77, 4.88, 7.46, 4.17),
(52, 231, 116, '00003666816', 2, 480.00, 'Монт', '7505', 'С1', 3.63, 13.47, 2.15, 5.21),
(52, 231, 116, '00003666816', 3, 480.00, 'Марк', '0113', 'С1', 13.29, 3.80, 7.24, 4.17),
(52, 231, 116, '00003666816', 4, 480.00, 'Термич', '0874', 'С3', 18.21, 2.86, 8.28, 4.70),
(52, 231, 190, '00003555815', 1, 240.00, 'Свар', '6558', 'С1', 7.61, 18.68, 4.79, 6.77),
(52, 231, 190, '00003555815', 2, 240.00, '1.5', '0218', 'С3', 2.24, 3.37, 3.81, 6.77),
(52, 231, 190, '00003555815', 3, 240.00, 'ЛазРез', '0672', 'С3', 2.35, 13.52, 2.91, 4.70),
(52, 231, 190, '00003555815', 4, 240.00, '1.5', '8074', 'С1', 18.24, 10.23, 9.66, 6.77),
(52, 231, 231, '0000344486', 1, 60.00, 'Зал', '9171', 'С2', 15.18, 5.65, 8.18, 4.17),
(52, 231, 231, '0000344486', 2, 60.00, 'Монт', '4159', 'С1', 18.69, 12.78, 3.39, 5.21),
(52, 231, 231, '0000344486', 3, 60.00, 'Свар', '0725', 'С2', 9.77, 10.91, 8.83, 6.77),
(52, 231, 231, '0000344486', 4, 60.00, '1.6', '0226', 'С3', 12.49, 10.53, 3.12, 6.25),
(53, 18, 18, '00003999818', 1, 61.00, 'Шт', '0227', 'С3', 14.79, 15.49, 9.39, 4.17),
(53, 18, 18, '00003999818', 2, 61.00, 'ВЖ', '7105', 'С2', 18.75, 4.90, 8.51, 4.17),
(53, 18, 18, '00003999818', 3, 61.00, 'Рег', '8074', 'С3', 9.70, 17.41, 9.56, 6.25),
(53, 18, 18, '00003999818', 4, 61.00, 'Шлиф', '1000', 'С1', 14.67, 6.56, 3.87, 4.70),
(53, 18, 68, '00003777818', 1, 0.28, 'ВЖ', '8856', 'С1', 4.53, 5.16, 8.40, 4.17),
(53, 18, 68, '00003777818', 2, 0.28, '3лг', '7352', 'С2', 19.53, 12.93, 2.72, 5.21),
(53, 18, 68, '00003777818', 3, 0.28, '3г', '0245', 'С1', 3.98, 12.70, 4.99, 6.77),
(53, 18, 68, '00003777818', 4, 0.28, 'Изол', '0324', 'С3', 19.32, 5.75, 6.63, 4.17),
(53, 192, 25, '00003999825', 1, 70.00, '3г', '0741', 'С2', 13.90, 7.82, 5.11, 6.77),
(53, 192, 25, '00003999825', 2, 70.00, '5', '9041', 'С2', 3.54, 6.47, 3.50, 5.21),
(53, 192, 25, '00003999825', 3, 70.00, 'Шт', '0246', 'С3', 12.89, 5.75, 5.54, 4.17),
(53, 192, 25, '00003999825', 4, 70.00, '3г', '0830', 'С1', 2.98, 15.23, 3.14, 6.77),
(53, 192, 75, '00003777825', 1, 0.64, '1.5', '5520', 'С2', 6.95, 11.73, 8.86, 6.77),
(53, 192, 75, '00003777825', 2, 0.64, '1.7', '7165', 'С1', 12.90, 9.33, 7.36, 6.77),
(53, 192, 75, '00003777825', 3, 0.64, '3г', '6081', 'С2', 11.28, 2.49, 3.26, 6.77),
(53, 192, 75, '00003777825', 4, 0.64, 'ЛазГрав', '4118', 'С2', 7.87, 6.37, 3.82, 4.70),
(53, 192, 113, '00003666813', 1, 140.00, '5', '8172', 'С2', 16.80, 15.22, 7.03, 5.21),
(53, 192, 113, '00003666813', 2, 140.00, 'Термич', '4171', 'С1', 13.47, 9.96, 9.23, 4.70),
(53, 192, 113, '00003666813', 3, 140.00, 'Проп', '0286', 'С3', 11.09, 18.10, 9.55, 6.25),
(53, 192, 113, '00003666813', 4, 140.00, '1.5', '0237', 'С2', 19.66, 3.90, 9.27, 6.77),
(53, 192, 192, '00003555817', 1, 70.00, 'Марк', '0636', 'С3', 19.32, 8.40, 3.86, 4.17),
(53, 192, 192, '00003555817', 2, 70.00, 'Монт', '6572', 'С2', 19.04, 9.78, 6.45, 5.21),
(53, 192, 192, '00003555817', 3, 70.00, 'ВЖ', '7419', 'С1', 7.57, 16.64, 6.54, 4.17),
(53, 192, 192, '00003555817', 4, 70.00, 'Марк', '7339', 'С2', 3.03, 14.62, 9.45, 4.17),
(54, 235, 18, '00003999818', 1, 189.00, 'Шт', '0227', 'С3', 14.79, 15.49, 9.39, 4.17),
(54, 235, 18, '00003999818', 2, 189.00, 'ВЖ', '7105', 'С2', 18.75, 4.90, 8.51, 4.17),
(54, 235, 18, '00003999818', 3, 189.00, 'Рег', '8074', 'С3', 9.70, 17.41, 9.56, 6.25),
(54, 235, 18, '00003999818', 4, 189.00, 'Шлиф', '1000', 'С1', 14.67, 6.56, 3.87, 4.70),
(54, 235, 22, '00003999822', 1, 189.00, 'ВЖ', '8864', 'С2', 14.29, 14.14, 7.01, 4.17),
(54, 235, 22, '00003999822', 2, 189.00, 'Марк', '8502', 'С1', 3.19, 7.36, 7.07, 4.17),
(54, 235, 22, '00003999822', 3, 189.00, 'Термич', '6592', 'С1', 13.12, 12.10, 4.71, 4.70),
(54, 235, 22, '00003999822', 4, 189.00, 'ВЖ', '9044', 'С3', 11.94, 10.77, 3.06, 4.17),
(54, 235, 68, '00003777818', 1, 0.88, 'ВЖ', '8856', 'С1', 4.53, 5.16, 8.40, 4.17),
(54, 235, 68, '00003777818', 2, 0.88, '3лг', '7352', 'С2', 19.53, 12.93, 2.72, 5.21),
(54, 235, 68, '00003777818', 3, 0.88, '3г', '0245', 'С1', 3.98, 12.70, 4.99, 6.77),
(54, 235, 68, '00003777818', 4, 0.88, 'Изол', '0324', 'С3', 19.32, 5.75, 6.63, 4.17),
(54, 235, 72, '00003777822', 1, 0.88, 'ЛазРез', '0785', 'С1', 11.39, 10.84, 7.24, 4.70),
(54, 235, 72, '00003777822', 2, 0.88, 'ВЖ', '7155', 'С3', 18.62, 8.74, 3.75, 4.17),
(54, 235, 72, '00003777822', 3, 0.88, 'Чист', '5149', 'С2', 9.52, 13.15, 5.21, 4.70),
(54, 235, 72, '00003777822', 4, 0.88, '2', '9128', 'С3', 8.98, 19.67, 3.20, 6.25),
(54, 235, 108, '0000366688', 1, 378.00, 'Чист', '6013', 'С3', 18.19, 8.83, 6.85, 4.70),
(54, 235, 108, '0000366688', 2, 378.00, 'Зал', '8043', 'С3', 9.09, 11.13, 2.40, 4.17),
(54, 235, 108, '0000366688', 3, 378.00, '1.3', '4110', 'С3', 4.65, 19.79, 9.03, 5.21),
(54, 235, 108, '0000366688', 4, 378.00, 'Нам', '9174', 'С1', 9.07, 10.92, 7.28, 6.25),
(54, 235, 178, '0000355583', 1, 189.00, '3лг', '0177', 'С2', 7.36, 2.84, 7.69, 5.21),
(54, 235, 178, '0000355583', 2, 189.00, 'Нам', '0354', 'С2', 5.53, 3.45, 2.66, 6.25),
(54, 235, 178, '0000355583', 3, 189.00, 'Свар', '4237', 'С2', 8.92, 13.36, 6.43, 6.77),
(54, 235, 178, '0000355583', 4, 189.00, '2', '4213', 'С1', 2.79, 8.73, 5.12, 6.25),
(54, 235, 235, '00003444810', 1, 63.00, '2', '7367', 'С3', 11.69, 13.47, 6.81, 6.25);
INSERT INTO `order_item_route` (`order_id`, `item_id`, `current_item_id`, `route_number`, `point_number`, `cnt`, `point_code`, `operation_code`, `rate_code`, `unit_time`, `working_time`, `lead_time`, `base_payment`) VALUES
(54, 235, 235, '00003444810', 2, 63.00, '1.5', '9130', 'С2', 6.44, 19.70, 4.16, 6.77),
(54, 235, 235, '00003444810', 3, 63.00, 'Чист', '0860', 'С3', 8.22, 8.52, 5.08, 4.70),
(54, 235, 235, '00003444810', 4, 63.00, '1.3', '4223', 'С1', 12.39, 15.15, 8.69, 5.21),
(54, 240, 11, '00003999811', 1, 194.00, 'Шлиф', '6062', 'С2', 3.97, 6.88, 2.20, 4.70),
(54, 240, 11, '00003999811', 2, 194.00, '1.7', '0612', 'С2', 12.06, 3.65, 4.55, 6.77),
(54, 240, 11, '00003999811', 3, 194.00, '1.3', '0293', 'С3', 3.31, 16.77, 7.07, 5.21),
(54, 240, 11, '00003999811', 4, 194.00, 'Монт', '0722', 'С1', 12.56, 9.65, 4.07, 5.21),
(54, 240, 12, '00003999812', 1, 485.00, '1.6', '8071', 'С2', 15.40, 6.78, 6.10, 6.25),
(54, 240, 12, '00003999812', 2, 485.00, 'Чист', '7132', 'С2', 15.75, 15.45, 7.74, 4.70),
(54, 240, 12, '00003999812', 3, 485.00, '5', '8010', 'С1', 9.67, 3.79, 7.59, 5.21),
(54, 240, 12, '00003999812', 4, 485.00, 'ВЖ', '0230', 'С2', 11.68, 7.02, 2.16, 4.17),
(54, 240, 61, '00003777811', 1, 1.79, '1.3', '6553', 'С2', 14.22, 13.28, 6.04, 5.21),
(54, 240, 61, '00003777811', 2, 1.79, 'ЛазРез', '0297', 'С2', 6.24, 4.16, 9.29, 4.70),
(54, 240, 61, '00003777811', 3, 1.79, 'Рег', '1000', 'С2', 19.59, 7.78, 2.31, 6.25),
(54, 240, 61, '00003777811', 4, 1.79, 'Чист', '0273', 'С3', 10.92, 13.43, 5.11, 4.70),
(54, 240, 62, '00003777812', 1, 5.29, '3лг', '0128', 'С3', 15.08, 18.36, 4.32, 5.21),
(54, 240, 62, '00003777812', 2, 5.29, '1.3', '0333', 'С2', 5.22, 19.54, 4.91, 5.21),
(54, 240, 62, '00003777812', 3, 5.29, '3г', '2172', 'С1', 16.89, 18.23, 6.10, 6.77),
(54, 240, 62, '00003777812', 4, 5.29, '1.4', '7514', 'С2', 13.37, 14.99, 6.84, 5.21),
(54, 240, 124, '00003666824', 1, 485.00, '3лг', '6000', 'С3', 2.59, 17.59, 3.25, 5.21),
(54, 240, 124, '00003666824', 2, 485.00, 'Чист', '7163', 'С2', 15.52, 13.70, 8.00, 4.70),
(54, 240, 124, '00003666824', 3, 485.00, 'Изол', '8857', 'С3', 18.51, 9.44, 6.04, 4.17),
(54, 240, 124, '00003666824', 4, 485.00, 'ЛазГрав', '7369', 'С2', 7.88, 14.78, 8.34, 4.70),
(54, 240, 195, '00003555820', 1, 97.00, '1.6', '7418', 'С1', 3.41, 17.79, 7.85, 6.25),
(54, 240, 195, '00003555820', 2, 97.00, 'ВЖ', '6078', 'С1', 13.21, 4.28, 6.29, 4.17),
(54, 240, 195, '00003555820', 3, 97.00, '3г', '7180', 'С2', 12.78, 2.17, 7.95, 6.77),
(54, 240, 195, '00003555820', 4, 97.00, '2', '9076', 'С1', 5.96, 7.94, 2.40, 6.25),
(54, 240, 240, '00003444815', 1, 97.00, '1.4', '5156', 'С2', 5.81, 12.28, 7.39, 5.21),
(54, 240, 240, '00003444815', 2, 97.00, 'Изол', '7341', 'С1', 9.68, 13.31, 8.39, 4.17),
(54, 240, 240, '00003444815', 3, 97.00, 'ЛазРез', '0129', 'С3', 13.21, 18.61, 8.97, 4.70),
(54, 240, 240, '00003444815', 4, 97.00, '1.4', '9170', 'С3', 6.14, 4.72, 2.39, 5.21),
(55, 115, 115, '00003666815', 1, 51.00, 'Чист', '0430', 'С1', 3.32, 16.63, 4.33, 4.70),
(55, 115, 115, '00003666815', 2, 51.00, 'Термич', '1087', 'С1', 16.95, 15.20, 3.93, 4.70),
(55, 115, 115, '00003666815', 3, 51.00, '5', '0614', 'С2', 17.12, 12.80, 9.30, 5.21),
(55, 115, 115, '00003666815', 4, 51.00, 'Чист', '7101', 'С2', 5.90, 14.61, 7.84, 4.70),
(55, 190, 16, '00003999816', 1, 150.00, 'Термич', '0843', 'С3', 18.95, 4.42, 3.12, 4.70),
(55, 190, 16, '00003999816', 2, 150.00, '5', '0173', 'С2', 15.17, 8.26, 4.08, 5.21),
(55, 190, 16, '00003999816', 3, 150.00, 'Проп', '0233', 'С1', 15.47, 10.09, 5.92, 6.25),
(55, 190, 16, '00003999816', 4, 150.00, 'Монт', '0320', 'С3', 2.80, 18.36, 3.03, 5.21),
(55, 190, 66, '00003777816', 1, 1.87, '3г', '6009', 'С2', 6.25, 12.72, 6.32, 6.77),
(55, 190, 66, '00003777816', 2, 1.87, '1.5', '4146', 'С2', 8.72, 19.12, 3.42, 6.77),
(55, 190, 66, '00003777816', 3, 1.87, '1.6', '7154', 'С2', 5.79, 7.36, 9.21, 6.25),
(55, 190, 66, '00003777816', 4, 1.87, '1.5', '0361', 'С2', 6.23, 4.81, 2.23, 6.77),
(55, 190, 116, '00003666816', 1, 150.00, 'Зал', '8803', 'С2', 3.77, 4.88, 7.46, 4.17),
(55, 190, 116, '00003666816', 2, 150.00, 'Монт', '7505', 'С1', 3.63, 13.47, 2.15, 5.21),
(55, 190, 116, '00003666816', 3, 150.00, 'Марк', '0113', 'С1', 13.29, 3.80, 7.24, 4.17),
(55, 190, 116, '00003666816', 4, 150.00, 'Термич', '0874', 'С3', 18.21, 2.86, 8.28, 4.70),
(55, 190, 190, '00003555815', 1, 75.00, 'Свар', '6558', 'С1', 7.61, 18.68, 4.79, 6.77),
(55, 190, 190, '00003555815', 2, 75.00, '1.5', '0218', 'С3', 2.24, 3.37, 3.81, 6.77),
(55, 190, 190, '00003555815', 3, 75.00, 'ЛазРез', '0672', 'С3', 2.35, 13.52, 2.91, 4.70),
(55, 190, 190, '00003555815', 4, 75.00, '1.5', '8074', 'С1', 18.24, 10.23, 9.66, 6.77),
(56, 193, 7, '0000399987', 1, 164.00, 'Зал', '0156', 'С1', 4.30, 9.67, 2.40, 4.17),
(56, 193, 7, '0000399987', 2, 164.00, 'Уп', '0405', 'С2', 5.37, 2.30, 3.87, 4.17),
(56, 193, 7, '0000399987', 3, 164.00, '1.1', '6597', 'С3', 18.31, 12.02, 2.56, 5.21),
(56, 193, 7, '0000399987', 4, 164.00, 'Рег', '0121', 'С3', 13.43, 15.10, 4.41, 6.25),
(56, 193, 57, '0000377787', 1, 0.75, '5', '0272', 'С2', 14.19, 13.00, 9.29, 5.21),
(56, 193, 57, '0000377787', 2, 0.75, 'Свар', '9032', 'С3', 11.03, 3.41, 5.55, 6.77),
(56, 193, 57, '0000377787', 3, 0.75, '1.5', '1067', 'С1', 19.29, 13.65, 2.87, 6.77),
(56, 193, 57, '0000377787', 4, 0.75, '1.7', '9090', 'С2', 3.69, 16.04, 2.33, 6.77),
(56, 193, 125, '00003666825', 1, 164.00, 'Нам', '5143', 'С1', 10.54, 11.58, 7.96, 6.25),
(56, 193, 125, '00003666825', 2, 164.00, '1.5', '04', 'С2', 19.98, 15.80, 7.15, 6.77),
(56, 193, 125, '00003666825', 3, 164.00, 'ЛазРез', '7139', 'С1', 8.99, 13.51, 9.74, 4.70),
(56, 193, 125, '00003666825', 4, 164.00, 'ЛазГрав', '6575', 'С3', 5.18, 19.63, 5.13, 4.70),
(56, 193, 193, '00003555818', 1, 82.00, '1.2', '9117', 'С2', 3.16, 19.89, 4.37, 4.70),
(56, 193, 193, '00003555818', 2, 82.00, '3лг', '6533', 'С3', 19.21, 3.14, 8.70, 5.21),
(56, 193, 193, '00003555818', 3, 82.00, 'Проп', '0638', 'С3', 5.97, 16.33, 2.26, 6.25),
(56, 193, 193, '00003555818', 4, 82.00, '1.1', '7385', 'С1', 4.26, 10.36, 3.05, 5.21),
(56, 244, 7, '0000399987', 1, 212.00, 'Зал', '0156', 'С1', 4.30, 9.67, 2.40, 4.17),
(56, 244, 7, '0000399987', 2, 212.00, 'Уп', '0405', 'С2', 5.37, 2.30, 3.87, 4.17),
(56, 244, 7, '0000399987', 3, 212.00, '1.1', '6597', 'С3', 18.31, 12.02, 2.56, 5.21),
(56, 244, 7, '0000399987', 4, 212.00, 'Рег', '0121', 'С3', 13.43, 15.10, 4.41, 6.25),
(56, 244, 16, '00003999816', 1, 53.00, 'Термич', '0843', 'С3', 18.95, 4.42, 3.12, 4.70),
(56, 244, 16, '00003999816', 2, 53.00, '5', '0173', 'С2', 15.17, 8.26, 4.08, 5.21),
(56, 244, 16, '00003999816', 3, 53.00, 'Проп', '0233', 'С1', 15.47, 10.09, 5.92, 6.25),
(56, 244, 16, '00003999816', 4, 53.00, 'Монт', '0320', 'С3', 2.80, 18.36, 3.03, 5.21),
(56, 244, 57, '0000377787', 1, 0.97, '5', '0272', 'С2', 14.19, 13.00, 9.29, 5.21),
(56, 244, 57, '0000377787', 2, 0.97, 'Свар', '9032', 'С3', 11.03, 3.41, 5.55, 6.77),
(56, 244, 57, '0000377787', 3, 0.97, '1.5', '1067', 'С1', 19.29, 13.65, 2.87, 6.77),
(56, 244, 57, '0000377787', 4, 0.97, '1.7', '9090', 'С2', 3.69, 16.04, 2.33, 6.77),
(56, 244, 66, '00003777816', 1, 0.66, '3г', '6009', 'С2', 6.25, 12.72, 6.32, 6.77),
(56, 244, 66, '00003777816', 2, 0.66, '1.5', '4146', 'С2', 8.72, 19.12, 3.42, 6.77),
(56, 244, 66, '00003777816', 3, 0.66, '1.6', '7154', 'С2', 5.79, 7.36, 9.21, 6.25),
(56, 244, 66, '00003777816', 4, 0.66, '1.5', '0361', 'С2', 6.23, 4.81, 2.23, 6.77),
(56, 244, 125, '00003666825', 1, 212.00, 'Нам', '5143', 'С1', 10.54, 11.58, 7.96, 6.25),
(56, 244, 125, '00003666825', 2, 212.00, '1.5', '04', 'С2', 19.98, 15.80, 7.15, 6.77),
(56, 244, 125, '00003666825', 3, 212.00, 'ЛазРез', '7139', 'С1', 8.99, 13.51, 9.74, 4.70),
(56, 244, 125, '00003666825', 4, 212.00, 'ЛазГрав', '6575', 'С3', 5.18, 19.63, 5.13, 4.70),
(56, 244, 193, '00003555818', 1, 106.00, '1.2', '9117', 'С2', 3.16, 19.89, 4.37, 4.70),
(56, 244, 193, '00003555818', 2, 106.00, '3лг', '6533', 'С3', 19.21, 3.14, 8.70, 5.21),
(56, 244, 193, '00003555818', 3, 106.00, 'Проп', '0638', 'С3', 5.97, 16.33, 2.26, 6.25),
(56, 244, 193, '00003555818', 4, 106.00, '1.1', '7385', 'С1', 4.26, 10.36, 3.05, 5.21),
(56, 244, 244, '00003444819', 1, 53.00, 'Шт', '8058', 'С3', 9.93, 18.56, 7.17, 4.17),
(56, 244, 244, '00003444819', 2, 53.00, '1.6', '0337', 'С1', 7.40, 7.84, 5.78, 6.25),
(56, 244, 244, '00003444819', 3, 53.00, 'Нам', '7451', 'С2', 14.15, 3.72, 6.12, 6.25),
(56, 244, 244, '00003444819', 4, 53.00, 'Шлиф', '0383', 'С2', 18.94, 17.82, 7.16, 4.70),
(57, 17, 17, '00003999817', 1, 100.00, '3лг', '0354', 'С3', 8.58, 2.24, 6.51, 5.21),
(57, 17, 17, '00003999817', 2, 100.00, '3п', '7535', 'С2', 12.10, 7.41, 6.94, 5.73),
(57, 17, 17, '00003999817', 3, 100.00, '1.5', '0412', 'С3', 4.97, 14.22, 4.66, 6.77),
(57, 17, 17, '00003999817', 4, 100.00, 'Свар', '42', 'С1', 12.63, 2.62, 9.40, 6.77),
(57, 17, 67, '00003777817', 1, 1.11, '3лг', '5016', 'С3', 14.04, 16.49, 3.29, 5.21),
(57, 17, 67, '00003777817', 2, 1.11, '1.6', '2132', 'С1', 8.55, 13.79, 2.63, 6.25),
(57, 17, 67, '00003777817', 3, 1.11, '1.4', '0392', 'С3', 6.88, 4.93, 6.10, 5.21),
(57, 17, 67, '00003777817', 4, 1.11, 'Уп', '4142', 'С1', 13.13, 8.28, 8.77, 4.17),
(58, 9, 9, '0000399989', 1, 59.00, '1.4', '0790', 'С2', 11.43, 14.10, 4.86, 5.21),
(58, 9, 9, '0000399989', 2, 59.00, '2', '8854', 'С1', 10.13, 7.93, 3.60, 6.25),
(58, 9, 9, '0000399989', 3, 59.00, '1.4', '0188', 'С1', 13.33, 11.11, 7.55, 5.21),
(58, 9, 9, '0000399989', 4, 59.00, '2', '7103', 'С3', 5.87, 7.16, 6.38, 6.25),
(58, 9, 59, '0000377789', 1, 0.57, 'Монт', '7417', 'С2', 19.29, 11.05, 5.14, 5.21),
(58, 9, 59, '0000377789', 2, 0.57, '3лг', '7100', 'С2', 13.98, 16.75, 5.39, 5.21),
(58, 9, 59, '0000377789', 3, 0.57, '3лг', '60', 'С3', 10.52, 12.72, 3.42, 5.21),
(58, 9, 59, '0000377789', 4, 0.57, 'Рег', '2138', 'С3', 2.92, 7.04, 6.60, 6.25),
(58, 247, 5, '0000399985', 1, 256.00, 'Монт', '6098', 'С2', 12.01, 4.06, 3.34, 5.21),
(58, 247, 5, '0000399985', 2, 256.00, 'Зал', '8501', 'С1', 17.31, 17.82, 6.93, 4.17),
(58, 247, 5, '0000399985', 3, 256.00, 'Изол', '0424', 'С2', 2.20, 6.72, 7.09, 4.17),
(58, 247, 5, '0000399985', 4, 256.00, '1.5', '0173', 'С1', 13.88, 17.42, 8.94, 6.77),
(58, 247, 24, '00003999824', 1, 192.00, '1.2', '0842', 'С3', 13.44, 17.79, 3.85, 4.70),
(58, 247, 24, '00003999824', 2, 192.00, 'ЛазГрав', '9083', 'С1', 13.56, 16.17, 8.50, 4.70),
(58, 247, 24, '00003999824', 3, 192.00, 'Шлиф', '2115', 'С1', 17.90, 16.91, 2.60, 4.70),
(58, 247, 24, '00003999824', 4, 192.00, '2', '4197', 'С3', 9.51, 15.32, 7.99, 6.25),
(58, 247, 55, '0000377785', 1, 2.74, 'ЛазРез', '7577', 'С1', 14.29, 17.56, 6.44, 4.70),
(58, 247, 55, '0000377785', 2, 2.74, 'ЛазРез', '4108', 'С2', 7.13, 16.65, 3.83, 4.70),
(58, 247, 55, '0000377785', 3, 2.74, '1.4', '0665', 'С3', 4.58, 4.26, 2.08, 5.21),
(58, 247, 55, '0000377785', 4, 2.74, 'Зал', '5541', 'С3', 3.88, 10.14, 2.77, 4.17),
(58, 247, 74, '00003777824', 1, 2.07, '5', '2157', 'С2', 14.14, 16.08, 4.37, 5.21),
(58, 247, 74, '00003777824', 2, 2.07, '3п', '7104', 'С3', 10.59, 17.87, 8.83, 5.73),
(58, 247, 74, '00003777824', 3, 2.07, '2', '0761', 'С2', 16.85, 17.04, 4.58, 6.25),
(58, 247, 74, '00003777824', 4, 2.07, 'Шлиф', '4155', 'С3', 16.57, 17.92, 9.71, 4.70),
(58, 247, 125, '00003666825', 1, 768.00, 'Нам', '5143', 'С1', 10.54, 11.58, 7.96, 6.25),
(58, 247, 125, '00003666825', 2, 768.00, '1.5', '04', 'С2', 19.98, 15.80, 7.15, 6.77),
(58, 247, 125, '00003666825', 3, 768.00, 'ЛазРез', '7139', 'С1', 8.99, 13.51, 9.74, 4.70),
(58, 247, 125, '00003666825', 4, 768.00, 'ЛазГрав', '6575', 'С3', 5.18, 19.63, 5.13, 4.70),
(58, 247, 176, '0000355581', 1, 256.00, '3г', '6062', 'С1', 10.83, 14.43, 7.49, 6.77),
(58, 247, 176, '0000355581', 2, 256.00, 'ВЖ', '5544', 'С3', 12.49, 19.44, 8.24, 4.17),
(58, 247, 176, '0000355581', 3, 256.00, '3г', '4107', 'С3', 7.39, 17.46, 7.15, 6.77),
(58, 247, 176, '0000355581', 4, 256.00, 'Нам', '0865', 'С1', 10.70, 15.55, 7.46, 6.25),
(58, 247, 247, '00003444822', 1, 64.00, 'Шлиф', '9064', 'С3', 3.59, 16.24, 5.70, 4.70),
(58, 247, 247, '00003444822', 2, 64.00, 'Зал', '0662', 'С1', 10.14, 12.14, 4.03, 4.17),
(58, 247, 247, '00003444822', 3, 64.00, 'Зал', '1073', 'С2', 11.33, 17.63, 5.99, 4.17),
(58, 247, 247, '00003444822', 4, 64.00, '1.6', '7139', 'С2', 12.85, 2.51, 6.97, 6.25),
(59, 3, 3, '0000399983', 1, 68.00, '3п', '5067', 'С1', 8.56, 3.54, 9.33, 5.73),
(59, 3, 3, '0000399983', 2, 68.00, 'Монт', '0665', 'С3', 3.09, 8.14, 9.70, 5.21),
(59, 3, 3, '0000399983', 3, 68.00, '5', '6554', 'С1', 4.15, 12.72, 9.27, 5.21),
(59, 3, 3, '0000399983', 4, 68.00, '3лг', '0396', 'С2', 7.75, 10.45, 9.38, 5.21),
(59, 3, 53, '0000377783', 1, 0.24, '1.2', '2144', 'С2', 5.37, 3.23, 6.50, 4.70),
(59, 3, 53, '0000377783', 2, 0.24, 'Шт', '4110', 'С1', 6.53, 14.69, 5.98, 4.17),
(59, 3, 53, '0000377783', 3, 0.24, '1.5', '55', 'С3', 12.24, 16.37, 8.83, 6.77),
(59, 3, 53, '0000377783', 4, 0.24, 'Рег', '8512', 'С3', 2.59, 3.38, 5.15, 6.25),
(59, 17, 17, '00003999817', 1, 53.00, '3лг', '0354', 'С3', 8.58, 2.24, 6.51, 5.21),
(59, 17, 17, '00003999817', 2, 53.00, '3п', '7535', 'С2', 12.10, 7.41, 6.94, 5.73),
(59, 17, 17, '00003999817', 3, 53.00, '1.5', '0412', 'С3', 4.97, 14.22, 4.66, 6.77),
(59, 17, 17, '00003999817', 4, 53.00, 'Свар', '42', 'С1', 12.63, 2.62, 9.40, 6.77),
(59, 17, 67, '00003777817', 1, 0.59, '3лг', '5016', 'С3', 14.04, 16.49, 3.29, 5.21),
(59, 17, 67, '00003777817', 2, 0.59, '1.6', '2132', 'С1', 8.55, 13.79, 2.63, 6.25),
(59, 17, 67, '00003777817', 3, 0.59, '1.4', '0392', 'С3', 6.88, 4.93, 6.10, 5.21),
(59, 17, 67, '00003777817', 4, 0.59, 'Уп', '4142', 'С1', 13.13, 8.28, 8.77, 4.17),
(60, 226, 22, '00003999822', 1, 285.00, 'ВЖ', '8864', 'С2', 14.29, 14.14, 7.01, 4.17),
(60, 226, 22, '00003999822', 2, 285.00, 'Марк', '8502', 'С1', 3.19, 7.36, 7.07, 4.17),
(60, 226, 22, '00003999822', 3, 285.00, 'Термич', '6592', 'С1', 13.12, 12.10, 4.71, 4.70),
(60, 226, 22, '00003999822', 4, 285.00, 'ВЖ', '9044', 'С3', 11.94, 10.77, 3.06, 4.17),
(60, 226, 25, '00003999825', 1, 285.00, '3г', '0741', 'С2', 13.90, 7.82, 5.11, 6.77),
(60, 226, 25, '00003999825', 2, 285.00, '5', '9041', 'С2', 3.54, 6.47, 3.50, 5.21),
(60, 226, 25, '00003999825', 3, 285.00, 'Шт', '0246', 'С3', 12.89, 5.75, 5.54, 4.17),
(60, 226, 25, '00003999825', 4, 285.00, '3г', '0830', 'С1', 2.98, 15.23, 3.14, 6.77),
(60, 226, 72, '00003777822', 1, 1.32, 'ЛазРез', '0785', 'С1', 11.39, 10.84, 7.24, 4.70),
(60, 226, 72, '00003777822', 2, 1.32, 'ВЖ', '7155', 'С3', 18.62, 8.74, 3.75, 4.17),
(60, 226, 72, '00003777822', 3, 1.32, 'Чист', '5149', 'С2', 9.52, 13.15, 5.21, 4.70),
(60, 226, 72, '00003777822', 4, 1.32, '2', '9128', 'С3', 8.98, 19.67, 3.20, 6.25),
(60, 226, 75, '00003777825', 1, 2.61, '1.5', '5520', 'С2', 6.95, 11.73, 8.86, 6.77),
(60, 226, 75, '00003777825', 2, 2.61, '1.7', '7165', 'С1', 12.90, 9.33, 7.36, 6.77),
(60, 226, 75, '00003777825', 3, 2.61, '3г', '6081', 'С2', 11.28, 2.49, 3.26, 6.77),
(60, 226, 75, '00003777825', 4, 2.61, 'ЛазГрав', '4118', 'С2', 7.87, 6.37, 3.82, 4.70),
(60, 226, 113, '00003666813', 1, 570.00, '5', '8172', 'С2', 16.80, 15.22, 7.03, 5.21),
(60, 226, 113, '00003666813', 2, 570.00, 'Термич', '4171', 'С1', 13.47, 9.96, 9.23, 4.70),
(60, 226, 113, '00003666813', 3, 570.00, 'Проп', '0286', 'С3', 11.09, 18.10, 9.55, 6.25),
(60, 226, 113, '00003666813', 4, 570.00, '1.5', '0237', 'С2', 19.66, 3.90, 9.27, 6.77),
(60, 226, 192, '00003555817', 1, 285.00, 'Марк', '0636', 'С3', 19.32, 8.40, 3.86, 4.17),
(60, 226, 192, '00003555817', 2, 285.00, 'Монт', '6572', 'С2', 19.04, 9.78, 6.45, 5.21),
(60, 226, 192, '00003555817', 3, 285.00, 'ВЖ', '7419', 'С1', 7.57, 16.64, 6.54, 4.17),
(60, 226, 192, '00003555817', 4, 285.00, 'Марк', '7339', 'С2', 3.03, 14.62, 9.45, 4.17),
(60, 226, 226, '0000344481', 1, 95.00, 'Шт', '0334', 'С1', 17.39, 17.02, 3.28, 4.17),
(60, 226, 226, '0000344481', 2, 95.00, 'ЛазРез', '6057', 'С1', 6.82, 15.65, 4.18, 4.70),
(60, 226, 226, '0000344481', 3, 95.00, 'Зал', '8056', 'С2', 18.90, 2.95, 5.05, 4.17),
(60, 226, 226, '0000344481', 4, 95.00, '3п', '8848', 'С2', 17.23, 15.71, 9.69, 5.73),
(61, 122, 122, '00003666822', 1, 94.00, '1.7', '0117', 'С3', 18.60, 9.26, 7.30, 6.77),
(61, 122, 122, '00003666822', 2, 94.00, 'Нам', '0624', 'С2', 6.89, 8.43, 6.30, 6.25),
(61, 122, 122, '00003666822', 3, 94.00, '1.1', '0643', 'С1', 13.92, 14.21, 5.64, 5.21),
(61, 122, 122, '00003666822', 4, 94.00, 'Монт', '0192', 'С2', 16.77, 19.60, 5.05, 5.21),
(61, 198, 25, '00003999825', 1, 392.00, '3г', '0741', 'С2', 13.90, 7.82, 5.11, 6.77),
(61, 198, 25, '00003999825', 2, 392.00, '5', '9041', 'С2', 3.54, 6.47, 3.50, 5.21),
(61, 198, 25, '00003999825', 3, 392.00, 'Шт', '0246', 'С3', 12.89, 5.75, 5.54, 4.17),
(61, 198, 25, '00003999825', 4, 392.00, '3г', '0830', 'С1', 2.98, 15.23, 3.14, 6.77),
(61, 198, 75, '00003777825', 1, 3.59, '1.5', '5520', 'С2', 6.95, 11.73, 8.86, 6.77),
(61, 198, 75, '00003777825', 2, 3.59, '1.7', '7165', 'С1', 12.90, 9.33, 7.36, 6.77),
(61, 198, 75, '00003777825', 3, 3.59, '3г', '6081', 'С2', 11.28, 2.49, 3.26, 6.77),
(61, 198, 75, '00003777825', 4, 3.59, 'ЛазГрав', '4118', 'С2', 7.87, 6.37, 3.82, 4.70),
(61, 198, 123, '00003666823', 1, 196.00, 'Шлиф', '0254', 'С3', 10.12, 15.22, 9.53, 4.70),
(61, 198, 123, '00003666823', 2, 196.00, '3п', '6013', 'С2', 4.29, 8.56, 4.25, 5.73),
(61, 198, 123, '00003666823', 3, 196.00, 'Термич', '74', 'С1', 14.35, 3.09, 3.04, 4.70),
(61, 198, 123, '00003666823', 4, 196.00, '1.7', '8842', 'С1', 19.73, 6.32, 5.56, 6.77),
(61, 198, 198, '00003555823', 1, 98.00, '1.5', '0852', 'С1', 8.14, 12.89, 5.54, 6.77),
(61, 198, 198, '00003555823', 2, 98.00, 'Чист', '7577', 'С2', 7.55, 13.74, 5.42, 4.70),
(61, 198, 198, '00003555823', 3, 98.00, '1.5', '1040', 'С3', 2.36, 5.27, 8.05, 6.77),
(61, 198, 198, '00003555823', 4, 98.00, '1.3', '7154', 'С2', 11.63, 19.13, 3.02, 5.21),
(62, 5, 5, '0000399985', 1, 98.00, 'Монт', '6098', 'С2', 12.01, 4.06, 3.34, 5.21),
(62, 5, 5, '0000399985', 2, 98.00, 'Зал', '8501', 'С1', 17.31, 17.82, 6.93, 4.17),
(62, 5, 5, '0000399985', 3, 98.00, 'Изол', '0424', 'С2', 2.20, 6.72, 7.09, 4.17),
(62, 5, 5, '0000399985', 4, 98.00, '1.5', '0173', 'С1', 13.88, 17.42, 8.94, 6.77),
(62, 5, 55, '0000377785', 1, 1.05, 'ЛазРез', '7577', 'С1', 14.29, 17.56, 6.44, 4.70),
(62, 5, 55, '0000377785', 2, 1.05, 'ЛазРез', '4108', 'С2', 7.13, 16.65, 3.83, 4.70),
(62, 5, 55, '0000377785', 3, 1.05, '1.4', '0665', 'С3', 4.58, 4.26, 2.08, 5.21),
(62, 5, 55, '0000377785', 4, 1.05, 'Зал', '5541', 'С3', 3.88, 10.14, 2.77, 4.17),
(62, 109, 109, '0000366689', 1, 76.00, 'ЛазГрав', '1020', 'С2', 10.19, 5.86, 6.52, 4.70),
(62, 109, 109, '0000366689', 2, 76.00, '1.6', '9068', 'С3', 10.69, 19.14, 7.76, 6.25),
(62, 109, 109, '0000366689', 3, 76.00, '2', '2172', 'С3', 17.53, 9.83, 6.48, 6.25),
(62, 109, 109, '0000366689', 4, 76.00, '3г', '0180', 'С3', 15.40, 8.33, 6.49, 6.77),
(63, 16, 16, '00003999816', 1, 53.00, 'Термич', '0843', 'С3', 18.95, 4.42, 3.12, 4.70),
(63, 16, 16, '00003999816', 2, 53.00, '5', '0173', 'С2', 15.17, 8.26, 4.08, 5.21),
(63, 16, 16, '00003999816', 3, 53.00, 'Проп', '0233', 'С1', 15.47, 10.09, 5.92, 6.25),
(63, 16, 16, '00003999816', 4, 53.00, 'Монт', '0320', 'С3', 2.80, 18.36, 3.03, 5.21),
(63, 16, 66, '00003777816', 1, 0.66, '3г', '6009', 'С2', 6.25, 12.72, 6.32, 6.77),
(63, 16, 66, '00003777816', 2, 0.66, '1.5', '4146', 'С2', 8.72, 19.12, 3.42, 6.77),
(63, 16, 66, '00003777816', 3, 0.66, '1.6', '7154', 'С2', 5.79, 7.36, 9.21, 6.25),
(63, 16, 66, '00003777816', 4, 0.66, '1.5', '0361', 'С2', 6.23, 4.81, 2.23, 6.77),
(63, 240, 11, '00003999811', 1, 108.00, 'Шлиф', '6062', 'С2', 3.97, 6.88, 2.20, 4.70),
(63, 240, 11, '00003999811', 2, 108.00, '1.7', '0612', 'С2', 12.06, 3.65, 4.55, 6.77),
(63, 240, 11, '00003999811', 3, 108.00, '1.3', '0293', 'С3', 3.31, 16.77, 7.07, 5.21),
(63, 240, 11, '00003999811', 4, 108.00, 'Монт', '0722', 'С1', 12.56, 9.65, 4.07, 5.21),
(63, 240, 12, '00003999812', 1, 270.00, '1.6', '8071', 'С2', 15.40, 6.78, 6.10, 6.25),
(63, 240, 12, '00003999812', 2, 270.00, 'Чист', '7132', 'С2', 15.75, 15.45, 7.74, 4.70),
(63, 240, 12, '00003999812', 3, 270.00, '5', '8010', 'С1', 9.67, 3.79, 7.59, 5.21),
(63, 240, 12, '00003999812', 4, 270.00, 'ВЖ', '0230', 'С2', 11.68, 7.02, 2.16, 4.17),
(63, 240, 61, '00003777811', 1, 1.00, '1.3', '6553', 'С2', 14.22, 13.28, 6.04, 5.21),
(63, 240, 61, '00003777811', 2, 1.00, 'ЛазРез', '0297', 'С2', 6.24, 4.16, 9.29, 4.70),
(63, 240, 61, '00003777811', 3, 1.00, 'Рег', '1000', 'С2', 19.59, 7.78, 2.31, 6.25),
(63, 240, 61, '00003777811', 4, 1.00, 'Чист', '0273', 'С3', 10.92, 13.43, 5.11, 4.70),
(63, 240, 62, '00003777812', 1, 2.95, '3лг', '0128', 'С3', 15.08, 18.36, 4.32, 5.21),
(63, 240, 62, '00003777812', 2, 2.95, '1.3', '0333', 'С2', 5.22, 19.54, 4.91, 5.21),
(63, 240, 62, '00003777812', 3, 2.95, '3г', '2172', 'С1', 16.89, 18.23, 6.10, 6.77),
(63, 240, 62, '00003777812', 4, 2.95, '1.4', '7514', 'С2', 13.37, 14.99, 6.84, 5.21),
(63, 240, 124, '00003666824', 1, 270.00, '3лг', '6000', 'С3', 2.59, 17.59, 3.25, 5.21),
(63, 240, 124, '00003666824', 2, 270.00, 'Чист', '7163', 'С2', 15.52, 13.70, 8.00, 4.70),
(63, 240, 124, '00003666824', 3, 270.00, 'Изол', '8857', 'С3', 18.51, 9.44, 6.04, 4.17),
(63, 240, 124, '00003666824', 4, 270.00, 'ЛазГрав', '7369', 'С2', 7.88, 14.78, 8.34, 4.70),
(63, 240, 195, '00003555820', 1, 54.00, '1.6', '7418', 'С1', 3.41, 17.79, 7.85, 6.25),
(63, 240, 195, '00003555820', 2, 54.00, 'ВЖ', '6078', 'С1', 13.21, 4.28, 6.29, 4.17),
(63, 240, 195, '00003555820', 3, 54.00, '3г', '7180', 'С2', 12.78, 2.17, 7.95, 6.77),
(63, 240, 195, '00003555820', 4, 54.00, '2', '9076', 'С1', 5.96, 7.94, 2.40, 6.25),
(63, 240, 240, '00003444815', 1, 54.00, '1.4', '5156', 'С2', 5.81, 12.28, 7.39, 5.21),
(63, 240, 240, '00003444815', 2, 54.00, 'Изол', '7341', 'С1', 9.68, 13.31, 8.39, 4.17),
(63, 240, 240, '00003444815', 3, 54.00, 'ЛазРез', '0129', 'С3', 13.21, 18.61, 8.97, 4.70),
(63, 240, 240, '00003444815', 4, 54.00, '1.4', '9170', 'С3', 6.14, 4.72, 2.39, 5.21),
(65, 187, 24, '00003999824', 1, 396.00, '1.2', '0842', 'С3', 13.44, 17.79, 3.85, 4.70),
(65, 187, 24, '00003999824', 2, 396.00, 'ЛазГрав', '9083', 'С1', 13.56, 16.17, 8.50, 4.70),
(65, 187, 24, '00003999824', 3, 396.00, 'Шлиф', '2115', 'С1', 17.90, 16.91, 2.60, 4.70),
(65, 187, 24, '00003999824', 4, 396.00, '2', '4197', 'С3', 9.51, 15.32, 7.99, 6.25),
(65, 187, 74, '00003777824', 1, 4.27, '5', '2157', 'С2', 14.14, 16.08, 4.37, 5.21),
(65, 187, 74, '00003777824', 2, 4.27, '3п', '7104', 'С3', 10.59, 17.87, 8.83, 5.73),
(65, 187, 74, '00003777824', 3, 4.27, '2', '0761', 'С2', 16.85, 17.04, 4.58, 6.25),
(65, 187, 74, '00003777824', 4, 4.27, 'Шлиф', '4155', 'С3', 16.57, 17.92, 9.71, 4.70),
(65, 187, 116, '00003666816', 1, 198.00, 'Зал', '8803', 'С2', 3.77, 4.88, 7.46, 4.17),
(65, 187, 116, '00003666816', 2, 198.00, 'Монт', '7505', 'С1', 3.63, 13.47, 2.15, 5.21),
(65, 187, 116, '00003666816', 3, 198.00, 'Марк', '0113', 'С1', 13.29, 3.80, 7.24, 4.17),
(65, 187, 116, '00003666816', 4, 198.00, 'Термич', '0874', 'С3', 18.21, 2.86, 8.28, 4.70),
(65, 187, 187, '00003555812', 1, 99.00, 'Термич', '6053', 'С2', 19.74, 2.79, 4.19, 4.70),
(65, 187, 187, '00003555812', 2, 99.00, 'Марк', '4121', 'С2', 18.55, 14.45, 5.51, 4.17),
(65, 187, 187, '00003555812', 3, 99.00, 'Марк', '2111', 'С1', 6.16, 9.52, 7.12, 4.17),
(65, 187, 187, '00003555812', 4, 99.00, 'Нам', '4108', 'С3', 17.13, 19.25, 3.73, 6.25);

-- --------------------------------------------------------

--
-- Структура таблицы `order_item_specification`
--

CREATE TABLE `order_item_specification` (
  `order_item_specification_id` varchar(128) COLLATE utf8mb4_unicode_ci NOT NULL DEFAULT '0',
  `order_id` bigint UNSIGNED NOT NULL,
  `item_id` bigint UNSIGNED NOT NULL,
  `current_item_id` bigint UNSIGNED NOT NULL,
  `current_item_parent_id` bigint UNSIGNED DEFAULT NULL,
  `current_specification_number` varchar(64) COLLATE utf8mb4_unicode_ci DEFAULT NULL,
  `current_cover_number` varchar(64) COLLATE utf8mb4_unicode_ci DEFAULT NULL,
  `current_number` varchar(64) COLLATE utf8mb4_unicode_ci NOT NULL,
  `component_id` bigint UNSIGNED NOT NULL,
  `order_item_specification_parent_id` varchar(128) COLLATE utf8mb4_unicode_ci DEFAULT NULL,
  `component_cnt` decimal(8,2) UNSIGNED NOT NULL,
  `component_purchase_price` decimal(10,2) UNSIGNED DEFAULT NULL,
  `total_component_purchase_price` decimal(18,2) UNSIGNED NOT NULL
) ENGINE=InnoDB DEFAULT CHARSET=utf8mb4 COLLATE=utf8mb4_unicode_ci;

--
-- Дамп данных таблицы `order_item_specification`
--

INSERT INTO `order_item_specification` (`order_item_specification_id`, `order_id`, `item_id`, `current_item_id`, `current_item_parent_id`, `current_specification_number`, `current_cover_number`, `current_number`, `component_id`, `order_item_specification_parent_id`, `component_cnt`, `component_purchase_price`, `total_component_purchase_price`) VALUES
('1-188-109-188-134', 1, 188, 109, 188, '000404439', '000404469', '000404439', 134, '1-188-188-109', 264.41, 101.44, 26822.14),
('1-188-109-188-159', 1, 188, 109, 188, '000404439', '000404469', '000404469', 159, '1-188-188-109', 0.47, 71.01, 33.47),
('1-188-13-188-38', 1, 188, 13, 188, '0006066713', '0006066813', '0006066713', 38, '1-188-188-13', 68.31, 235.93, 16115.59),
('1-188-13-188-63', 1, 188, 13, 188, '0006066713', '0006066813', '0006066813', 63, '1-188-188-13', 4.97, NULL, 4.97),
('1-188-188-109', 1, 188, 188, NULL, '0003033513', '0003033813', '0003033513', 109, NULL, 279.00, NULL, 279.00),
('1-188-188-13', 1, 188, 188, NULL, '0003033513', '0003033813', '0003033513', 13, NULL, 372.00, NULL, 372.00),
('1-188-188-175', 1, 188, 188, NULL, '0003033513', '0003033813', '0003033813', 175, NULL, 0.71, 113.34, 80.71),
('1-188-188-213', 1, 188, 188, NULL, '0003033513', '0003033813', '0003033513', 213, NULL, 279.00, 235.69, 65757.51),
('1-188-63-13-88', 1, 188, 63, 13, '0005055613', NULL, '0005055613', 88, '1-188-13-188-63', 4.80, 174.67, 837.71),
('1-20-20-45', 1, 20, 20, NULL, '0006066720', '0006066820', '0006066720', 45, NULL, 23.40, 225.31, 5273.22),
('1-20-20-70', 1, 20, 20, NULL, '0006066720', '0006066820', '0006066820', 70, NULL, 0.44, NULL, 0.44),
('1-20-70-20-95', 1, 20, 70, 20, '0005055620', NULL, '0005055620', 95, '1-20-20-70', 0.20, 190.21, 38.13),
('10-122-122-147', 10, 122, 122, NULL, '0004044322', '0004044622', '0004044322', 147, NULL, 18.60, 238.49, 4436.24),
('10-122-122-172', 10, 122, 122, NULL, '0004044322', '0004044622', '0004044622', 172, NULL, 0.15, 143.48, 21.29),
('10-239-108-178-133', 10, 239, 108, 178, '000404438', '000404468', '000404438', 133, '10-239-178-239-108', 38.23, 135.66, 5185.61),
('10-239-108-178-158', 10, 239, 108, 178, '000404438', '000404468', '000404468', 158, '10-239-178-239-108', 2.37, 81.71, 193.30),
('10-239-13-239-38', 10, 239, 13, 239, '0006066713', '0006066813', '0006066713', 38, '10-239-239-13', 11.20, 235.93, 2642.61),
('10-239-13-239-63', 10, 239, 13, 239, '0006066713', '0006066813', '0006066813', 63, '10-239-239-13', 0.82, NULL, 0.82),
('10-239-178-239-108', 10, 239, 178, 239, '000303353', '000303383', '000303353', 108, '10-239-239-178', 244.00, NULL, 244.00),
('10-239-178-239-155', 10, 239, 178, 239, '000303353', '000303383', '000303383', 155, '10-239-239-178', 1.31, 143.74, 188.46),
('10-239-178-239-203', 10, 239, 178, 239, '000303353', '000303383', '000303353', 203, '10-239-239-178', 488.00, 204.55, 99820.40),
('10-239-178-239-22', 10, 239, 178, 239, '000303353', '000303383', '000303353', 22, '10-239-239-178', 122.00, NULL, 122.00),
('10-239-22-178-47', 10, 239, 22, 178, '0006066722', '0006066822', '0006066722', 47, '10-239-178-239-22', 42.94, 201.14, 8637.02),
('10-239-22-178-72', 10, 239, 22, 178, '0006066722', '0006066822', '0006066822', 72, '10-239-178-239-22', 0.57, NULL, 0.57),
('10-239-239-13', 10, 239, 239, NULL, '0002022414', '0002022714', '0002022414', 13, NULL, 61.00, NULL, 61.00),
('10-239-239-169', 10, 239, 239, NULL, '0002022414', '0002022714', '0002022714', 169, NULL, 0.71, 139.89, 99.81),
('10-239-239-178', 10, 239, 239, NULL, '0002022414', '0002022714', '0002022414', 178, NULL, 122.00, NULL, 122.00),
('10-239-239-220', 10, 239, 239, NULL, '0002022414', '0002022714', '0002022414', 220, NULL, 305.00, 173.63, 52957.15),
('10-239-239-254', 10, 239, 239, NULL, '0002022414', '0002022714', '0002022414', 254, NULL, 61.00, 109.98, 6708.78),
('10-239-239-285', 10, 239, 239, NULL, '0002022414', '0002022714', '0002022414', 285, NULL, 27.10, 215.18, 5832.00),
('10-239-63-13-88', 10, 239, 63, 13, '0005055613', NULL, '0005055613', 88, '10-239-13-239-63', 0.79, 174.67, 137.37),
('10-239-72-22-97', 10, 239, 72, 22, '0005055622', NULL, '0005055622', 97, '10-239-22-178-72', 0.14, 162.91, 23.48),
('11-118-118-143', 11, 118, 118, NULL, '0004044318', '0004044618', '0004044318', 143, NULL, 80.66, 148.17, 11951.13),
('11-118-118-168', 11, 118, 118, NULL, '0004044318', '0004044618', '0004044618', 168, NULL, 0.96, 246.96, 237.27),
('11-249-102-189-127', 11, 249, 102, 189, '000404432', '000404462', '000404432', 127, '11-249-189-249-102', 769.35, 215.30, 165641.06),
('11-249-102-189-152', 11, 249, 102, 189, '000404432', '000404462', '000404462', 152, '11-249-189-249-102', 33.77, 101.01, 3411.31),
('11-249-14-189-39', 11, 249, 14, 189, '0006066714', '0006066814', '0006066714', 39, '11-249-189-249-14', 611.38, 134.68, 82340.66),
('11-249-14-189-64', 11, 249, 14, 189, '0006066714', '0006066814', '0006066814', 64, '11-249-189-249-14', 12.16, NULL, 12.16),
('11-249-16-249-41', 11, 249, 16, 249, '0006066716', '0006066816', '0006066716', 41, '11-249-249-16', 50.51, 115.65, 5841.71),
('11-249-16-249-66', 11, 249, 16, 249, '0006066716', '0006066816', '0006066816', 66, '11-249-249-16', 2.50, NULL, 2.50),
('11-249-189-249-102', 11, 249, 189, 249, '0003033514', '0003033814', '0003033514', 102, '11-249-249-189', 2500.00, NULL, 2500.00),
('11-249-189-249-14', 11, 249, 189, 249, '0003033514', '0003033814', '0003033514', 14, '11-249-249-189', 1000.00, NULL, 1000.00),
('11-249-189-249-162', 11, 249, 189, 249, '0003033514', '0003033814', '0003033814', 162, '11-249-249-189', 4.79, 184.25, 882.69),
('11-249-189-249-214', 11, 249, 189, 249, '0003033514', '0003033814', '0003033514', 214, '11-249-249-189', 1500.00, 145.93, 218895.00),
('11-249-249-154', 11, 249, 249, NULL, '0002022424', '0002022724', '0002022724', 154, NULL, 1.18, 118.22, 139.80),
('11-249-249-16', 11, 249, 249, NULL, '0002022424', '0002022724', '0002022424', 16, NULL, 200.00, NULL, 200.00),
('11-249-249-189', 11, 249, 249, NULL, '0002022424', '0002022724', '0002022424', 189, NULL, 500.00, NULL, 500.00),
('11-249-249-223', 11, 249, 249, NULL, '0002022424', '0002022724', '0002022424', 223, NULL, 400.00, 224.18, 89672.00),
('11-249-249-264', 11, 249, 249, NULL, '0002022424', '0002022724', '0002022424', 264, NULL, 400.00, 134.83, 53932.00),
('11-249-249-277', 11, 249, 249, NULL, '0002022424', '0002022724', '0002022424', 277, NULL, 92.69, 70.76, 6558.67),
('11-249-64-14-89', 11, 249, 64, 14, '0005055614', NULL, '0005055614', 89, '11-249-14-189-64', 3.22, 191.82, 618.19),
('11-249-66-16-91', 11, 249, 66, 16, '0005055616', NULL, '0005055616', 91, '11-249-16-249-66', 2.12, 159.74, 339.38),
('12-108-108-133', 12, 108, 108, NULL, '000404438', '000404468', '000404438', 133, NULL, 11.12, 135.66, 1508.93),
('12-108-108-158', 12, 108, 108, NULL, '000404438', '000404468', '000404468', 158, NULL, 0.69, 81.71, 56.25),
('12-110-110-135', 12, 110, 110, NULL, '0004044310', '0004044610', '0004044310', 135, NULL, 50.29, 116.76, 5872.18),
('12-110-110-160', 12, 110, 110, NULL, '0004044310', '0004044610', '0004044610', 160, NULL, 0.91, 241.34, 218.61),
('13-118-118-143', 13, 118, 118, NULL, '0004044318', '0004044618', '0004044318', 143, NULL, 67.37, 148.17, 9982.70),
('13-118-118-168', 13, 118, 118, NULL, '0004044318', '0004044618', '0004044618', 168, NULL, 0.80, 246.96, 198.19),
('13-240-11-195-36', 13, 240, 11, 195, '0006066711', '0006066811', '0006066711', 36, '13-240-195-240-11', 10.61, 144.59, 1533.73),
('13-240-11-195-61', 13, 240, 11, 195, '0006066711', '0006066811', '0006066811', 61, '13-240-195-240-11', 0.98, NULL, 0.98),
('13-240-12-240-37', 13, 240, 12, 240, '0006066712', '0006066812', '0006066712', 37, '13-240-240-12', 208.67, 95.93, 20018.12),
('13-240-12-240-62', 13, 240, 12, 240, '0006066712', '0006066812', '0006066812', 62, '13-240-240-12', 2.89, NULL, 2.89),
('13-240-124-195-149', 13, 240, 124, 195, '0004044324', '0004044624', '0004044324', 149, '13-240-195-240-124', 173.93, 242.23, 42131.73),
('13-240-124-195-174', 13, 240, 124, 195, '0004044324', '0004044624', '0004044624', 174, '13-240-195-240-124', 0.40, 122.11, 49.33),
('13-240-195-240-11', 13, 240, 195, 240, '0003033520', '0003033820', '0003033520', 11, '13-240-240-195', 106.00, NULL, 106.00),
('13-240-195-240-124', 13, 240, 195, 240, '0003033520', '0003033820', '0003033520', 124, '13-240-240-195', 265.00, NULL, 265.00),
('13-240-195-240-159', 13, 240, 195, 240, '0003033520', '0003033820', '0003033820', 159, '13-240-240-195', 0.68, 71.01, 48.07),
('13-240-195-240-220', 13, 240, 195, 240, '0003033520', '0003033820', '0003033520', 220, '13-240-240-195', 159.00, 173.63, 27607.17),
('13-240-240-12', 13, 240, 240, NULL, '0002022415', '0002022715', '0002022415', 12, NULL, 265.00, NULL, 265.00),
('13-240-240-170', 13, 240, 240, NULL, '0002022415', '0002022715', '0002022715', 170, NULL, 0.54, 195.43, 105.77),
('13-240-240-195', 13, 240, 240, NULL, '0002022415', '0002022715', '0002022415', 195, NULL, 53.00, NULL, 53.00),
('13-240-240-207', 13, 240, 240, NULL, '0002022415', '0002022715', '0002022415', 207, NULL, 53.00, 103.19, 5469.07),
('13-240-240-269', 13, 240, 240, NULL, '0002022415', '0002022715', '0002022415', 269, NULL, 212.00, 180.45, 38255.40),
('13-240-240-278', 13, 240, 240, NULL, '0002022415', '0002022715', '0002022415', 278, NULL, 6.14, 163.87, 1006.34),
('13-240-61-11-86', 13, 240, 61, 11, '0005055611', NULL, '0005055611', 86, '13-240-11-195-61', 0.20, 197.67, 40.29),
('13-240-62-12-87', 13, 240, 62, 12, '0005055612', NULL, '0005055612', 87, '13-240-12-240-62', 2.81, 182.07, 511.27),
('14-246-119-194-144', 14, 246, 119, 194, '0004044319', '0004044619', '0004044319', 144, '14-246-194-246-119', 208.92, 147.30, 30774.36),
('14-246-119-194-169', 14, 246, 119, 194, '0004044319', '0004044619', '0004044619', 169, '14-246-194-246-119', 2.17, 139.89, 303.34),
('14-246-17-246-42', 14, 246, 17, 246, '0006066717', '0006066817', '0006066717', 42, '14-246-246-17', 20.42, 109.95, 2245.45),
('14-246-17-246-67', 14, 246, 17, 246, '0006066717', '0006066817', '0006066817', 67, '14-246-246-17', 0.58, NULL, 0.58),
('14-246-194-246-119', 14, 246, 194, 246, '0003033519', '0003033819', '0003033519', 119, '14-246-246-194', 260.00, NULL, 260.00),
('14-246-194-246-175', 14, 246, 194, 246, '0003033519', '0003033819', '0003033819', 175, '14-246-246-194', 0.79, 113.34, 89.35),
('14-246-194-246-219', 14, 246, 194, 246, '0003033519', '0003033819', '0003033519', 219, '14-246-246-194', 260.00, 179.87, 46766.20),
('14-246-194-246-23', 14, 246, 194, 246, '0003033519', '0003033819', '0003033519', 23, '14-246-246-194', 260.00, NULL, 260.00),
('14-246-23-194-48', 14, 246, 23, 194, '0006066723', '0006066823', '0006066723', 48, '14-246-194-246-23', 113.18, 207.14, 23444.77),
('14-246-23-194-73', 14, 246, 23, 194, '0006066723', '0006066823', '0006066823', 73, '14-246-194-246-23', 3.37, NULL, 3.37),
('14-246-246-166', 14, 246, 246, NULL, '0002022421', '0002022721', '0002022721', 166, NULL, 0.16, 154.29, 25.34),
('14-246-246-17', 14, 246, 246, NULL, '0002022421', '0002022721', '0002022421', 17, NULL, 52.00, NULL, 52.00),
('14-246-246-194', 14, 246, 246, NULL, '0002022421', '0002022721', '0002022421', 194, NULL, 260.00, NULL, 260.00),
('14-246-246-217', 14, 246, 246, NULL, '0002022421', '0002022721', '0002022421', 217, NULL, 104.00, 70.82, 7365.28),
('14-246-246-271', 14, 246, 246, NULL, '0002022421', '0002022721', '0002022421', 271, NULL, 52.00, 174.36, 9066.72),
('14-246-246-282', 14, 246, 246, NULL, '0002022421', '0002022721', '0002022421', 282, NULL, 21.64, 74.30, 1607.91),
('14-246-67-17-92', 14, 246, 67, 17, '0005055617', NULL, '0005055617', 92, '14-246-17-246-67', 0.48, 217.34, 104.34),
('14-246-73-23-98', 14, 246, 73, 23, '0005055623', NULL, '0005055623', 98, '14-246-23-194-73', 2.65, 149.80, 396.65),
('15-102-102-127', 15, 102, 102, NULL, '000404432', '000404462', '000404432', 127, NULL, 27.70, 215.30, 5963.08),
('15-102-102-152', 15, 102, 102, NULL, '000404432', '000404462', '000404462', 152, NULL, 1.22, 101.01, 122.81),
('15-181-10-181-35', 15, 181, 10, 181, '0006066710', '0006066810', '0006066710', 35, '15-181-181-10', 20.17, 187.13, 3774.70),
('15-181-10-181-60', 15, 181, 10, 181, '0006066710', '0006066810', '0006066810', 60, '15-181-181-10', 0.67, NULL, 0.67),
('15-181-121-181-146', 15, 181, 121, 181, '0004044321', '0004044621', '0004044321', 146, '15-181-181-121', 122.64, 216.53, 26556.28),
('15-181-121-181-171', 15, 181, 121, 181, '0004044321', '0004044621', '0004044621', 171, '15-181-181-121', 1.47, 134.05, 196.50),
('15-181-181-10', 15, 181, 181, NULL, '000303356', '000303386', '000303356', 10, NULL, 68.00, NULL, 68.00),
('15-181-181-121', 15, 181, 181, NULL, '000303356', '000303386', '000303356', 121, NULL, 272.00, NULL, 272.00),
('15-181-181-166', 15, 181, 181, NULL, '000303356', '000303386', '000303386', 166, NULL, 0.64, 154.29, 99.19),
('15-181-181-206', 15, 181, 181, NULL, '000303356', '000303386', '000303356', 206, NULL, 68.00, 243.04, 16526.72),
('15-181-60-10-85', 15, 181, 60, 10, '0005055610', NULL, '0005055610', 85, '15-181-10-181-60', 0.46, 118.22, 54.75),
('16-123-123-148', 16, 123, 123, NULL, '0004044323', '0004044623', '0004044323', 148, NULL, 39.97, 196.21, 7841.89),
('16-123-123-173', 16, 123, 123, NULL, '0004044323', '0004044623', '0004044623', 173, NULL, 0.65, 118.60, 77.50),
('16-9-59-9-84', 16, 9, 59, 9, '000505569', NULL, '000505569', 84, '16-9-9-59', 0.43, 119.50, 51.55),
('16-9-9-34', 16, 9, 9, NULL, '000606679', '000606689', '000606679', 34, NULL, 13.85, 136.66, 1892.44),
('16-9-9-59', 16, 9, 9, NULL, '000606679', '000606689', '000606689', 59, NULL, 0.84, NULL, 0.84),
('17-1-1-26', 17, 1, 1, NULL, '000606671', '000606681', '000606671', 26, NULL, 23.24, 79.26, 1842.02),
('17-1-1-51', 17, 1, 1, NULL, '000606671', '000606681', '000606681', 51, NULL, 0.57, NULL, 0.57),
('17-1-51-1-76', 17, 1, 51, 1, '000505561', NULL, '000505561', 76, '17-1-1-51', 0.48, 187.49, 90.40),
('19-106-106-131', 19, 106, 106, NULL, '000404436', '000404466', '000404436', 131, NULL, 66.65, 106.40, 7091.10),
('19-106-106-156', 19, 106, 106, NULL, '000404436', '000404466', '000404466', 156, NULL, 0.66, 246.29, 163.18),
('2-110-110-135', 2, 110, 110, NULL, '0004044310', '0004044610', '0004044310', 135, NULL, 52.98, 116.76, 6185.36),
('2-110-110-160', 2, 110, 110, NULL, '0004044310', '0004044610', '0004044610', 160, NULL, 0.95, 241.34, 230.27),
('2-183-1-183-26', 2, 183, 1, 183, '000606671', '000606681', '000606671', 26, '2-183-183-1', 144.15, 79.26, 11425.19),
('2-183-1-183-51', 2, 183, 1, 183, '000606671', '000606681', '000606681', 51, '2-183-183-1', 3.51, NULL, 3.51),
('2-183-111-183-136', 2, 183, 111, 183, '0004044311', '0004044611', '0004044311', 136, '2-183-183-111', 88.29, 230.07, 20312.02),
('2-183-111-183-161', 2, 183, 111, 183, '0004044311', '0004044611', '0004044611', 161, '2-183-183-111', 1.16, 219.58, 253.68),
('2-183-183-1', 2, 183, 183, NULL, '000303358', '000303388', '000303358', 1, NULL, 490.00, NULL, 490.00),
('2-183-183-111', 2, 183, 183, NULL, '000303358', '000303388', '000303358', 111, NULL, 98.00, NULL, 98.00),
('2-183-183-166', 2, 183, 183, NULL, '000303358', '000303388', '000303388', 166, NULL, 0.34, 154.29, 51.76),
('2-183-183-208', 2, 183, 183, NULL, '000303358', '000303388', '000303358', 208, NULL, 392.00, 98.10, 38455.20),
('2-183-51-1-76', 2, 183, 51, 1, '000505561', NULL, '000505561', 76, '2-183-1-183-51', 2.99, 187.49, 560.74),
('20-240-11-195-36', 20, 240, 11, 195, '0006066711', '0006066811', '0006066711', 36, '20-240-195-240-11', 18.81, 144.59, 2720.19),
('20-240-11-195-61', 20, 240, 11, 195, '0006066711', '0006066811', '0006066811', 61, '20-240-195-240-11', 1.73, NULL, 1.73),
('20-240-12-240-37', 20, 240, 12, 240, '0006066712', '0006066812', '0006066712', 37, '20-240-240-12', 370.10, 95.93, 35503.84),
('20-240-12-240-62', 20, 240, 12, 240, '0006066712', '0006066812', '0006066812', 62, '20-240-240-12', 5.13, NULL, 5.13),
('20-240-124-195-149', 20, 240, 124, 195, '0004044324', '0004044624', '0004044324', 149, '20-240-195-240-124', 308.48, 242.23, 74724.20),
('20-240-124-195-174', 20, 240, 124, 195, '0004044324', '0004044624', '0004044624', 174, '20-240-195-240-124', 0.72, 122.11, 87.49),
('20-240-195-240-11', 20, 240, 195, 240, '0003033520', '0003033820', '0003033520', 11, '20-240-240-195', 188.00, NULL, 188.00),
('20-240-195-240-124', 20, 240, 195, 240, '0003033520', '0003033820', '0003033520', 124, '20-240-240-195', 470.00, NULL, 470.00),
('20-240-195-240-159', 20, 240, 195, 240, '0003033520', '0003033820', '0003033820', 159, '20-240-240-195', 1.20, 71.01, 85.25),
('20-240-195-240-220', 20, 240, 195, 240, '0003033520', '0003033820', '0003033520', 220, '20-240-240-195', 282.00, 173.63, 48963.66),
('20-240-240-12', 20, 240, 240, NULL, '0002022415', '0002022715', '0002022415', 12, NULL, 470.00, NULL, 470.00),
('20-240-240-170', 20, 240, 240, NULL, '0002022415', '0002022715', '0002022715', 170, NULL, 0.96, 195.43, 187.59),
('20-240-240-195', 20, 240, 240, NULL, '0002022415', '0002022715', '0002022415', 195, NULL, 94.00, NULL, 94.00),
('20-240-240-207', 20, 240, 240, NULL, '0002022415', '0002022715', '0002022415', 207, NULL, 94.00, 103.19, 9699.86),
('20-240-240-269', 20, 240, 240, NULL, '0002022415', '0002022715', '0002022415', 269, NULL, 376.00, 180.45, 67849.20),
('20-240-240-278', 20, 240, 240, NULL, '0002022415', '0002022715', '0002022415', 278, NULL, 10.89, 163.87, 1784.84),
('20-240-61-11-86', 20, 240, 61, 11, '0005055611', NULL, '0005055611', 86, '20-240-11-195-61', 0.36, 197.67, 71.46),
('20-240-62-12-87', 20, 240, 62, 12, '0005055612', NULL, '0005055612', 87, '20-240-12-240-62', 4.98, 182.07, 906.78),
('21-185-11-185-36', 21, 185, 11, 185, '0006066711', '0006066811', '0006066711', 36, '21-185-185-11', 6.20, 144.59, 897.09),
('21-185-11-185-61', 21, 185, 11, 185, '0006066711', '0006066811', '0006066811', 61, '21-185-185-11', 0.57, NULL, 0.57),
('21-185-115-185-140', 21, 185, 115, 185, '0004044315', '0004044615', '0004044315', 140, '21-185-185-115', 177.39, 169.37, 30044.03),
('21-185-115-185-165', 21, 185, 115, 185, '0004044315', '0004044615', '0004044615', 165, '21-185-185-115', 1.23, 234.00, 286.75),
('21-185-185-11', 21, 185, 185, NULL, '0003033510', '0003033810', '0003033510', 11, NULL, 62.00, NULL, 62.00),
('21-185-185-115', 21, 185, 185, NULL, '0003033510', '0003033810', '0003033510', 115, NULL, 248.00, NULL, 248.00),
('21-185-185-154', 21, 185, 185, NULL, '0003033510', '0003033810', '0003033810', 154, NULL, 0.37, 118.22, 44.27),
('21-185-185-210', 21, 185, 185, NULL, '0003033510', '0003033810', '0003033510', 210, NULL, 310.00, 226.74, 70289.40),
('21-185-61-11-86', 21, 185, 61, 11, '0005055611', NULL, '0005055611', 86, '21-185-11-185-61', 0.12, 197.67, 23.57),
('21-239-108-178-133', 21, 239, 108, 178, '000404438', '000404468', '000404438', 133, '21-239-178-239-108', 44.49, 135.66, 6035.71),
('21-239-108-178-158', 21, 239, 108, 178, '000404438', '000404468', '000404468', 158, '21-239-178-239-108', 2.75, 81.71, 224.99),
('21-239-13-239-38', 21, 239, 13, 239, '0006066713', '0006066813', '0006066713', 38, '21-239-239-13', 13.04, 235.93, 3075.82),
('21-239-13-239-63', 21, 239, 13, 239, '0006066713', '0006066813', '0006066813', 63, '21-239-239-13', 0.95, NULL, 0.95),
('21-239-178-239-108', 21, 239, 178, 239, '000303353', '000303383', '000303353', 108, '21-239-239-178', 284.00, NULL, 284.00),
('21-239-178-239-155', 21, 239, 178, 239, '000303353', '000303383', '000303383', 155, '21-239-239-178', 1.53, 143.74, 219.36),
('21-239-178-239-203', 21, 239, 178, 239, '000303353', '000303383', '000303353', 203, '21-239-239-178', 568.00, 204.55, 116184.40),
('21-239-178-239-22', 21, 239, 178, 239, '000303353', '000303383', '000303353', 22, '21-239-239-178', 142.00, NULL, 142.00),
('21-239-22-178-47', 21, 239, 22, 178, '0006066722', '0006066822', '0006066722', 47, '21-239-178-239-22', 49.98, 201.14, 10052.92),
('21-239-22-178-72', 21, 239, 22, 178, '0006066722', '0006066822', '0006066822', 72, '21-239-178-239-22', 0.66, NULL, 0.66),
('21-239-239-13', 21, 239, 239, NULL, '0002022414', '0002022714', '0002022414', 13, NULL, 71.00, NULL, 71.00),
('21-239-239-169', 21, 239, 239, NULL, '0002022414', '0002022714', '0002022714', 169, NULL, 0.83, 139.89, 116.17),
('21-239-239-178', 21, 239, 239, NULL, '0002022414', '0002022714', '0002022414', 178, NULL, 142.00, NULL, 142.00),
('21-239-239-220', 21, 239, 239, NULL, '0002022414', '0002022714', '0002022414', 220, NULL, 355.00, 173.63, 61638.65),
('21-239-239-254', 21, 239, 239, NULL, '0002022414', '0002022714', '0002022414', 254, NULL, 71.00, 109.98, 7808.58),
('21-239-239-285', 21, 239, 239, NULL, '0002022414', '0002022714', '0002022414', 285, NULL, 31.55, 215.18, 6788.07),
('21-239-63-13-88', 21, 239, 63, 13, '0005055613', NULL, '0005055613', 88, '21-239-13-239-63', 0.92, 174.67, 159.89),
('21-239-72-22-97', 21, 239, 72, 22, '0005055622', NULL, '0005055622', 97, '21-239-22-178-72', 0.17, 162.91, 27.33),
('22-117-117-142', 22, 117, 117, NULL, '0004044317', '0004044617', '0004044317', 142, NULL, 52.96, 205.21, 10867.53),
('22-117-117-167', 22, 117, 117, NULL, '0004044317', '0004044617', '0004044617', 167, NULL, 0.60, 221.36, 132.95),
('22-3-3-28', 22, 3, 3, NULL, '000606673', '000606683', '000606673', 28, NULL, 33.29, 113.79, 3787.77),
('22-3-3-53', 22, 3, 3, NULL, '000606673', '000606683', '000606683', 53, NULL, 0.24, NULL, 0.24),
('22-3-53-3-78', 22, 3, 53, 3, '000505563', NULL, '000505563', 78, '22-3-3-53', 0.16, 98.17, 15.86),
('23-185-11-185-36', 23, 185, 11, 185, '0006066711', '0006066811', '0006066711', 36, '23-185-185-11', 7.91, 144.59, 1143.06),
('23-185-11-185-61', 23, 185, 11, 185, '0006066711', '0006066811', '0006066811', 61, '23-185-185-11', 0.73, NULL, 0.73),
('23-185-115-185-140', 23, 185, 115, 185, '0004044315', '0004044615', '0004044315', 140, '23-185-185-115', 226.03, 169.37, 38281.91),
('23-185-115-185-165', 23, 185, 115, 185, '0004044315', '0004044615', '0004044615', 165, '23-185-185-115', 1.56, 234.00, 365.38),
('23-185-185-11', 23, 185, 185, NULL, '0003033510', '0003033810', '0003033510', 11, NULL, 79.00, NULL, 79.00),
('23-185-185-115', 23, 185, 185, NULL, '0003033510', '0003033810', '0003033510', 115, NULL, 316.00, NULL, 316.00),
('23-185-185-154', 23, 185, 185, NULL, '0003033510', '0003033810', '0003033810', 154, NULL, 0.48, 118.22, 56.41),
('23-185-185-210', 23, 185, 185, NULL, '0003033510', '0003033810', '0003033510', 210, NULL, 395.00, 226.74, 89562.30),
('23-185-61-11-86', 23, 185, 61, 11, '0005055611', NULL, '0005055611', 86, '23-185-11-185-61', 0.15, 197.67, 30.03),
('23-194-119-194-144', 23, 194, 119, 194, '0004044319', '0004044619', '0004044319', 144, '23-194-194-119', 72.32, 147.30, 10652.66),
('23-194-119-194-169', 23, 194, 119, 194, '0004044319', '0004044619', '0004044619', 169, '23-194-194-119', 0.75, 139.89, 105.00),
('23-194-194-119', 23, 194, 194, NULL, '0003033519', '0003033819', '0003033519', 119, NULL, 90.00, NULL, 90.00),
('23-194-194-175', 23, 194, 194, NULL, '0003033519', '0003033819', '0003033819', 175, NULL, 0.27, 113.34, 30.93),
('23-194-194-219', 23, 194, 194, NULL, '0003033519', '0003033819', '0003033519', 219, NULL, 90.00, 179.87, 16188.30),
('23-194-194-23', 23, 194, 194, NULL, '0003033519', '0003033819', '0003033519', 23, NULL, 90.00, NULL, 90.00),
('23-194-23-194-48', 23, 194, 23, 194, '0006066723', '0006066823', '0006066723', 48, '23-194-194-23', 39.18, 207.14, 8115.50),
('23-194-23-194-73', 23, 194, 23, 194, '0006066723', '0006066823', '0006066823', 73, '23-194-194-23', 1.17, NULL, 1.17),
('23-194-73-23-98', 23, 194, 73, 23, '0005055623', NULL, '0005055623', 98, '23-194-23-194-73', 0.92, 149.80, 137.30),
('24-4-4-29', 24, 4, 4, NULL, '000606674', '000606684', '000606674', 29, NULL, 44.34, 230.06, 10201.36),
('24-4-4-54', 24, 4, 4, NULL, '000606674', '000606684', '000606684', 54, NULL, 0.46, NULL, 0.46),
('24-4-54-4-79', 24, 4, 54, 4, '000505564', NULL, '000505564', 79, '24-4-4-54', 0.16, 182.58, 28.46),
('25-178-108-178-133', 25, 178, 108, 178, '000404438', '000404468', '000404438', 133, '25-178-178-108', 18.17, 135.66, 2465.29),
('25-178-108-178-158', 25, 178, 108, 178, '000404438', '000404468', '000404468', 158, '25-178-178-108', 1.12, 81.71, 91.90),
('25-178-178-108', 25, 178, 178, NULL, '000303353', '000303383', '000303353', 108, NULL, 116.00, NULL, 116.00),
('25-178-178-155', 25, 178, 178, NULL, '000303353', '000303383', '000303383', 155, NULL, 0.62, 143.74, 89.60),
('25-178-178-203', 25, 178, 178, NULL, '000303353', '000303383', '000303353', 203, NULL, 232.00, 204.55, 47455.60),
('25-178-178-22', 25, 178, 178, NULL, '000303353', '000303383', '000303353', 22, NULL, 58.00, NULL, 58.00),
('25-178-22-178-47', 25, 178, 22, 178, '0006066722', '0006066822', '0006066722', 47, '25-178-178-22', 20.41, 201.14, 4106.12),
('25-178-22-178-72', 25, 178, 22, 178, '0006066722', '0006066822', '0006066822', 72, '25-178-178-22', 0.27, NULL, 0.27),
('25-178-72-22-97', 25, 178, 72, 22, '0005055622', NULL, '0005055622', 97, '25-178-22-178-72', 0.07, 162.91, 11.16),
('25-230-109-188-134', 25, 230, 109, 188, '000404439', '000404469', '000404439', 134, '25-230-188-230-109', 1023.54, 101.44, 103827.65),
('25-230-109-188-159', 25, 230, 109, 188, '000404439', '000404469', '000404469', 159, '25-230-188-230-109', 1.82, 71.01, 129.55),
('25-230-13-188-38', 25, 230, 13, 188, '0006066713', '0006066813', '0006066713', 38, '25-230-188-230-13', 264.41, 235.93, 62382.91),
('25-230-13-188-63', 25, 230, 13, 188, '0006066713', '0006066813', '0006066813', 63, '25-230-188-230-13', 19.25, NULL, 19.25),
('25-230-17-230-42', 25, 230, 17, 230, '0006066717', '0006066817', '0006066717', 42, '25-230-230-17', 84.83, 109.95, 9327.26),
('25-230-17-230-67', 25, 230, 17, 230, '0006066717', '0006066817', '0006066817', 67, '25-230-230-17', 2.41, NULL, 2.41),
('25-230-188-230-109', 25, 230, 188, 230, '0003033513', '0003033813', '0003033513', 109, '25-230-230-188', 1080.00, NULL, 1080.00),
('25-230-188-230-13', 25, 230, 188, 230, '0003033513', '0003033813', '0003033513', 13, '25-230-230-188', 1440.00, NULL, 1440.00),
('25-230-188-230-175', 25, 230, 188, 230, '0003033513', '0003033813', '0003033813', 175, '25-230-230-188', 2.76, 113.34, 312.42),
('25-230-188-230-213', 25, 230, 188, 230, '0003033513', '0003033813', '0003033513', 213, '25-230-230-188', 1080.00, 235.69, 254545.20),
('25-230-230-156', 25, 230, 230, NULL, '000202245', '000202275', '000202275', 156, NULL, 0.36, 246.29, 87.46),
('25-230-230-17', 25, 230, 230, NULL, '000202245', '000202275', '000202245', 17, NULL, 216.00, NULL, 216.00),
('25-230-230-188', 25, 230, 230, NULL, '000202245', '000202275', '000202245', 188, NULL, 360.00, NULL, 360.00),
('25-230-230-201', 25, 230, 230, NULL, '000202245', '000202275', '000202245', 201, NULL, 216.00, 122.22, 26399.52),
('25-230-230-266', 25, 230, 230, NULL, '000202245', '000202275', '000202245', 266, NULL, 216.00, 88.02, 19012.32),
('25-230-230-284', 25, 230, 230, NULL, '000202245', '000202275', '000202245', 284, NULL, 9.40, 208.30, 1958.54),
('25-230-63-13-88', 25, 230, 63, 13, '0005055613', NULL, '0005055613', 88, '25-230-13-188-63', 18.57, 174.67, 3242.75),
('25-230-67-17-92', 25, 230, 67, 17, '0005055617', NULL, '0005055617', 92, '25-230-17-230-67', 1.99, 217.34, 433.41),
('26-13-13-38', 26, 13, 13, NULL, '0006066713', '0006066813', '0006066713', 38, NULL, 13.59, 235.93, 3205.79),
('26-13-13-63', 26, 13, 13, NULL, '0006066713', '0006066813', '0006066813', 63, NULL, 0.99, NULL, 0.99),
('26-13-63-13-88', 26, 13, 63, 13, '0005055613', NULL, '0005055613', 88, '26-13-13-63', 0.95, 174.67, 166.64),
('26-16-16-41', 26, 16, 16, NULL, '0006066716', '0006066816', '0006066716', 41, NULL, 19.19, 115.65, 2219.85),
('26-16-16-66', 26, 16, 16, NULL, '0006066716', '0006066816', '0006066816', 66, NULL, 0.95, NULL, 0.95),
('26-16-66-16-91', 26, 16, 66, 16, '0005055616', NULL, '0005055616', 91, '26-16-16-66', 0.81, 159.74, 128.96),
('27-121-121-146', 27, 121, 121, NULL, '0004044321', '0004044621', '0004044321', 146, NULL, 24.35, 216.53, 5272.20),
('27-121-121-171', 27, 121, 121, NULL, '0004044321', '0004044621', '0004044621', 171, NULL, 0.29, 134.05, 39.01),
('27-189-102-189-127', 27, 189, 102, 189, '000404432', '000404462', '000404432', 127, '27-189-189-102', 146.18, 215.30, 31471.80),
('27-189-102-189-152', 27, 189, 102, 189, '000404432', '000404462', '000404462', 152, '27-189-189-102', 6.42, 101.01, 648.15),
('27-189-14-189-39', 27, 189, 14, 189, '0006066714', '0006066814', '0006066714', 39, '27-189-189-14', 116.16, 134.68, 15644.73),
('27-189-14-189-64', 27, 189, 14, 189, '0006066714', '0006066814', '0006066814', 64, '27-189-189-14', 2.31, NULL, 2.31),
('27-189-189-102', 27, 189, 189, NULL, '0003033514', '0003033814', '0003033514', 102, NULL, 475.00, NULL, 475.00),
('27-189-189-14', 27, 189, 189, NULL, '0003033514', '0003033814', '0003033514', 14, NULL, 190.00, NULL, 190.00),
('27-189-189-162', 27, 189, 189, NULL, '0003033514', '0003033814', '0003033814', 162, NULL, 0.91, 184.25, 167.71),
('27-189-189-214', 27, 189, 189, NULL, '0003033514', '0003033814', '0003033514', 214, NULL, 285.00, 145.93, 41590.05),
('27-189-64-14-89', 27, 189, 64, 14, '0005055614', NULL, '0005055614', 89, '27-189-14-189-64', 0.61, 191.82, 117.46),
('28-14-14-39', 28, 14, 14, NULL, '0006066714', '0006066814', '0006066714', 39, NULL, 50.13, 134.68, 6751.93),
('28-14-14-64', 28, 14, 14, NULL, '0006066714', '0006066814', '0006066814', 64, NULL, 1.00, NULL, 1.00),
('28-14-64-14-89', 28, 14, 64, 14, '0005055614', NULL, '0005055614', 89, '28-14-14-64', 0.26, 191.82, 50.69),
('29-101-101-126', 29, 101, 101, NULL, '000404431', '000404461', '000404431', 126, NULL, 31.71, 182.35, 5781.41),
('29-101-101-151', 29, 101, 101, NULL, '000404431', '000404461', '000404461', 151, NULL, 0.24, 196.49, 47.67),
('3-108-108-133', 3, 108, 108, NULL, '000404438', '000404468', '000404438', 133, NULL, 14.57, 135.66, 1976.48),
('3-108-108-158', 3, 108, 108, NULL, '000404438', '000404468', '000404468', 158, NULL, 0.90, 81.71, 73.68),
('3-23-23-48', 3, 23, 23, NULL, '0006066723', '0006066823', '0006066723', 48, NULL, 33.52, 207.14, 6943.26),
('3-23-23-73', 3, 23, 23, NULL, '0006066723', '0006066823', '0006066823', 73, NULL, 1.00, NULL, 1.00),
('3-23-73-23-98', 3, 23, 73, 23, '0005055623', NULL, '0005055623', 98, '3-23-23-73', 0.78, 149.80, 117.47),
('30-110-110-135', 30, 110, 110, NULL, '0004044310', '0004044610', '0004044310', 135, NULL, 50.96, 116.76, 5950.48),
('30-110-110-160', 30, 110, 110, NULL, '0004044310', '0004044610', '0004044610', 160, NULL, 0.92, 241.34, 221.53),
('30-16-16-41', 30, 16, 16, NULL, '0006066716', '0006066816', '0006066716', 41, NULL, 20.71, 115.65, 2395.10),
('30-16-16-66', 30, 16, 16, NULL, '0006066716', '0006066816', '0006066816', 66, NULL, 1.02, NULL, 1.02),
('30-16-66-16-91', 30, 16, 66, 16, '0005055616', NULL, '0005055616', 91, '30-16-16-66', 0.87, 159.74, 139.15),
('31-231-116-190-141', 31, 231, 116, 190, '0004044316', '0004044616', '0004044316', 141, '31-231-190-231-116', 139.68, 215.79, 30141.13),
('31-231-116-190-166', 31, 231, 116, 190, '0004044316', '0004044616', '0004044616', 166, '31-231-190-231-116', 6.16, 154.29, 950.25),
('31-231-16-190-41', 31, 231, 16, 190, '0006066716', '0006066816', '0006066716', 41, '31-231-190-231-16', 185.88, 115.65, 21497.50),
('31-231-16-190-66', 31, 231, 16, 190, '0006066716', '0006066816', '0006066816', 66, '31-231-190-231-16', 9.19, NULL, 9.19),
('31-231-190-231-116', 31, 231, 190, 231, '0003033515', '0003033815', '0003033515', 116, '31-231-231-190', 736.00, NULL, 736.00),
('31-231-190-231-16', 31, 231, 190, 231, '0003033515', '0003033815', '0003033515', 16, '31-231-231-190', 736.00, NULL, 736.00),
('31-231-190-231-174', 31, 231, 190, 231, '0003033515', '0003033815', '0003033815', 174, '31-231-231-190', 0.60, 122.11, 73.50),
('31-231-190-231-215', 31, 231, 190, 231, '0003033515', '0003033815', '0003033515', 215, '31-231-231-190', 736.00, 102.30, 75292.80),
('31-231-231-165', 31, 231, 231, NULL, '000202246', '000202276', '000202276', 165, NULL, 1.27, 234.00, 297.29),
('31-231-231-190', 31, 231, 231, NULL, '000202246', '000202276', '000202246', 190, NULL, 368.00, NULL, 368.00),
('31-231-231-223', 31, 231, 231, NULL, '000202246', '000202276', '000202246', 223, NULL, 368.00, 224.18, 82498.24),
('31-231-231-271', 31, 231, 231, NULL, '000202246', '000202276', '000202246', 271, NULL, 368.00, 174.36, 64164.48),
('31-231-231-282', 31, 231, 231, NULL, '000202246', '000202276', '000202246', 282, NULL, 44.17, 74.30, 3281.50),
('31-231-231-3', 31, 231, 231, NULL, '000202246', '000202276', '000202246', 3, NULL, 368.00, NULL, 368.00),
('31-231-3-231-28', 31, 231, 3, 231, '000606673', '000606683', '000606673', 28, '31-231-231-3', 180.14, 113.79, 20498.51),
('31-231-3-231-53', 31, 231, 3, 231, '000606673', '000606683', '000606683', 53, '31-231-231-3', 1.32, NULL, 1.32),
('31-231-53-3-78', 31, 231, 53, 3, '000505563', NULL, '000505563', 78, '31-231-3-231-53', 0.87, 98.17, 85.83),
('31-231-66-16-91', 31, 231, 66, 16, '0005055616', NULL, '0005055616', 91, '31-231-16-190-66', 7.82, 159.74, 1248.92),
('32-104-104-129', 32, 104, 104, NULL, '000404434', '000404464', '000404434', 129, NULL, 32.10, 203.47, 6531.09),
('32-104-104-154', 32, 104, 104, NULL, '000404434', '000404464', '000404464', 154, NULL, 0.74, 118.22, 87.27),
('32-230-109-188-134', 32, 230, 109, 188, '000404439', '000404469', '000404439', 134, '32-230-188-230-109', 1094.62, 101.44, 111037.91),
('32-230-109-188-159', 32, 230, 109, 188, '000404439', '000404469', '000404469', 159, '32-230-188-230-109', 1.95, 71.01, 138.55),
('32-230-13-188-38', 32, 230, 13, 188, '0006066713', '0006066813', '0006066713', 38, '32-230-188-230-13', 282.77, 235.93, 66715.06),
('32-230-13-188-63', 32, 230, 13, 188, '0006066713', '0006066813', '0006066813', 63, '32-230-188-230-13', 20.59, NULL, 20.59),
('32-230-17-230-42', 32, 230, 17, 230, '0006066717', '0006066817', '0006066717', 42, '32-230-230-17', 90.72, 109.95, 9974.99),
('32-230-17-230-67', 32, 230, 17, 230, '0006066717', '0006066817', '0006066817', 67, '32-230-230-17', 2.57, NULL, 2.57),
('32-230-188-230-109', 32, 230, 188, 230, '0003033513', '0003033813', '0003033513', 109, '32-230-230-188', 1155.00, NULL, 1155.00),
('32-230-188-230-13', 32, 230, 188, 230, '0003033513', '0003033813', '0003033513', 13, '32-230-230-188', 1540.00, NULL, 1540.00),
('32-230-188-230-175', 32, 230, 188, 230, '0003033513', '0003033813', '0003033813', 175, '32-230-230-188', 2.95, 113.34, 334.12),
('32-230-188-230-213', 32, 230, 188, 230, '0003033513', '0003033813', '0003033513', 213, '32-230-230-188', 1155.00, 235.69, 272221.95),
('32-230-230-156', 32, 230, 230, NULL, '000202245', '000202275', '000202275', 156, NULL, 0.38, 246.29, 93.54),
('32-230-230-17', 32, 230, 230, NULL, '000202245', '000202275', '000202245', 17, NULL, 231.00, NULL, 231.00),
('32-230-230-188', 32, 230, 230, NULL, '000202245', '000202275', '000202245', 188, NULL, 385.00, NULL, 385.00),
('32-230-230-201', 32, 230, 230, NULL, '000202245', '000202275', '000202245', 201, NULL, 231.00, 122.22, 28232.82),
('32-230-230-266', 32, 230, 230, NULL, '000202245', '000202275', '000202245', 266, NULL, 231.00, 88.02, 20332.62),
('32-230-230-284', 32, 230, 230, NULL, '000202245', '000202275', '000202245', 284, NULL, 10.06, 208.30, 2094.55),
('32-230-63-13-88', 32, 230, 63, 13, '0005055613', NULL, '0005055613', 88, '32-230-13-188-63', 19.85, 174.67, 3467.94),
('32-230-67-17-92', 32, 230, 67, 17, '0005055617', NULL, '0005055617', 92, '32-230-17-230-67', 2.13, 217.34, 463.51),
('33-104-104-129', 33, 104, 104, NULL, '000404434', '000404464', '000404434', 129, NULL, 58.64, 203.47, 11931.81),
('33-104-104-154', 33, 104, 104, NULL, '000404434', '000404464', '000404464', 154, NULL, 1.35, 118.22, 159.43),
('34-13-13-38', 34, 13, 13, NULL, '0006066713', '0006066813', '0006066713', 38, NULL, 14.14, 235.93, 3335.75),
('34-13-13-63', 34, 13, 13, NULL, '0006066713', '0006066813', '0006066813', 63, NULL, 1.03, NULL, 1.03),
('34-13-63-13-88', 34, 13, 63, 13, '0005055613', NULL, '0005055613', 88, '34-13-13-63', 0.99, 174.67, 173.40),
('34-188-109-188-134', 34, 188, 109, 188, '000404439', '000404469', '000404439', 134, '34-188-188-109', 270.10, 101.44, 27398.96),
('34-188-109-188-159', 34, 188, 109, 188, '000404439', '000404469', '000404469', 159, '34-188-188-109', 0.48, 71.01, 34.19),
('34-188-13-188-38', 34, 188, 13, 188, '0006066713', '0006066813', '0006066713', 38, '34-188-188-13', 69.78, 235.93, 16462.16),
('34-188-13-188-63', 34, 188, 13, 188, '0006066713', '0006066813', '0006066813', 63, '34-188-188-13', 5.08, NULL, 5.08),
('34-188-188-109', 34, 188, 188, NULL, '0003033513', '0003033813', '0003033513', 109, NULL, 285.00, NULL, 285.00),
('34-188-188-13', 34, 188, 188, NULL, '0003033513', '0003033813', '0003033513', 13, NULL, 380.00, NULL, 380.00),
('34-188-188-175', 34, 188, 188, NULL, '0003033513', '0003033813', '0003033813', 175, NULL, 0.73, 113.34, 82.45),
('34-188-188-213', 34, 188, 188, NULL, '0003033513', '0003033813', '0003033513', 213, NULL, 285.00, 235.69, 67171.65),
('34-188-63-13-88', 34, 188, 63, 13, '0005055613', NULL, '0005055613', 88, '34-188-13-188-63', 4.90, 174.67, 855.73),
('35-242-115-191-140', 35, 242, 115, 191, '0004044315', '0004044615', '0004044315', 140, '35-242-191-242-115', 214.58, 169.37, 36343.58),
('35-242-115-191-165', 35, 242, 115, 191, '0004044315', '0004044615', '0004044615', 165, '35-242-191-242-115', 1.48, 234.00, 346.88),
('35-242-13-191-38', 35, 242, 13, 191, '0006066713', '0006066813', '0006066713', 38, '35-242-191-242-13', 110.17, 235.93, 25992.88),
('35-242-13-191-63', 35, 242, 13, 191, '0006066713', '0006066813', '0006066813', 63, '35-242-191-242-13', 8.02, NULL, 8.02),
('35-242-18-242-43', 35, 242, 18, 242, '0006066718', '0006066818', '0006066718', 43, '35-242-242-18', 31.78, 120.91, 3841.92),
('35-242-18-242-68', 35, 242, 18, 242, '0006066718', '0006066818', '0006066818', 68, '35-242-242-18', 0.46, NULL, 0.46),
('35-242-191-242-115', 35, 242, 191, 242, '0003033516', '0003033816', '0003033516', 115, '35-242-242-191', 300.00, NULL, 300.00),
('35-242-191-242-13', 35, 242, 191, 242, '0003033516', '0003033816', '0003033516', 13, '35-242-242-191', 600.00, NULL, 600.00),
('35-242-191-242-171', 35, 242, 191, 242, '0003033516', '0003033816', '0003033816', 171, '35-242-242-191', 1.84, 134.05, 247.08),
('35-242-191-242-216', 35, 242, 191, 242, '0003033516', '0003033816', '0003033516', 216, '35-242-242-191', 1500.00, 243.47, 365205.00),
('35-242-242-165', 35, 242, 242, NULL, '0002022417', '0002022717', '0002022717', 165, NULL, 0.45, 234.00, 105.56),
('35-242-242-18', 35, 242, 242, NULL, '0002022417', '0002022717', '0002022417', 18, NULL, 100.00, NULL, 100.00),
('35-242-242-191', 35, 242, 242, NULL, '0002022417', '0002022717', '0002022417', 191, NULL, 300.00, NULL, 300.00),
('35-242-242-213', 35, 242, 242, NULL, '0002022417', '0002022717', '0002022417', 213, NULL, 300.00, 235.69, 70707.00),
('35-242-242-272', 35, 242, 242, NULL, '0002022417', '0002022717', '0002022417', 272, NULL, 100.00, 184.52, 18452.00),
('35-242-242-289', 35, 242, 242, NULL, '0002022417', '0002022717', '0002022417', 289, NULL, 41.68, 185.77, 7742.71),
('35-242-63-13-88', 35, 242, 63, 13, '0005055613', NULL, '0005055613', 88, '35-242-13-191-63', 7.74, 174.67, 1351.15),
('35-242-68-18-93', 35, 242, 68, 18, '0005055618', NULL, '0005055618', 93, '35-242-18-242-68', 0.28, 239.01, 66.66),
('36-232-119-182-144', 36, 232, 119, 182, '0004044319', '0004044619', '0004044319', 144, '36-232-182-232-119', 883.91, 147.30, 130199.21),
('36-232-119-182-169', 36, 232, 119, 182, '0004044319', '0004044619', '0004044619', 169, '36-232-182-232-119', 9.17, 139.89, 1283.35),
('36-232-182-232-119', 36, 232, 182, 232, '000303357', '000303387', '000303357', 119, '36-232-232-182', 1100.00, NULL, 1100.00),
('36-232-182-232-169', 36, 232, 182, 232, '000303357', '000303387', '000303387', 169, '36-232-232-182', 2.75, 139.89, 384.71),
('36-232-182-232-207', 36, 232, 182, 232, '000303357', '000303387', '000303357', 207, '36-232-232-182', 550.00, 103.19, 56754.50),
('36-232-182-232-23', 36, 232, 182, 232, '000303357', '000303387', '000303357', 23, '36-232-232-182', 275.00, NULL, 275.00),
('36-232-19-232-44', 36, 232, 19, 232, '0006066719', '0006066819', '0006066719', 44, '36-232-232-19', 41.53, 234.59, 9742.12),
('36-232-19-232-69', 36, 232, 19, 232, '0006066719', '0006066819', '0006066819', 69, '36-232-232-19', 1.21, NULL, 1.21),
('36-232-23-182-48', 36, 232, 23, 182, '0006066723', '0006066823', '0006066723', 48, '36-232-182-232-23', 119.71, 207.14, 24797.35),
('36-232-23-182-73', 36, 232, 23, 182, '0006066723', '0006066823', '0006066823', 73, '36-232-182-232-23', 3.56, NULL, 3.56),
('36-232-232-154', 36, 232, 232, NULL, '000202247', '000202277', '000202277', 154, NULL, 0.66, 118.22, 78.22),
('36-232-232-182', 36, 232, 232, NULL, '000202247', '000202277', '000202247', 182, NULL, 275.00, NULL, 275.00),
('36-232-232-19', 36, 232, 232, NULL, '000202247', '000202277', '000202247', 19, NULL, 110.00, NULL, 110.00),
('36-232-232-219', 36, 232, 232, NULL, '000202247', '000202277', '000202247', 219, NULL, 275.00, 179.87, 49464.25),
('36-232-232-262', 36, 232, 232, NULL, '000202247', '000202277', '000202247', 262, NULL, 55.00, 95.75, 5266.25),
('36-232-232-295', 36, 232, 232, NULL, '000202247', '000202277', '000202247', 295, NULL, 19.74, 243.49, 4805.84),
('36-232-69-19-94', 36, 232, 69, 19, '0005055619', NULL, '0005055619', 94, '36-232-19-232-69', 0.76, 143.55, 109.25),
('36-232-73-23-98', 36, 232, 73, 23, '0005055623', NULL, '0005055623', 98, '36-232-23-182-73', 2.80, 149.80, 419.54),
('36-239-108-178-133', 36, 239, 108, 178, '000404438', '000404468', '000404438', 133, '36-239-178-239-108', 52.64, 135.66, 7140.84),
('36-239-108-178-158', 36, 239, 108, 178, '000404438', '000404468', '000404468', 158, '36-239-178-239-108', 3.26, 81.71, 266.18),
('36-239-13-239-38', 36, 239, 13, 239, '0006066713', '0006066813', '0006066713', 38, '36-239-239-13', 15.42, 235.93, 3639.00),
('36-239-13-239-63', 36, 239, 13, 239, '0006066713', '0006066813', '0006066813', 63, '36-239-239-13', 1.12, NULL, 1.12),
('36-239-178-239-108', 36, 239, 178, 239, '000303353', '000303383', '000303353', 108, '36-239-239-178', 336.00, NULL, 336.00),
('36-239-178-239-155', 36, 239, 178, 239, '000303353', '000303383', '000303383', 155, '36-239-239-178', 1.81, 143.74, 259.52),
('36-239-178-239-203', 36, 239, 178, 239, '000303353', '000303383', '000303353', 203, '36-239-239-178', 672.00, 204.55, 137457.60),
('36-239-178-239-22', 36, 239, 178, 239, '000303353', '000303383', '000303353', 22, '36-239-239-178', 168.00, NULL, 168.00),
('36-239-22-178-47', 36, 239, 22, 178, '0006066722', '0006066822', '0006066722', 47, '36-239-178-239-22', 59.13, 201.14, 11893.60),
('36-239-22-178-72', 36, 239, 22, 178, '0006066722', '0006066822', '0006066822', 72, '36-239-178-239-22', 0.78, NULL, 0.78),
('36-239-239-13', 36, 239, 239, NULL, '0002022414', '0002022714', '0002022414', 13, NULL, 84.00, NULL, 84.00),
('36-239-239-169', 36, 239, 239, NULL, '0002022414', '0002022714', '0002022714', 169, NULL, 0.98, 139.89, 137.44),
('36-239-239-178', 36, 239, 239, NULL, '0002022414', '0002022714', '0002022414', 178, NULL, 168.00, NULL, 168.00),
('36-239-239-220', 36, 239, 239, NULL, '0002022414', '0002022714', '0002022414', 220, NULL, 420.00, 173.63, 72924.60),
('36-239-239-254', 36, 239, 239, NULL, '0002022414', '0002022714', '0002022414', 254, NULL, 84.00, 109.98, 9238.32),
('36-239-239-285', 36, 239, 239, NULL, '0002022414', '0002022714', '0002022414', 285, NULL, 37.32, 215.18, 8030.96),
('36-239-63-13-88', 36, 239, 63, 13, '0005055613', NULL, '0005055613', 88, '36-239-13-239-63', 1.08, 174.67, 189.16),
('36-239-72-22-97', 36, 239, 72, 22, '0005055622', NULL, '0005055622', 97, '36-239-22-178-72', 0.20, 162.91, 32.34),
('37-25-25-50', 37, 25, 25, NULL, '0006066725', '0006066825', '0006066725', 50, NULL, 82.88, 71.50, 5925.64),
('37-25-25-75', 37, 25, 25, NULL, '0006066725', '0006066825', '0006066825', 75, NULL, 0.86, NULL, 0.86),
('37-25-75-25-100', 37, 25, 75, 25, '0005055625', NULL, '0005055625', 100, '37-25-25-75', 0.77, 205.36, 158.64),
('38-248-116-179-141', 38, 248, 116, 179, '0004044316', '0004044616', '0004044316', 141, '38-248-179-248-116', 227.74, 215.79, 49143.15),
('38-248-116-179-166', 38, 248, 116, 179, '0004044316', '0004044616', '0004044616', 166, '38-248-179-248-116', 10.04, 154.29, 1549.32),
('38-248-179-248-116', 38, 248, 179, 248, '000303354', '000303384', '000303354', 116, '38-248-248-179', 1200.00, NULL, 1200.00),
('38-248-179-248-151', 38, 248, 179, 248, '000303354', '000303384', '000303384', 151, '38-248-248-179', 3.01, 196.49, 592.34),
('38-248-179-248-204', 38, 248, 179, 248, '000303354', '000303384', '000303354', 204, '38-248-248-179', 1600.00, 182.73, 292368.00),
('38-248-179-248-25', 38, 248, 179, 248, '000303354', '000303384', '000303354', 25, '38-248-248-179', 800.00, NULL, 800.00),
('38-248-22-248-47', 38, 248, 22, 248, '0006066722', '0006066822', '0006066722', 47, '38-248-248-22', 84.47, 201.14, 16990.86),
('38-248-22-248-72', 38, 248, 22, 248, '0006066722', '0006066822', '0006066822', 72, '38-248-248-22', 1.11, NULL, 1.11),
('38-248-248-158', 38, 248, 248, NULL, '0002022423', '0002022723', '0002022723', 158, NULL, 0.76, 81.71, 61.87),
('38-248-248-179', 38, 248, 248, NULL, '0002022423', '0002022723', '0002022423', 179, NULL, 400.00, NULL, 400.00),
('38-248-248-206', 38, 248, 248, NULL, '0002022423', '0002022723', '0002022423', 206, NULL, 160.00, 243.04, 38886.40),
('38-248-248-22', 38, 248, 248, NULL, '0002022423', '0002022723', '0002022423', 22, NULL, 240.00, NULL, 240.00),
('38-248-248-256', 38, 248, 248, NULL, '0002022423', '0002022723', '0002022423', 256, NULL, 80.00, 82.42, 6593.60),
('38-248-248-299', 38, 248, 248, NULL, '0002022423', '0002022723', '0002022423', 299, NULL, 61.63, 85.96, 5297.89),
('38-248-25-179-50', 38, 248, 25, 179, '0006066725', '0006066825', '0006066725', 50, '38-248-179-248-25', 705.33, 71.50, 50430.95),
('38-248-25-179-75', 38, 248, 25, 179, '0006066725', '0006066825', '0006066825', 75, '38-248-179-248-25', 7.34, NULL, 7.34),
('38-248-72-22-97', 38, 248, 72, 22, '0005055622', NULL, '0005055622', 97, '38-248-22-248-72', 0.28, 162.91, 46.19),
('38-248-75-25-100', 38, 248, 75, 25, '0005055625', NULL, '0005055625', 100, '38-248-25-179-75', 6.57, 205.36, 1350.16),
('38-25-25-50', 38, 25, 25, NULL, '0006066725', '0006066825', '0006066725', 50, NULL, 67.01, 71.50, 4790.94),
('38-25-25-75', 38, 25, 25, NULL, '0006066725', '0006066825', '0006066825', 75, NULL, 0.70, NULL, 0.70),
('38-25-75-25-100', 38, 25, 75, 25, '0005055625', NULL, '0005055625', 100, '38-25-25-75', 0.62, 205.36, 128.27),
('39-21-21-46', 39, 21, 21, NULL, '0006066721', '0006066821', '0006066721', 46, NULL, 14.51, 90.02, 1306.27),
('39-21-21-71', 39, 21, 21, NULL, '0006066721', '0006066821', '0006066821', 71, NULL, 1.09, NULL, 1.09),
('39-21-71-21-96', 39, 21, 71, 21, '0005055621', NULL, '0005055621', 96, '39-21-21-71', 0.25, 243.67, 61.35),
('4-116-116-141', 4, 116, 116, NULL, '0004044316', '0004044616', '0004044316', 141, NULL, 16.70, 215.79, 3603.83),
('4-116-116-166', 4, 116, 116, NULL, '0004044316', '0004044616', '0004044616', 166, NULL, 0.74, 154.29, 113.62),
('4-195-11-195-36', 4, 195, 11, 195, '0006066711', '0006066811', '0006066711', 36, '4-195-195-11', 16.41, 144.59, 2372.94),
('4-195-11-195-61', 4, 195, 11, 195, '0006066711', '0006066811', '0006066811', 61, '4-195-195-11', 1.51, NULL, 1.51),
('4-195-124-195-149', 4, 195, 124, 195, '0004044324', '0004044624', '0004044324', 149, '4-195-195-124', 269.10, 242.23, 65184.94),
('4-195-124-195-174', 4, 195, 124, 195, '0004044324', '0004044624', '0004044624', 174, '4-195-195-124', 0.63, 122.11, 76.32),
('4-195-195-11', 4, 195, 195, NULL, '0003033520', '0003033820', '0003033520', 11, NULL, 164.00, NULL, 164.00),
('4-195-195-124', 4, 195, 195, NULL, '0003033520', '0003033820', '0003033520', 124, NULL, 410.00, NULL, 410.00),
('4-195-195-159', 4, 195, 195, NULL, '0003033520', '0003033820', '0003033820', 159, NULL, 1.05, 71.01, 74.37),
('4-195-195-220', 4, 195, 195, NULL, '0003033520', '0003033820', '0003033520', 220, NULL, 246.00, 173.63, 42712.98),
('4-195-61-11-86', 4, 195, 61, 11, '0005055611', NULL, '0005055611', 86, '4-195-11-195-61', 0.32, 197.67, 62.34),
('40-195-11-195-36', 40, 195, 11, 195, '0006066711', '0006066811', '0006066711', 36, '40-195-195-11', 17.41, 144.59, 2517.63),
('40-195-11-195-61', 40, 195, 11, 195, '0006066711', '0006066811', '0006066811', 61, '40-195-195-11', 1.60, NULL, 1.60),
('40-195-124-195-149', 40, 195, 124, 195, '0004044324', '0004044624', '0004044324', 149, '40-195-195-124', 285.51, 242.23, 69159.63),
('40-195-124-195-174', 40, 195, 124, 195, '0004044324', '0004044624', '0004044624', 174, '40-195-195-124', 0.66, 122.11, 80.98),
('40-195-195-11', 40, 195, 195, NULL, '0003033520', '0003033820', '0003033520', 11, NULL, 174.00, NULL, 174.00),
('40-195-195-124', 40, 195, 195, NULL, '0003033520', '0003033820', '0003033520', 124, NULL, 435.00, NULL, 435.00),
('40-195-195-159', 40, 195, 195, NULL, '0003033520', '0003033820', '0003033820', 159, NULL, 1.11, 71.01, 78.90),
('40-195-195-220', 40, 195, 195, NULL, '0003033520', '0003033820', '0003033520', 220, NULL, 261.00, 173.63, 45317.43),
('40-195-61-11-86', 40, 195, 61, 11, '0005055611', NULL, '0005055611', 86, '40-195-11-195-61', 0.33, 197.67, 66.14),
('41-106-106-131', 41, 106, 106, NULL, '000404436', '000404466', '000404436', 131, NULL, 58.92, 106.40, 6268.95),
('41-106-106-156', 41, 106, 106, NULL, '000404436', '000404466', '000404466', 156, NULL, 0.59, 246.29, 144.26),
('43-199-10-199-35', 43, 199, 10, 199, '0006066710', '0006066810', '0006066710', 35, '43-199-199-10', 17.80, 187.13, 3330.61),
('43-199-10-199-60', 43, 199, 10, 199, '0006066710', '0006066810', '0006066810', 60, '43-199-199-10', 0.59, NULL, 0.59),
('43-199-116-199-141', 43, 199, 116, 199, '0004044316', '0004044616', '0004044316', 141, '43-199-199-116', 45.55, 215.79, 9828.63),
('43-199-116-199-166', 43, 199, 116, 199, '0004044316', '0004044616', '0004044616', 166, '43-199-199-116', 2.01, 154.29, 309.86),
('43-199-199-10', 43, 199, 199, NULL, '0003033524', '0003033824', '0003033524', 10, NULL, 60.00, NULL, 60.00),
('43-199-199-116', 43, 199, 199, NULL, '0003033524', '0003033824', '0003033524', 116, NULL, 240.00, NULL, 240.00),
('43-199-199-160', 43, 199, 199, NULL, '0003033524', '0003033824', '0003033824', 160, NULL, 0.46, 241.34, 111.96),
('43-199-199-224', 43, 199, 199, NULL, '0003033524', '0003033824', '0003033524', 224, NULL, 240.00, 97.98, 23515.20),
('43-199-60-10-85', 43, 199, 60, 10, '0005055610', NULL, '0005055610', 85, '43-199-10-199-60', 0.41, 118.22, 48.31),
('43-7-57-7-82', 43, 7, 57, 7, '000505567', NULL, '000505567', 82, '43-7-7-57', 0.09, 229.02, 20.70);
INSERT INTO `order_item_specification` (`order_item_specification_id`, `order_id`, `item_id`, `current_item_id`, `current_item_parent_id`, `current_specification_number`, `current_cover_number`, `current_number`, `component_id`, `order_item_specification_parent_id`, `component_cnt`, `component_purchase_price`, `total_component_purchase_price`) VALUES
('43-7-7-32', 43, 7, 7, NULL, '000606677', '000606687', '000606677', 32, NULL, 27.61, 196.70, 5430.52),
('43-7-7-57', 43, 7, 7, NULL, '000606677', '000606687', '000606687', 57, NULL, 0.45, NULL, 0.45),
('44-121-121-146', 44, 121, 121, NULL, '0004044321', '0004044621', '0004044321', 146, NULL, 38.78, 216.53, 8396.47),
('44-121-121-171', 44, 121, 121, NULL, '0004044321', '0004044621', '0004044621', 171, NULL, 0.46, 134.05, 62.13),
('45-105-105-130', 45, 105, 105, NULL, '000404435', '000404465', '000404435', 130, NULL, 16.10, 152.26, 2452.01),
('45-105-105-155', 45, 105, 105, NULL, '000404435', '000404465', '000404465', 155, NULL, 0.30, 143.74, 42.82),
('46-15-15-40', 46, 15, 15, NULL, '0006066715', '0006066815', '0006066715', 40, NULL, 11.01, 96.28, 1060.31),
('46-15-15-65', 46, 15, 15, NULL, '0006066715', '0006066815', '0006066815', 65, NULL, 0.77, NULL, 0.77),
('46-15-65-15-90', 46, 15, 65, 15, '0005055615', NULL, '0005055615', 90, '46-15-15-65', 0.33, 81.28, 26.95),
('46-248-116-179-141', 46, 248, 116, 179, '0004044316', '0004044616', '0004044316', 141, '46-248-179-248-116', 156.57, 215.79, 33785.92),
('46-248-116-179-166', 46, 248, 116, 179, '0004044316', '0004044616', '0004044616', 166, '46-248-179-248-116', 6.90, 154.29, 1065.16),
('46-248-179-248-116', 46, 248, 179, 248, '000303354', '000303384', '000303354', 116, '46-248-248-179', 825.00, NULL, 825.00),
('46-248-179-248-151', 46, 248, 179, 248, '000303354', '000303384', '000303384', 151, '46-248-248-179', 2.07, 196.49, 407.23),
('46-248-179-248-204', 46, 248, 179, 248, '000303354', '000303384', '000303354', 204, '46-248-248-179', 1100.00, 182.73, 201003.00),
('46-248-179-248-25', 46, 248, 179, 248, '000303354', '000303384', '000303354', 25, '46-248-248-179', 550.00, NULL, 550.00),
('46-248-22-248-47', 46, 248, 22, 248, '0006066722', '0006066822', '0006066722', 47, '46-248-248-22', 58.08, 201.14, 11681.22),
('46-248-22-248-72', 46, 248, 22, 248, '0006066722', '0006066822', '0006066822', 72, '46-248-248-22', 0.76, NULL, 0.76),
('46-248-248-158', 46, 248, 248, NULL, '0002022423', '0002022723', '0002022723', 158, NULL, 0.52, 81.71, 42.53),
('46-248-248-179', 46, 248, 248, NULL, '0002022423', '0002022723', '0002022423', 179, NULL, 275.00, NULL, 275.00),
('46-248-248-206', 46, 248, 248, NULL, '0002022423', '0002022723', '0002022423', 206, NULL, 110.00, 243.04, 26734.40),
('46-248-248-22', 46, 248, 248, NULL, '0002022423', '0002022723', '0002022423', 22, NULL, 165.00, NULL, 165.00),
('46-248-248-256', 46, 248, 248, NULL, '0002022423', '0002022723', '0002022423', 256, NULL, 55.00, 82.42, 4533.10),
('46-248-248-299', 46, 248, 248, NULL, '0002022423', '0002022723', '0002022423', 299, NULL, 42.37, 85.96, 3642.30),
('46-248-25-179-50', 46, 248, 25, 179, '0006066725', '0006066825', '0006066725', 50, '46-248-179-248-25', 484.91, 71.50, 34671.28),
('46-248-25-179-75', 46, 248, 25, 179, '0006066725', '0006066825', '0006066825', 75, '46-248-179-248-25', 5.04, NULL, 5.04),
('46-248-72-22-97', 46, 248, 72, 22, '0005055622', NULL, '0005055622', 97, '46-248-22-248-72', 0.19, 162.91, 31.76),
('46-248-75-25-100', 46, 248, 75, 25, '0005055625', NULL, '0005055625', 100, '46-248-25-179-75', 4.52, 205.36, 928.24),
('47-17-17-42', 47, 17, 17, NULL, '0006066717', '0006066817', '0006066717', 42, NULL, 29.46, 109.95, 3238.63),
('47-17-17-67', 47, 17, 17, NULL, '0006066717', '0006066817', '0006066817', 67, NULL, 0.84, NULL, 0.84),
('47-17-67-17-92', 47, 17, 67, 17, '0005055617', NULL, '0005055617', 92, '47-17-17-67', 0.69, 217.34, 150.49),
('47-5-5-30', 47, 5, 5, NULL, '000606675', '000606685', '000606675', 30, NULL, 60.13, 197.71, 11888.00),
('47-5-5-55', 47, 5, 5, NULL, '000606675', '000606685', '000606685', 55, NULL, 0.72, NULL, 0.72),
('47-5-55-5-80', 47, 5, 55, 5, '000505565', NULL, '000505565', 80, '47-5-5-55', 0.63, 220.77, 139.92),
('48-14-14-39', 48, 14, 14, NULL, '0006066714', '0006066814', '0006066714', 39, NULL, 34.85, 134.68, 4693.42),
('48-14-14-64', 48, 14, 14, NULL, '0006066714', '0006066814', '0006066814', 64, NULL, 0.69, NULL, 0.69),
('48-14-64-14-89', 48, 14, 64, 14, '0005055614', NULL, '0005055614', 89, '48-14-14-64', 0.18, 191.82, 35.24),
('49-3-3-28', 49, 3, 3, NULL, '000606673', '000606683', '000606673', 28, NULL, 46.50, 113.79, 5291.74),
('49-3-3-53', 49, 3, 3, NULL, '000606673', '000606683', '000606683', 53, NULL, 0.34, NULL, 0.34),
('49-3-53-3-78', 49, 3, 53, 3, '000505563', NULL, '000505563', 78, '49-3-3-53', 0.23, 98.17, 22.16),
('49-9-59-9-84', 49, 9, 59, 9, '000505569', NULL, '000505569', 84, '49-9-9-59', 0.48, 119.50, 56.88),
('49-9-9-34', 49, 9, 9, NULL, '000606679', '000606689', '000606679', 34, NULL, 15.28, 136.66, 2088.21),
('49-9-9-59', 49, 9, 9, NULL, '000606679', '000606689', '000606689', 59, NULL, 0.93, NULL, 0.93),
('5-227-11-195-36', 5, 227, 11, 195, '0006066711', '0006066811', '0006066711', 36, '5-227-195-227-11', 83.06, 144.59, 12009.37),
('5-227-11-195-61', 5, 227, 11, 195, '0006066711', '0006066811', '0006066811', 61, '5-227-195-227-11', 7.65, NULL, 7.65),
('5-227-124-195-149', 5, 227, 124, 195, '0004044324', '0004044624', '0004044324', 149, '5-227-195-227-124', 1361.93, 242.23, 329899.40),
('5-227-124-195-174', 5, 227, 124, 195, '0004044324', '0004044624', '0004044624', 174, '5-227-195-227-124', 3.16, 122.11, 386.28),
('5-227-195-227-11', 5, 227, 195, 227, '0003033520', '0003033820', '0003033520', 11, '5-227-227-195', 830.00, NULL, 830.00),
('5-227-195-227-124', 5, 227, 195, 227, '0003033520', '0003033820', '0003033520', 124, '5-227-227-195', 2075.00, NULL, 2075.00),
('5-227-195-227-159', 5, 227, 195, 227, '0003033520', '0003033820', '0003033820', 159, '5-227-227-195', 5.30, 71.01, 376.38),
('5-227-195-227-220', 5, 227, 195, 227, '0003033520', '0003033820', '0003033520', 220, '5-227-227-195', 1245.00, 173.63, 216169.35),
('5-227-227-151', 5, 227, 227, NULL, '000202242', '000202272', '000202272', 151, NULL, 0.59, 196.49, 116.33),
('5-227-227-195', 5, 227, 227, NULL, '000202242', '000202272', '000202242', 195, NULL, 415.00, NULL, 415.00),
('5-227-227-210', 5, 227, 227, NULL, '000202242', '000202272', '000202242', 210, NULL, 83.00, 226.74, 18819.42),
('5-227-227-268', 5, 227, 227, NULL, '000202242', '000202272', '000202242', 268, NULL, 332.00, 166.12, 55151.84),
('5-227-227-283', 5, 227, 227, NULL, '000202242', '000202272', '000202242', 283, NULL, 75.54, 144.00, 10877.99),
('5-227-227-7', 5, 227, 227, NULL, '000202242', '000202272', '000202242', 7, NULL, 332.00, NULL, 332.00),
('5-227-57-7-82', 5, 227, 57, 7, '000505567', NULL, '000505567', 82, '5-227-7-227-57', 0.31, 229.02, 70.85),
('5-227-61-11-86', 5, 227, 61, 11, '0005055611', NULL, '0005055611', 86, '5-227-11-195-61', 1.60, 197.67, 315.48),
('5-227-7-227-32', 5, 227, 7, 227, '000606677', '000606687', '000606677', 32, '5-227-227-7', 94.49, 196.70, 18586.94),
('5-227-7-227-57', 5, 227, 7, 227, '000606677', '000606687', '000606687', 57, '5-227-227-7', 1.53, NULL, 1.53),
('5-242-115-191-140', 5, 242, 115, 191, '0004044315', '0004044615', '0004044315', 140, '5-242-191-242-115', 173.81, 169.37, 29438.30),
('5-242-115-191-165', 5, 242, 115, 191, '0004044315', '0004044615', '0004044615', 165, '5-242-191-242-115', 1.20, 234.00, 280.97),
('5-242-13-191-38', 5, 242, 13, 191, '0006066713', '0006066813', '0006066713', 38, '5-242-191-242-13', 89.24, 235.93, 21054.23),
('5-242-13-191-63', 5, 242, 13, 191, '0006066713', '0006066813', '0006066813', 63, '5-242-191-242-13', 6.50, NULL, 6.50),
('5-242-18-242-43', 5, 242, 18, 242, '0006066718', '0006066818', '0006066718', 43, '5-242-242-18', 25.74, 120.91, 3111.95),
('5-242-18-242-68', 5, 242, 18, 242, '0006066718', '0006066818', '0006066818', 68, '5-242-242-18', 0.38, NULL, 0.38),
('5-242-191-242-115', 5, 242, 191, 242, '0003033516', '0003033816', '0003033516', 115, '5-242-242-191', 243.00, NULL, 243.00),
('5-242-191-242-13', 5, 242, 191, 242, '0003033516', '0003033816', '0003033516', 13, '5-242-242-191', 486.00, NULL, 486.00),
('5-242-191-242-171', 5, 242, 191, 242, '0003033516', '0003033816', '0003033816', 171, '5-242-242-191', 1.49, 134.05, 200.14),
('5-242-191-242-216', 5, 242, 191, 242, '0003033516', '0003033816', '0003033516', 216, '5-242-242-191', 1215.00, 243.47, 295816.05),
('5-242-242-165', 5, 242, 242, NULL, '0002022417', '0002022717', '0002022717', 165, NULL, 0.37, 234.00, 85.50),
('5-242-242-18', 5, 242, 242, NULL, '0002022417', '0002022717', '0002022417', 18, NULL, 81.00, NULL, 81.00),
('5-242-242-191', 5, 242, 242, NULL, '0002022417', '0002022717', '0002022417', 191, NULL, 243.00, NULL, 243.00),
('5-242-242-213', 5, 242, 242, NULL, '0002022417', '0002022717', '0002022417', 213, NULL, 243.00, 235.69, 57272.67),
('5-242-242-272', 5, 242, 242, NULL, '0002022417', '0002022717', '0002022417', 272, NULL, 81.00, 184.52, 14946.12),
('5-242-242-289', 5, 242, 242, NULL, '0002022417', '0002022717', '0002022417', 289, NULL, 33.76, 185.77, 6271.59),
('5-242-63-13-88', 5, 242, 63, 13, '0005055613', NULL, '0005055613', 88, '5-242-13-191-63', 6.27, 174.67, 1094.43),
('5-242-68-18-93', 5, 242, 68, 18, '0005055618', NULL, '0005055618', 93, '5-242-18-242-68', 0.23, 239.01, 53.99),
('50-2-2-27', 50, 2, 2, NULL, '000606672', '000606682', '000606672', 27, NULL, 71.09, 116.37, 8272.34),
('50-2-2-52', 50, 2, 2, NULL, '000606672', '000606682', '000606682', 52, NULL, 0.60, NULL, 0.60),
('50-2-52-2-77', 50, 2, 52, 2, '000505562', NULL, '000505562', 77, '50-2-2-52', 0.32, 127.44, 40.96),
('50-226-113-192-138', 50, 226, 113, 192, '0004044313', '0004044613', '0004044313', 138, '50-226-192-226-113', 371.81, 227.48, 84578.88),
('50-226-113-192-163', 50, 226, 113, 192, '0004044313', '0004044613', '0004044613', 163, '50-226-192-226-113', 5.60, 168.96, 945.76),
('50-226-192-226-113', 50, 226, 192, 226, '0003033517', '0003033817', '0003033517', 113, '50-226-226-192', 450.00, NULL, 450.00),
('50-226-192-226-166', 50, 226, 192, 226, '0003033517', '0003033817', '0003033817', 166, '50-226-226-192', 1.41, 154.29, 216.97),
('50-226-192-226-217', 50, 226, 192, 226, '0003033517', '0003033817', '0003033517', 217, '50-226-226-192', 225.00, 70.82, 15934.50),
('50-226-192-226-25', 50, 226, 192, 226, '0003033517', '0003033817', '0003033517', 25, '50-226-226-192', 225.00, NULL, 225.00),
('50-226-22-226-47', 50, 226, 22, 226, '0006066722', '0006066822', '0006066722', 47, '50-226-226-22', 79.19, 201.14, 15928.93),
('50-226-22-226-72', 50, 226, 22, 226, '0006066722', '0006066822', '0006066822', 72, '50-226-226-22', 1.04, NULL, 1.04),
('50-226-226-154', 50, 226, 226, NULL, '000202241', '000202271', '000202271', 154, NULL, 0.38, 118.22, 44.37),
('50-226-226-192', 50, 226, 226, NULL, '000202241', '000202271', '000202241', 192, NULL, 225.00, NULL, 225.00),
('50-226-226-22', 50, 226, 226, NULL, '000202241', '000202271', '000202241', 22, NULL, 225.00, NULL, 225.00),
('50-226-226-223', 50, 226, 226, NULL, '000202241', '000202271', '000202241', 223, NULL, 150.00, 224.18, 33627.00),
('50-226-226-264', 50, 226, 226, NULL, '000202241', '000202271', '000202241', 264, NULL, 75.00, 134.83, 10112.25),
('50-226-226-280', 50, 226, 226, NULL, '000202241', '000202271', '000202241', 280, NULL, 69.01, 240.90, 16623.73),
('50-226-25-192-50', 50, 226, 25, 192, '0006066725', '0006066825', '0006066725', 50, '50-226-192-226-25', 198.37, 71.50, 14183.71),
('50-226-25-192-75', 50, 226, 25, 192, '0006066725', '0006066825', '0006066825', 75, '50-226-192-226-25', 2.06, NULL, 2.06),
('50-226-72-22-97', 50, 226, 72, 22, '0005055622', NULL, '0005055622', 97, '50-226-22-226-72', 0.27, 162.91, 43.31),
('50-226-75-25-100', 50, 226, 75, 25, '0005055625', NULL, '0005055625', 100, '50-226-25-192-75', 1.85, 205.36, 379.73),
('51-109-109-134', 51, 109, 109, NULL, '000404439', '000404469', '000404439', 134, NULL, 59.71, 101.44, 6056.61),
('51-109-109-159', 51, 109, 109, NULL, '000404439', '000404469', '000404469', 159, NULL, 0.11, 71.01, 7.56),
('51-11-11-36', 51, 11, 11, NULL, '0006066711', '0006066811', '0006066711', 36, NULL, 9.21, 144.59, 1331.16),
('51-11-11-61', 51, 11, 11, NULL, '0006066711', '0006066811', '0006066811', 61, NULL, 0.85, NULL, 0.85),
('51-11-61-11-86', 51, 11, 61, 11, '0005055611', NULL, '0005055611', 86, '51-11-11-61', 0.18, 197.67, 34.97),
('52-188-109-188-134', 52, 188, 109, 188, '000404439', '000404469', '000404439', 134, '52-188-188-109', 278.63, 101.44, 28264.19),
('52-188-109-188-159', 52, 188, 109, 188, '000404439', '000404469', '000404469', 159, '52-188-188-109', 0.50, 71.01, 35.27),
('52-188-13-188-38', 52, 188, 13, 188, '0006066713', '0006066813', '0006066713', 38, '52-188-188-13', 71.98, 235.93, 16982.01),
('52-188-13-188-63', 52, 188, 13, 188, '0006066713', '0006066813', '0006066813', 63, '52-188-188-13', 5.24, NULL, 5.24),
('52-188-188-109', 52, 188, 188, NULL, '0003033513', '0003033813', '0003033513', 109, NULL, 294.00, NULL, 294.00),
('52-188-188-13', 52, 188, 188, NULL, '0003033513', '0003033813', '0003033513', 13, NULL, 392.00, NULL, 392.00),
('52-188-188-175', 52, 188, 188, NULL, '0003033513', '0003033813', '0003033813', 175, NULL, 0.75, 113.34, 85.05),
('52-188-188-213', 52, 188, 188, NULL, '0003033513', '0003033813', '0003033513', 213, NULL, 294.00, 235.69, 69292.86),
('52-188-63-13-88', 52, 188, 63, 13, '0005055613', NULL, '0005055613', 88, '52-188-13-188-63', 5.05, 174.67, 882.75),
('52-231-116-190-141', 52, 231, 116, 190, '0004044316', '0004044616', '0004044316', 141, '52-231-190-231-116', 91.09, 215.79, 19657.26),
('52-231-116-190-166', 52, 231, 116, 190, '0004044316', '0004044616', '0004044616', 166, '52-231-190-231-116', 4.02, 154.29, 619.73),
('52-231-16-190-41', 52, 231, 16, 190, '0006066716', '0006066816', '0006066716', 41, '52-231-190-231-16', 121.23, 115.65, 14020.11),
('52-231-16-190-66', 52, 231, 16, 190, '0006066716', '0006066816', '0006066816', 66, '52-231-190-231-16', 5.99, NULL, 5.99),
('52-231-190-231-116', 52, 231, 190, 231, '0003033515', '0003033815', '0003033515', 116, '52-231-231-190', 480.00, NULL, 480.00),
('52-231-190-231-16', 52, 231, 190, 231, '0003033515', '0003033815', '0003033515', 16, '52-231-231-190', 480.00, NULL, 480.00),
('52-231-190-231-174', 52, 231, 190, 231, '0003033515', '0003033815', '0003033815', 174, '52-231-231-190', 0.39, 122.11, 47.94),
('52-231-190-231-215', 52, 231, 190, 231, '0003033515', '0003033815', '0003033515', 215, '52-231-231-190', 480.00, 102.30, 49104.00),
('52-231-231-165', 52, 231, 231, NULL, '000202246', '000202276', '000202276', 165, NULL, 0.83, 234.00, 193.89),
('52-231-231-190', 52, 231, 231, NULL, '000202246', '000202276', '000202246', 190, NULL, 240.00, NULL, 240.00),
('52-231-231-223', 52, 231, 231, NULL, '000202246', '000202276', '000202246', 223, NULL, 240.00, 224.18, 53803.20),
('52-231-231-271', 52, 231, 231, NULL, '000202246', '000202276', '000202246', 271, NULL, 240.00, 174.36, 41846.40),
('52-231-231-282', 52, 231, 231, NULL, '000202246', '000202276', '000202246', 282, NULL, 28.80, 74.30, 2140.11),
('52-231-231-3', 52, 231, 231, NULL, '000202246', '000202276', '000202246', 3, NULL, 240.00, NULL, 240.00),
('52-231-3-231-28', 52, 231, 3, 231, '000606673', '000606683', '000606673', 28, '52-231-231-3', 117.48, 113.79, 13368.60),
('52-231-3-231-53', 52, 231, 3, 231, '000606673', '000606683', '000606683', 53, '52-231-231-3', 0.86, NULL, 0.86),
('52-231-53-3-78', 52, 231, 53, 3, '000505563', NULL, '000505563', 78, '52-231-3-231-53', 0.57, 98.17, 55.97),
('52-231-66-16-91', 52, 231, 66, 16, '0005055616', NULL, '0005055616', 91, '52-231-16-190-66', 5.10, 159.74, 814.51),
('53-18-18-43', 53, 18, 18, NULL, '0006066718', '0006066818', '0006066718', 43, NULL, 19.38, 120.91, 2343.57),
('53-18-18-68', 53, 18, 18, NULL, '0006066718', '0006066818', '0006066818', 68, NULL, 0.28, NULL, 0.28),
('53-18-68-18-93', 53, 18, 68, 18, '0005055618', NULL, '0005055618', 93, '53-18-18-68', 0.17, 239.01, 40.66),
('53-192-113-192-138', 53, 192, 113, 192, '0004044313', '0004044613', '0004044313', 138, '53-192-192-113', 115.67, 227.48, 26313.43),
('53-192-113-192-163', 53, 192, 113, 192, '0004044313', '0004044613', '0004044613', 163, '53-192-192-113', 1.74, 168.96, 294.24),
('53-192-192-113', 53, 192, 192, NULL, '0003033517', '0003033817', '0003033517', 113, NULL, 140.00, NULL, 140.00),
('53-192-192-166', 53, 192, 192, NULL, '0003033517', '0003033817', '0003033817', 166, NULL, 0.44, 154.29, 67.50),
('53-192-192-217', 53, 192, 192, NULL, '0003033517', '0003033817', '0003033517', 217, NULL, 70.00, 70.82, 4957.40),
('53-192-192-25', 53, 192, 192, NULL, '0003033517', '0003033817', '0003033517', 25, NULL, 70.00, NULL, 70.00),
('53-192-25-192-50', 53, 192, 25, 192, '0006066725', '0006066825', '0006066725', 50, '53-192-192-25', 61.72, 71.50, 4412.71),
('53-192-25-192-75', 53, 192, 25, 192, '0006066725', '0006066825', '0006066825', 75, '53-192-192-25', 0.64, NULL, 0.64),
('53-192-75-25-100', 53, 192, 75, 25, '0005055625', NULL, '0005055625', 100, '53-192-25-192-75', 0.58, 205.36, 118.14),
('54-235-108-178-133', 54, 235, 108, 178, '000404438', '000404468', '000404438', 133, '54-235-178-235-108', 59.22, 135.66, 8033.44),
('54-235-108-178-158', 54, 235, 108, 178, '000404438', '000404468', '000404468', 158, '54-235-178-235-108', 3.66, 81.71, 299.46),
('54-235-178-235-108', 54, 235, 178, 235, '000303353', '000303383', '000303353', 108, '54-235-235-178', 378.00, NULL, 378.00),
('54-235-178-235-155', 54, 235, 178, 235, '000303353', '000303383', '000303383', 155, '54-235-235-178', 2.03, 143.74, 291.96),
('54-235-178-235-203', 54, 235, 178, 235, '000303353', '000303383', '000303353', 203, '54-235-235-178', 756.00, 204.55, 154639.80),
('54-235-178-235-22', 54, 235, 178, 235, '000303353', '000303383', '000303353', 22, '54-235-235-178', 189.00, NULL, 189.00),
('54-235-18-235-43', 54, 235, 18, 235, '0006066718', '0006066818', '0006066718', 43, '54-235-235-18', 60.05, 120.91, 7261.22),
('54-235-18-235-68', 54, 235, 18, 235, '0006066718', '0006066818', '0006066818', 68, '54-235-235-18', 0.88, NULL, 0.88),
('54-235-22-178-47', 54, 235, 22, 178, '0006066722', '0006066822', '0006066722', 47, '54-235-178-235-22', 66.52, 201.14, 13380.30),
('54-235-22-178-72', 54, 235, 22, 178, '0006066722', '0006066822', '0006066822', 72, '54-235-178-235-22', 0.88, NULL, 0.88),
('54-235-235-167', 54, 235, 235, NULL, '0002022410', '0002022710', '0002022710', 167, NULL, 0.52, 221.36, 115.31),
('54-235-235-178', 54, 235, 235, NULL, '0002022410', '0002022710', '0002022410', 178, NULL, 189.00, NULL, 189.00),
('54-235-235-18', 54, 235, 235, NULL, '0002022410', '0002022710', '0002022410', 18, NULL, 189.00, NULL, 189.00),
('54-235-235-206', 54, 235, 235, NULL, '0002022410', '0002022710', '0002022410', 206, NULL, 126.00, 243.04, 30623.04),
('54-235-235-267', 54, 235, 235, NULL, '0002022410', '0002022710', '0002022410', 267, NULL, 63.00, 107.49, 6771.87),
('54-235-235-277', 54, 235, 235, NULL, '0002022410', '0002022710', '0002022410', 277, NULL, 61.12, 70.76, 4324.68),
('54-235-68-18-93', 54, 235, 68, 18, '0005055618', NULL, '0005055618', 93, '54-235-18-235-68', 0.53, 239.01, 125.98),
('54-235-72-22-97', 54, 235, 72, 22, '0005055622', NULL, '0005055622', 97, '54-235-22-178-72', 0.22, 162.91, 36.38),
('54-240-11-195-36', 54, 240, 11, 195, '0006066711', '0006066811', '0006066711', 36, '54-240-195-240-11', 19.41, 144.59, 2807.01),
('54-240-11-195-61', 54, 240, 11, 195, '0006066711', '0006066811', '0006066811', 61, '54-240-195-240-11', 1.79, NULL, 1.79),
('54-240-12-240-37', 54, 240, 12, 240, '0006066712', '0006066812', '0006066712', 37, '54-240-240-12', 381.91, 95.93, 36636.94),
('54-240-12-240-62', 54, 240, 12, 240, '0006066712', '0006066812', '0006066812', 62, '54-240-240-12', 5.29, NULL, 5.29),
('54-240-124-195-149', 54, 240, 124, 195, '0004044324', '0004044624', '0004044324', 149, '54-240-195-240-124', 318.33, 242.23, 77109.02),
('54-240-124-195-174', 54, 240, 124, 195, '0004044324', '0004044624', '0004044624', 174, '54-240-195-240-124', 0.74, 122.11, 90.29),
('54-240-195-240-11', 54, 240, 195, 240, '0003033520', '0003033820', '0003033520', 11, '54-240-240-195', 194.00, NULL, 194.00),
('54-240-195-240-124', 54, 240, 195, 240, '0003033520', '0003033820', '0003033520', 124, '54-240-240-195', 485.00, NULL, 485.00),
('54-240-195-240-159', 54, 240, 195, 240, '0003033520', '0003033820', '0003033820', 159, '54-240-240-195', 1.24, 71.01, 87.97),
('54-240-195-240-220', 54, 240, 195, 240, '0003033520', '0003033820', '0003033520', 220, '54-240-240-195', 291.00, 173.63, 50526.33),
('54-240-240-12', 54, 240, 240, NULL, '0002022415', '0002022715', '0002022415', 12, NULL, 485.00, NULL, 485.00),
('54-240-240-170', 54, 240, 240, NULL, '0002022415', '0002022715', '0002022715', 170, NULL, 0.99, 195.43, 193.57),
('54-240-240-195', 54, 240, 240, NULL, '0002022415', '0002022715', '0002022415', 195, NULL, 97.00, NULL, 97.00),
('54-240-240-207', 54, 240, 240, NULL, '0002022415', '0002022715', '0002022415', 207, NULL, 97.00, 103.19, 10009.43),
('54-240-240-269', 54, 240, 240, NULL, '0002022415', '0002022715', '0002022415', 269, NULL, 388.00, 180.45, 70014.60),
('54-240-240-278', 54, 240, 240, NULL, '0002022415', '0002022715', '0002022415', 278, NULL, 11.24, 163.87, 1841.80),
('54-240-61-11-86', 54, 240, 61, 11, '0005055611', NULL, '0005055611', 86, '54-240-11-195-61', 0.37, 197.67, 73.74),
('54-240-62-12-87', 54, 240, 62, 12, '0005055612', NULL, '0005055612', 87, '54-240-12-240-62', 5.14, 182.07, 935.72),
('55-115-115-140', 55, 115, 115, NULL, '0004044315', '0004044615', '0004044315', 140, NULL, 36.48, 169.37, 6178.41),
('55-115-115-165', 55, 115, 115, NULL, '0004044315', '0004044615', '0004044615', 165, NULL, 0.25, 234.00, 58.97),
('55-190-116-190-141', 55, 190, 116, 190, '0004044316', '0004044616', '0004044316', 141, '55-190-190-116', 28.47, 215.79, 6142.89),
('55-190-116-190-166', 55, 190, 116, 190, '0004044316', '0004044616', '0004044616', 166, '55-190-190-116', 1.26, 154.29, 193.66),
('55-190-16-190-41', 55, 190, 16, 190, '0006066716', '0006066816', '0006066716', 41, '55-190-190-16', 37.88, 115.65, 4381.28),
('55-190-16-190-66', 55, 190, 16, 190, '0006066716', '0006066816', '0006066816', 66, '55-190-190-16', 1.87, NULL, 1.87),
('55-190-190-116', 55, 190, 190, NULL, '0003033515', '0003033815', '0003033515', 116, NULL, 150.00, NULL, 150.00),
('55-190-190-16', 55, 190, 190, NULL, '0003033515', '0003033815', '0003033515', 16, NULL, 150.00, NULL, 150.00),
('55-190-190-174', 55, 190, 190, NULL, '0003033515', '0003033815', '0003033815', 174, NULL, 0.12, 122.11, 14.98),
('55-190-190-215', 55, 190, 190, NULL, '0003033515', '0003033815', '0003033515', 215, NULL, 150.00, 102.30, 15345.00),
('55-190-66-16-91', 55, 190, 66, 16, '0005055616', NULL, '0005055616', 91, '55-190-16-190-66', 1.59, 159.74, 254.54),
('56-193-125-193-150', 56, 193, 125, 193, '0004044325', '0004044625', '0004044325', 150, '56-193-193-125', 19.33, 82.24, 1589.62),
('56-193-125-193-175', 56, 193, 125, 193, '0004044325', '0004044625', '0004044625', 175, '56-193-193-125', 1.56, 113.34, 177.07),
('56-193-193-125', 56, 193, 193, NULL, '0003033518', '0003033818', '0003033518', 125, NULL, 164.00, NULL, 164.00),
('56-193-193-165', 56, 193, 193, NULL, '0003033518', '0003033818', '0003033818', 165, NULL, 0.56, 234.00, 131.77),
('56-193-193-218', 56, 193, 193, NULL, '0003033518', '0003033818', '0003033518', 218, NULL, 164.00, 70.76, 11604.64),
('56-193-193-7', 56, 193, 193, NULL, '0003033518', '0003033818', '0003033518', 7, NULL, 164.00, NULL, 164.00),
('56-193-57-7-82', 56, 193, 57, 7, '000505567', NULL, '000505567', 82, '56-193-7-193-57', 0.15, 229.02, 35.00),
('56-193-7-193-32', 56, 193, 7, 193, '000606677', '000606687', '000606677', 32, '56-193-193-7', 46.68, 196.70, 9181.50),
('56-193-7-193-57', 56, 193, 7, 193, '000606677', '000606687', '000606687', 57, '56-193-193-7', 0.75, NULL, 0.75),
('56-244-125-193-150', 56, 244, 125, 193, '0004044325', '0004044625', '0004044325', 150, '56-244-193-244-125', 24.99, 82.24, 2054.87),
('56-244-125-193-175', 56, 244, 125, 193, '0004044325', '0004044625', '0004044625', 175, '56-244-193-244-125', 2.02, 113.34, 228.90),
('56-244-16-244-41', 56, 244, 16, 244, '0006066716', '0006066816', '0006066716', 41, '56-244-244-16', 13.39, 115.65, 1548.05),
('56-244-16-244-66', 56, 244, 16, 244, '0006066716', '0006066816', '0006066816', 66, '56-244-244-16', 0.66, NULL, 0.66),
('56-244-193-244-125', 56, 244, 193, 244, '0003033518', '0003033818', '0003033518', 125, '56-244-244-193', 212.00, NULL, 212.00),
('56-244-193-244-165', 56, 244, 193, 244, '0003033518', '0003033818', '0003033818', 165, '56-244-244-193', 0.73, 234.00, 170.33),
('56-244-193-244-218', 56, 244, 193, 244, '0003033518', '0003033818', '0003033518', 218, '56-244-244-193', 212.00, 70.76, 15001.12),
('56-244-193-244-7', 56, 244, 193, 244, '0003033518', '0003033818', '0003033518', 7, '56-244-244-193', 212.00, NULL, 212.00),
('56-244-244-16', 56, 244, 244, NULL, '0002022419', '0002022719', '0002022419', 16, NULL, 53.00, NULL, 53.00),
('56-244-244-160', 56, 244, 244, NULL, '0002022419', '0002022719', '0002022719', 160, NULL, 0.62, 241.34, 150.55),
('56-244-244-193', 56, 244, 244, NULL, '0002022419', '0002022719', '0002022419', 193, NULL, 106.00, NULL, 106.00),
('56-244-244-225', 56, 244, 244, NULL, '0002022419', '0002022719', '0002022419', 225, NULL, 265.00, 163.20, 43248.00),
('56-244-244-260', 56, 244, 244, NULL, '0002022419', '0002022719', '0002022419', 260, NULL, 159.00, 172.95, 27499.05),
('56-244-244-291', 56, 244, 244, NULL, '0002022419', '0002022719', '0002022419', 291, NULL, 35.48, 173.17, 6143.48),
('56-244-57-7-82', 56, 244, 57, 7, '000505567', NULL, '000505567', 82, '56-244-7-193-57', 0.20, 229.02, 45.24),
('56-244-66-16-91', 56, 244, 66, 16, '0005055616', NULL, '0005055616', 91, '56-244-16-244-66', 0.56, 159.74, 89.94),
('56-244-7-193-32', 56, 244, 7, 193, '000606677', '000606687', '000606677', 32, '56-244-193-244-7', 60.34, 196.70, 11868.77),
('56-244-7-193-57', 56, 244, 7, 193, '000606677', '000606687', '000606687', 57, '56-244-193-244-7', 0.97, NULL, 0.97),
('57-17-17-42', 57, 17, 17, NULL, '0006066717', '0006066817', '0006066717', 42, NULL, 39.27, 109.95, 4318.18),
('57-17-17-67', 57, 17, 17, NULL, '0006066717', '0006066817', '0006066817', 67, NULL, 1.11, NULL, 1.11),
('57-17-67-17-92', 57, 17, 67, 17, '0005055617', NULL, '0005055617', 92, '57-17-17-67', 0.92, 217.34, 200.65),
('58-247-125-176-150', 58, 247, 125, 176, '0004044325', '0004044625', '0004044325', 150, '58-247-176-247-125', 90.52, 82.24, 7444.08),
('58-247-125-176-175', 58, 247, 125, 176, '0004044325', '0004044625', '0004044625', 175, '58-247-176-247-125', 7.32, 113.34, 829.21),
('58-247-176-247-125', 58, 247, 176, 247, '000303351', '000303381', '000303351', 125, '58-247-247-176', 768.00, NULL, 768.00),
('58-247-176-247-163', 58, 247, 176, 247, '000303351', '000303381', '000303381', 163, '58-247-247-176', 2.70, 168.96, 456.06),
('58-247-176-247-201', 58, 247, 176, 247, '000303351', '000303381', '000303351', 201, '58-247-247-176', 1024.00, 122.22, 125153.28),
('58-247-176-247-5', 58, 247, 176, 247, '000303351', '000303381', '000303351', 5, '58-247-247-176', 256.00, NULL, 256.00),
('58-247-24-247-49', 58, 247, 24, 247, '0006066724', '0006066824', '0006066724', 49, '58-247-247-24', 147.80, 172.09, 25434.85),
('58-247-24-247-74', 58, 247, 24, 247, '0006066724', '0006066824', '0006066824', 74, '58-247-247-24', 2.07, NULL, 2.07),
('58-247-247-168', 58, 247, 247, NULL, '0002022422', '0002022722', '0002022722', 168, NULL, 0.67, 246.96, 164.65),
('58-247-247-176', 58, 247, 247, NULL, '0002022422', '0002022722', '0002022422', 176, NULL, 256.00, NULL, 256.00),
('58-247-247-204', 58, 247, 247, NULL, '0002022422', '0002022722', '0002022422', 204, NULL, 128.00, 182.73, 23389.44),
('58-247-247-24', 58, 247, 247, NULL, '0002022422', '0002022722', '0002022422', 24, NULL, 192.00, NULL, 192.00),
('58-247-247-261', 58, 247, 247, NULL, '0002022422', '0002022722', '0002022422', 261, NULL, 256.00, 128.07, 32785.92),
('58-247-247-294', 58, 247, 247, NULL, '0002022422', '0002022722', '0002022422', 294, NULL, 25.58, 187.08, 4785.42),
('58-247-5-176-30', 58, 247, 5, 176, '000606675', '000606685', '000606675', 30, '58-247-176-247-5', 229.74, 197.71, 45422.81),
('58-247-5-176-55', 58, 247, 5, 176, '000606675', '000606685', '000606685', 55, '58-247-176-247-5', 2.74, NULL, 2.74),
('58-247-55-5-80', 58, 247, 55, 5, '000505565', NULL, '000505565', 80, '58-247-5-176-55', 2.42, 220.77, 534.60),
('58-247-74-24-99', 58, 247, 74, 24, '0005055624', NULL, '0005055624', 99, '58-247-24-247-74', 0.29, 71.29, 20.86),
('58-9-59-9-84', 58, 9, 59, 9, '000505569', NULL, '000505569', 84, '58-9-9-59', 0.29, 119.50, 34.96),
('58-9-9-34', 58, 9, 9, NULL, '000606679', '000606689', '000606679', 34, NULL, 9.39, 136.66, 1283.38),
('58-9-9-59', 58, 9, 9, NULL, '000606679', '000606689', '000606689', 59, NULL, 0.57, NULL, 0.57),
('59-17-17-42', 59, 17, 17, NULL, '0006066717', '0006066817', '0006066717', 42, NULL, 20.82, 109.95, 2288.63),
('59-17-17-67', 59, 17, 17, NULL, '0006066717', '0006066817', '0006066817', 67, NULL, 0.59, NULL, 0.59),
('59-17-67-17-92', 59, 17, 67, 17, '0005055617', NULL, '0005055617', 92, '59-17-17-67', 0.49, 217.34, 106.35),
('59-3-3-28', 59, 3, 3, NULL, '000606673', '000606683', '000606673', 28, NULL, 33.29, 113.79, 3787.77),
('59-3-3-53', 59, 3, 3, NULL, '000606673', '000606683', '000606683', 53, NULL, 0.24, NULL, 0.24),
('59-3-53-3-78', 59, 3, 53, 3, '000505563', NULL, '000505563', 78, '59-3-3-53', 0.16, 98.17, 15.86),
('6-192-113-192-138', 6, 192, 113, 192, '0004044313', '0004044613', '0004044313', 138, '6-192-192-113', 125.59, 227.48, 28568.87),
('6-192-113-192-163', 6, 192, 113, 192, '0004044313', '0004044613', '0004044613', 163, '6-192-192-113', 1.89, 168.96, 319.46),
('6-192-192-113', 6, 192, 192, NULL, '0003033517', '0003033817', '0003033517', 113, NULL, 152.00, NULL, 152.00),
('6-192-192-166', 6, 192, 192, NULL, '0003033517', '0003033817', '0003033817', 166, NULL, 0.48, 154.29, 73.29),
('6-192-192-217', 6, 192, 192, NULL, '0003033517', '0003033817', '0003033517', 217, NULL, 76.00, 70.82, 5382.32),
('6-192-192-25', 6, 192, 192, NULL, '0003033517', '0003033817', '0003033517', 25, NULL, 76.00, NULL, 76.00),
('6-192-25-192-50', 6, 192, 25, 192, '0006066725', '0006066825', '0006066725', 50, '6-192-192-25', 67.01, 71.50, 4790.94),
('6-192-25-192-75', 6, 192, 25, 192, '0006066725', '0006066825', '0006066825', 75, '6-192-192-25', 0.70, NULL, 0.70),
('6-192-75-25-100', 6, 192, 75, 25, '0005055625', NULL, '0005055625', 100, '6-192-25-192-75', 0.62, 205.36, 128.27),
('6-8-58-8-83', 6, 8, 58, 8, '000505568', NULL, '000505568', 83, '6-8-8-58', 0.32, 82.36, 26.57),
('6-8-8-33', 6, 8, 8, NULL, '000606678', '000606688', '000606678', 33, NULL, 17.76, 191.16, 3395.67),
('6-8-8-58', 6, 8, 8, NULL, '000606678', '000606688', '000606688', 58, NULL, 0.69, NULL, 0.69),
('60-226-113-192-138', 60, 226, 113, 192, '0004044313', '0004044613', '0004044313', 138, '60-226-192-226-113', 470.96, 227.48, 107133.25),
('60-226-113-192-163', 60, 226, 113, 192, '0004044313', '0004044613', '0004044613', 163, '60-226-192-226-113', 7.09, 168.96, 1197.97),
('60-226-192-226-113', 60, 226, 192, 226, '0003033517', '0003033817', '0003033517', 113, '60-226-226-192', 570.00, NULL, 570.00),
('60-226-192-226-166', 60, 226, 192, 226, '0003033517', '0003033817', '0003033817', 166, '60-226-226-192', 1.78, 154.29, 274.83),
('60-226-192-226-217', 60, 226, 192, 226, '0003033517', '0003033817', '0003033517', 217, '60-226-226-192', 285.00, 70.82, 20183.70),
('60-226-192-226-25', 60, 226, 192, 226, '0003033517', '0003033817', '0003033517', 25, '60-226-226-192', 285.00, NULL, 285.00),
('60-226-22-226-47', 60, 226, 22, 226, '0006066722', '0006066822', '0006066722', 47, '60-226-226-22', 100.31, 201.14, 20176.65),
('60-226-22-226-72', 60, 226, 22, 226, '0006066722', '0006066822', '0006066822', 72, '60-226-226-22', 1.32, NULL, 1.32),
('60-226-226-154', 60, 226, 226, NULL, '000202241', '000202271', '000202271', 154, NULL, 0.48, 118.22, 56.20),
('60-226-226-192', 60, 226, 226, NULL, '000202241', '000202271', '000202241', 192, NULL, 285.00, NULL, 285.00),
('60-226-226-22', 60, 226, 226, NULL, '000202241', '000202271', '000202241', 22, NULL, 285.00, NULL, 285.00),
('60-226-226-223', 60, 226, 226, NULL, '000202241', '000202271', '000202241', 223, NULL, 190.00, 224.18, 42594.20),
('60-226-226-264', 60, 226, 226, NULL, '000202241', '000202271', '000202241', 264, NULL, 95.00, 134.83, 12808.85),
('60-226-226-280', 60, 226, 226, NULL, '000202241', '000202271', '000202241', 280, NULL, 87.41, 240.90, 21056.72),
('60-226-25-192-50', 60, 226, 25, 192, '0006066725', '0006066825', '0006066725', 50, '60-226-192-226-25', 251.27, 71.50, 17966.03),
('60-226-25-192-75', 60, 226, 25, 192, '0006066725', '0006066825', '0006066825', 75, '60-226-192-226-25', 2.61, NULL, 2.61),
('60-226-72-22-97', 60, 226, 72, 22, '0005055622', NULL, '0005055622', 97, '60-226-22-226-72', 0.34, 162.91, 54.86),
('60-226-75-25-100', 60, 226, 75, 25, '0005055625', NULL, '0005055625', 100, '60-226-25-192-75', 2.34, 205.36, 481.00),
('61-122-122-147', 61, 122, 122, NULL, '0004044322', '0004044622', '0004044322', 147, NULL, 17.84, 238.49, 4255.17),
('61-122-122-172', 61, 122, 122, NULL, '0004044322', '0004044622', '0004044622', 172, NULL, 0.14, 143.48, 20.42),
('61-198-123-198-148', 61, 198, 123, 198, '0004044323', '0004044623', '0004044323', 148, '61-198-198-123', 116.92, 196.21, 22940.47),
('61-198-123-198-173', 61, 198, 123, 198, '0004044323', '0004044623', '0004044623', 173, '61-198-198-123', 1.91, 118.60, 226.71),
('61-198-198-123', 61, 198, 198, NULL, '0003033523', '0003033823', '0003033523', 123, NULL, 196.00, NULL, 196.00),
('61-198-198-152', 61, 198, 198, NULL, '0003033523', '0003033823', '0003033823', 152, NULL, 0.77, 101.01, 77.88),
('61-198-198-223', 61, 198, 198, NULL, '0003033523', '0003033823', '0003033523', 223, NULL, 294.00, 224.18, 65908.92),
('61-198-198-25', 61, 198, 198, NULL, '0003033523', '0003033823', '0003033523', 25, NULL, 392.00, NULL, 392.00),
('61-198-25-198-50', 61, 198, 25, 198, '0006066725', '0006066825', '0006066725', 50, '61-198-198-25', 345.61, 71.50, 24711.17),
('61-198-25-198-75', 61, 198, 25, 198, '0006066725', '0006066825', '0006066825', 75, '61-198-198-25', 3.59, NULL, 3.59),
('61-198-75-25-100', 61, 198, 75, 25, '0005055625', NULL, '0005055625', 100, '61-198-25-198-75', 3.22, 205.36, 661.58),
('62-109-109-134', 62, 109, 109, NULL, '000404439', '000404469', '000404439', 134, NULL, 72.03, 101.44, 7306.39),
('62-109-109-159', 62, 109, 109, NULL, '000404439', '000404469', '000404469', 159, NULL, 0.13, 71.01, 9.12),
('62-5-5-30', 62, 5, 5, NULL, '000606675', '000606685', '000606675', 30, NULL, 87.95, 197.71, 17388.42),
('62-5-5-55', 62, 5, 5, NULL, '000606675', '000606685', '000606685', 55, NULL, 1.05, NULL, 1.05),
('62-5-55-5-80', 62, 5, 55, 5, '000505565', NULL, '000505565', 80, '62-5-5-55', 0.93, 220.77, 204.65),
('63-16-16-41', 63, 16, 16, NULL, '0006066716', '0006066816', '0006066716', 41, NULL, 13.39, 115.65, 1548.05),
('63-16-16-66', 63, 16, 16, NULL, '0006066716', '0006066816', '0006066816', 66, NULL, 0.66, NULL, 0.66),
('63-16-66-16-91', 63, 16, 66, 16, '0005055616', NULL, '0005055616', 91, '63-16-16-66', 0.56, 159.74, 89.94),
('63-240-11-195-36', 63, 240, 11, 195, '0006066711', '0006066811', '0006066711', 36, '63-240-195-240-11', 10.81, 144.59, 1562.67),
('63-240-11-195-61', 63, 240, 11, 195, '0006066711', '0006066811', '0006066811', 61, '63-240-195-240-11', 1.00, NULL, 1.00),
('63-240-12-240-37', 63, 240, 12, 240, '0006066712', '0006066812', '0006066712', 37, '63-240-240-12', 212.61, 95.93, 20395.82),
('63-240-12-240-62', 63, 240, 12, 240, '0006066712', '0006066812', '0006066812', 62, '63-240-240-12', 2.95, NULL, 2.95),
('63-240-124-195-149', 63, 240, 124, 195, '0004044324', '0004044624', '0004044324', 149, '63-240-195-240-124', 177.21, 242.23, 42926.67),
('63-240-124-195-174', 63, 240, 124, 195, '0004044324', '0004044624', '0004044624', 174, '63-240-195-240-124', 0.41, 122.11, 50.26),
('63-240-195-240-11', 63, 240, 195, 240, '0003033520', '0003033820', '0003033520', 11, '63-240-240-195', 108.00, NULL, 108.00),
('63-240-195-240-124', 63, 240, 195, 240, '0003033520', '0003033820', '0003033520', 124, '63-240-240-195', 270.00, NULL, 270.00),
('63-240-195-240-159', 63, 240, 195, 240, '0003033520', '0003033820', '0003033820', 159, '63-240-240-195', 0.69, 71.01, 48.97),
('63-240-195-240-220', 63, 240, 195, 240, '0003033520', '0003033820', '0003033520', 220, '63-240-240-195', 162.00, 173.63, 28128.06),
('63-240-240-12', 63, 240, 240, NULL, '0002022415', '0002022715', '0002022415', 12, NULL, 270.00, NULL, 270.00),
('63-240-240-170', 63, 240, 240, NULL, '0002022415', '0002022715', '0002022715', 170, NULL, 0.55, 195.43, 107.76),
('63-240-240-195', 63, 240, 240, NULL, '0002022415', '0002022715', '0002022415', 195, NULL, 54.00, NULL, 54.00),
('63-240-240-207', 63, 240, 240, NULL, '0002022415', '0002022715', '0002022415', 207, NULL, 54.00, 103.19, 5572.26),
('63-240-240-269', 63, 240, 240, NULL, '0002022415', '0002022715', '0002022415', 269, NULL, 216.00, 180.45, 38977.20),
('63-240-240-278', 63, 240, 240, NULL, '0002022415', '0002022715', '0002022415', 278, NULL, 6.26, 163.87, 1025.33),
('63-240-61-11-86', 63, 240, 61, 11, '0005055611', NULL, '0005055611', 86, '63-240-11-195-61', 0.21, 197.67, 41.05),
('63-240-62-12-87', 63, 240, 62, 12, '0005055612', NULL, '0005055612', 87, '63-240-12-240-62', 2.86, 182.07, 520.91),
('65-187-116-187-141', 65, 187, 116, 187, '0004044316', '0004044616', '0004044316', 141, '65-187-187-116', 37.58, 215.79, 8108.62),
('65-187-116-187-166', 65, 187, 116, 187, '0004044316', '0004044616', '0004044616', 166, '65-187-187-116', 1.66, 154.29, 255.64),
('65-187-187-116', 65, 187, 187, NULL, '0003033512', '0003033812', '0003033512', 116, NULL, 198.00, NULL, 198.00),
('65-187-187-151', 65, 187, 187, NULL, '0003033512', '0003033812', '0003033812', 151, NULL, 1.05, 196.49, 206.17),
('65-187-187-212', 65, 187, 187, NULL, '0003033512', '0003033812', '0003033512', 212, NULL, 198.00, 135.72, 26872.56),
('65-187-187-24', 65, 187, 187, NULL, '0003033512', '0003033812', '0003033512', 24, NULL, 396.00, NULL, 396.00),
('65-187-24-187-49', 65, 187, 24, 187, '0006066724', '0006066824', '0006066724', 49, '65-187-187-24', 304.84, 172.09, 52459.37),
('65-187-24-187-74', 65, 187, 24, 187, '0006066724', '0006066824', '0006066824', 74, '65-187-187-24', 4.27, NULL, 4.27),
('65-187-74-24-99', 65, 187, 74, 24, '0005055624', NULL, '0005055624', 99, '65-187-24-187-74', 0.60, 71.29, 43.02),
('7-179-116-179-141', 7, 179, 116, 179, '0004044316', '0004044616', '0004044316', 141, '7-179-179-116', 51.24, 215.79, 11057.21),
('7-179-116-179-166', 7, 179, 116, 179, '0004044316', '0004044616', '0004044616', 166, '7-179-179-116', 2.26, 154.29, 348.60),
('7-179-179-116', 7, 179, 179, NULL, '000303354', '000303384', '000303354', 116, NULL, 270.00, NULL, 270.00),
('7-179-179-151', 7, 179, 179, NULL, '000303354', '000303384', '000303384', 151, NULL, 0.68, 196.49, 133.28),
('7-179-179-204', 7, 179, 179, NULL, '000303354', '000303384', '000303354', 204, NULL, 360.00, 182.73, 65782.80),
('7-179-179-25', 7, 179, 179, NULL, '000303354', '000303384', '000303354', 25, NULL, 180.00, NULL, 180.00),
('7-179-25-179-50', 7, 179, 25, 179, '0006066725', '0006066825', '0006066725', 50, '7-179-179-25', 158.70, 71.50, 11346.96),
('7-179-25-179-75', 7, 179, 25, 179, '0006066725', '0006066825', '0006066825', 75, '7-179-179-25', 1.65, NULL, 1.65),
('7-179-75-25-100', 7, 179, 75, 25, '0005055625', NULL, '0005055625', 100, '7-179-25-179-75', 1.48, 205.36, 303.79),
('7-231-116-190-141', 7, 231, 116, 190, '0004044316', '0004044616', '0004044316', 141, '7-231-190-231-116', 127.53, 215.79, 27520.16),
('7-231-116-190-166', 7, 231, 116, 190, '0004044316', '0004044616', '0004044616', 166, '7-231-190-231-116', 5.62, 154.29, 867.62),
('7-231-16-190-41', 7, 231, 16, 190, '0006066716', '0006066816', '0006066716', 41, '7-231-190-231-16', 169.72, 115.65, 19628.16),
('7-231-16-190-66', 7, 231, 16, 190, '0006066716', '0006066816', '0006066816', 66, '7-231-190-231-16', 8.39, NULL, 8.39),
('7-231-190-231-116', 7, 231, 190, 231, '0003033515', '0003033815', '0003033515', 116, '7-231-231-190', 672.00, NULL, 672.00),
('7-231-190-231-16', 7, 231, 190, 231, '0003033515', '0003033815', '0003033515', 16, '7-231-231-190', 672.00, NULL, 672.00),
('7-231-190-231-174', 7, 231, 190, 231, '0003033515', '0003033815', '0003033815', 174, '7-231-231-190', 0.55, 122.11, 67.11),
('7-231-190-231-215', 7, 231, 190, 231, '0003033515', '0003033815', '0003033515', 215, '7-231-231-190', 672.00, 102.30, 68745.60),
('7-231-231-165', 7, 231, 231, NULL, '000202246', '000202276', '000202276', 165, NULL, 1.16, 234.00, 271.44),
('7-231-231-190', 7, 231, 231, NULL, '000202246', '000202276', '000202246', 190, NULL, 336.00, NULL, 336.00),
('7-231-231-223', 7, 231, 231, NULL, '000202246', '000202276', '000202246', 223, NULL, 336.00, 224.18, 75324.48),
('7-231-231-271', 7, 231, 231, NULL, '000202246', '000202276', '000202246', 271, NULL, 336.00, 174.36, 58584.96),
('7-231-231-282', 7, 231, 231, NULL, '000202246', '000202276', '000202246', 282, NULL, 40.33, 74.30, 2996.15),
('7-231-231-3', 7, 231, 231, NULL, '000202246', '000202276', '000202246', 3, NULL, 336.00, NULL, 336.00),
('7-231-3-231-28', 7, 231, 3, 231, '000606673', '000606683', '000606673', 28, '7-231-231-3', 164.48, 113.79, 18716.03),
('7-231-3-231-53', 7, 231, 3, 231, '000606673', '000606683', '000606683', 53, '7-231-231-3', 1.21, NULL, 1.21),
('7-231-53-3-78', 7, 231, 53, 3, '000505563', NULL, '000505563', 78, '7-231-3-231-53', 0.80, 98.17, 78.36),
('7-231-66-16-91', 7, 231, 66, 16, '0005055616', NULL, '0005055616', 91, '7-231-16-190-66', 7.14, 159.74, 1140.32),
('8-244-125-193-150', 8, 244, 125, 193, '0004044325', '0004044625', '0004044325', 150, '8-244-193-244-125', 36.30, 82.24, 2985.38),
('8-244-125-193-175', 8, 244, 125, 193, '0004044325', '0004044625', '0004044625', 175, '8-244-193-244-125', 2.93, 113.34, 332.55),
('8-244-16-244-41', 8, 244, 16, 244, '0006066716', '0006066816', '0006066716', 41, '8-244-244-16', 19.45, 115.65, 2249.06),
('8-244-16-244-66', 8, 244, 16, 244, '0006066716', '0006066816', '0006066816', 66, '8-244-244-16', 0.96, NULL, 0.96),
('8-244-193-244-125', 8, 244, 193, 244, '0003033518', '0003033818', '0003033518', 125, '8-244-244-193', 308.00, NULL, 308.00),
('8-244-193-244-165', 8, 244, 193, 244, '0003033518', '0003033818', '0003033818', 165, '8-244-244-193', 1.06, 234.00, 247.47),
('8-244-193-244-218', 8, 244, 193, 244, '0003033518', '0003033818', '0003033518', 218, '8-244-244-193', 308.00, 70.76, 21794.08),
('8-244-193-244-7', 8, 244, 193, 244, '0003033518', '0003033818', '0003033518', 7, '8-244-244-193', 308.00, NULL, 308.00),
('8-244-244-16', 8, 244, 244, NULL, '0002022419', '0002022719', '0002022419', 16, NULL, 77.00, NULL, 77.00),
('8-244-244-160', 8, 244, 244, NULL, '0002022419', '0002022719', '0002022719', 160, NULL, 0.91, 241.34, 218.72),
('8-244-244-193', 8, 244, 244, NULL, '0002022419', '0002022719', '0002022419', 193, NULL, 154.00, NULL, 154.00),
('8-244-244-225', 8, 244, 244, NULL, '0002022419', '0002022719', '0002022419', 225, NULL, 385.00, 163.20, 62832.00),
('8-244-244-260', 8, 244, 244, NULL, '0002022419', '0002022719', '0002022419', 260, NULL, 231.00, 172.95, 39951.45),
('8-244-244-291', 8, 244, 244, NULL, '0002022419', '0002022719', '0002022419', 291, NULL, 51.54, 173.17, 8925.44),
('8-244-57-7-82', 8, 244, 57, 7, '000505567', NULL, '000505567', 82, '8-244-7-193-57', 0.29, 229.02, 65.73),
('8-244-66-16-91', 8, 244, 66, 16, '0005055616', NULL, '0005055616', 91, '8-244-16-244-66', 0.82, 159.74, 130.66),
('8-244-7-193-32', 8, 244, 7, 193, '000606677', '000606687', '000606677', 32, '8-244-193-244-7', 87.66, 196.70, 17243.30),
('8-244-7-193-57', 8, 244, 7, 193, '000606677', '000606687', '000606687', 57, '8-244-193-244-7', 1.42, NULL, 1.42),
('8-250-106-197-131', 8, 250, 106, 197, '000404436', '000404466', '000404436', 131, '8-250-197-250-106', 458.79, 106.40, 48815.58),
('8-250-106-197-156', 8, 250, 106, 197, '000404436', '000404466', '000404466', 156, '8-250-197-250-106', 4.56, 246.29, 1123.36),
('8-250-11-250-36', 8, 250, 11, 250, '0006066711', '0006066811', '0006066711', 36, '8-250-250-11', 9.51, 144.59, 1374.57),
('8-250-11-250-61', 8, 250, 11, 250, '0006066711', '0006066811', '0006066811', 61, '8-250-250-11', 0.88, NULL, 0.88),
('8-250-197-250-106', 8, 250, 197, 250, '0003033522', '0003033822', '0003033522', 106, '8-250-250-197', 475.00, NULL, 475.00),
('8-250-197-250-170', 8, 250, 197, 250, '0003033522', '0003033822', '0003033822', 170, '8-250-250-197', 2.56, 195.43, 500.92),
('8-250-197-250-222', 8, 250, 197, 250, '0003033522', '0003033822', '0003033522', 222, '8-250-250-197', 2375.00, 148.87, 353566.25),
('8-250-197-250-23', 8, 250, 197, 250, '0003033522', '0003033822', '0003033522', 23, '8-250-250-197', 1900.00, NULL, 1900.00),
('8-250-23-197-48', 8, 250, 23, 197, '0006066723', '0006066823', '0006066723', 48, '8-250-197-250-23', 827.11, 207.14, 171327.15),
('8-250-23-197-73', 8, 250, 23, 197, '0006066723', '0006066823', '0006066823', 73, '8-250-197-250-23', 24.63, NULL, 24.63),
('8-250-250-11', 8, 250, 250, NULL, '0002022425', '0002022725', '0002022425', 11, NULL, 95.00, NULL, 95.00),
('8-250-250-156', 8, 250, 250, NULL, '0002022425', '0002022725', '0002022725', 156, NULL, 1.01, 246.29, 249.11),
('8-250-250-197', 8, 250, 250, NULL, '0002022425', '0002022725', '0002022425', 197, NULL, 475.00, NULL, 475.00),
('8-250-250-211', 8, 250, 250, NULL, '0002022425', '0002022725', '0002022425', 211, NULL, 380.00, 213.43, 81103.40),
('8-250-250-259', 8, 250, 250, NULL, '0002022425', '0002022725', '0002022425', 259, NULL, 380.00, 105.99, 40276.20),
('8-250-250-279', 8, 250, 250, NULL, '0002022425', '0002022725', '0002022425', 279, NULL, 62.04, 99.00, 6141.47),
('8-250-61-11-86', 8, 250, 61, 11, '0005055611', NULL, '0005055611', 86, '8-250-11-250-61', 0.18, 197.67, 36.11),
('8-250-73-23-98', 8, 250, 73, 23, '0005055623', NULL, '0005055623', 98, '8-250-23-197-73', 19.35, 149.80, 2898.62),
('9-109-109-134', 9, 109, 109, NULL, '000404439', '000404469', '000404439', 134, NULL, 68.24, 101.44, 6921.84),
('9-109-109-159', 9, 109, 109, NULL, '000404439', '000404469', '000404469', 159, NULL, 0.12, 71.01, 8.64),
('9-229-115-184-140', 9, 229, 115, 184, '0004044315', '0004044615', '0004044315', 140, '9-229-184-229-115', 143.77, 169.37, 24350.20),
('9-229-115-184-165', 9, 229, 115, 184, '0004044315', '0004044615', '0004044615', 165, '9-229-184-229-115', 0.99, 234.00, 232.41),
('9-229-184-229-115', 9, 229, 184, 229, '000303359', '000303389', '000303359', 115, '9-229-229-184', 201.00, NULL, 201.00),
('9-229-184-229-157', 9, 229, 184, 229, '000303359', '000303389', '000303389', 157, '9-229-229-184', 0.69, 87.62, 60.49),
('9-229-184-229-209', 9, 229, 184, 229, '000303359', '000303389', '000303359', 209, '9-229-229-184', 402.00, 131.44, 52838.88),
('9-229-184-229-7', 9, 229, 184, 229, '000303359', '000303389', '000303359', 7, '9-229-229-184', 603.00, NULL, 603.00),
('9-229-229-159', 9, 229, 229, NULL, '000202244', '000202274', '000202274', 159, NULL, 0.72, 71.01, 51.48),
('9-229-229-184', 9, 229, 229, NULL, '000202244', '000202274', '000202244', 184, NULL, 201.00, NULL, 201.00),
('9-229-229-205', 9, 229, 229, NULL, '000202244', '000202274', '000202244', 205, NULL, 134.00, 126.61, 16965.74),
('9-229-229-23', 9, 229, 229, NULL, '000202244', '000202274', '000202244', 23, NULL, 134.00, NULL, 134.00),
('9-229-229-262', 9, 229, 229, NULL, '000202244', '000202274', '000202244', 262, NULL, 335.00, 95.75, 32076.25),
('9-229-229-287', 9, 229, 229, NULL, '000202244', '000202274', '000202244', 287, NULL, 29.18, 108.74, 3173.09),
('9-229-23-229-48', 9, 229, 23, 229, '0006066723', '0006066823', '0006066723', 48, '9-229-229-23', 58.33, 207.14, 12083.07),
('9-229-23-229-73', 9, 229, 23, 229, '0006066723', '0006066823', '0006066823', 73, '9-229-229-23', 1.74, NULL, 1.74),
('9-229-57-7-82', 9, 229, 57, 7, '000505567', NULL, '000505567', 82, '9-229-7-184-57', 0.56, 229.02, 128.69),
('9-229-7-184-32', 9, 229, 7, 184, '000606677', '000606687', '000606677', 32, '9-229-184-229-7', 171.63, 196.70, 33758.81),
('9-229-7-184-57', 9, 229, 7, 184, '000606677', '000606687', '000606687', 57, '9-229-184-229-7', 2.77, NULL, 2.77),
('9-229-73-23-98', 9, 229, 73, 23, '0005055623', NULL, '0005055623', 98, '9-229-23-229-73', 1.36, 149.80, 204.43);

--
-- Триггеры `order_item_specification`
--
DELIMITER $$
CREATE TRIGGER `insert_primary_and_foreign_key` BEFORE INSERT ON `order_item_specification` FOR EACH ROW BEGIN
DECLARE parent_id VARCHAR(128);
SET NEW.order_item_specification_id = CONCAT_WS('-', NEW.order_id, NEW.item_id, NEW.current_item_id, NEW.current_item_parent_id, NEW.component_id);
SELECT order_item_specification_id
INTO parent_id
FROM order_item_specification
WHERE order_id = NEW.order_id AND item_id = NEW.item_id AND current_item_id = NEW.current_item_parent_id AND component_id = NEW.current_item_id;
SET NEW.order_item_specification_parent_id = parent_id;
END
$$
DELIMITER ;

-- --------------------------------------------------------

--
-- Структура таблицы `order_statuses`
--

CREATE TABLE `order_statuses` (
  `id` tinyint UNSIGNED NOT NULL,
  `name` varchar(64) COLLATE utf8mb4_unicode_ci NOT NULL,
  `url_param_name` varchar(64) COLLATE utf8mb4_unicode_ci NOT NULL
) ENGINE=InnoDB DEFAULT CHARSET=utf8mb4 COLLATE=utf8mb4_unicode_ci;

--
-- Дамп данных таблицы `order_statuses`
--

INSERT INTO `order_statuses` (`id`, `name`, `url_param_name`) VALUES
(1, 'Отложен', 'pending'),
(2, 'В производстве', 'in-production'),
(3, 'Произведен', 'production-completed'),
(4, 'На отгрузке', 'on-shipment'),
(5, 'Отгружен', 'shipped');

-- --------------------------------------------------------

--
-- Структура таблицы `permissions`
--

CREATE TABLE `permissions` (
  `id` tinyint UNSIGNED NOT NULL,
  `name` varchar(128) COLLATE utf8mb4_unicode_ci NOT NULL
) ENGINE=InnoDB DEFAULT CHARSET=utf8mb4 COLLATE=utf8mb4_unicode_ci;

--
-- Дамп данных таблицы `permissions`
--

INSERT INTO `permissions` (`id`, `name`) VALUES
(12, 'complete-order-production'),
(6, 'covers-manage'),
(5, 'covers-view'),
(11, 'in-production-orders-view'),
(20, 'items-consumption-view'),
(19, 'items-in-stock-manage'),
(18, 'items-in-stock-view'),
(2, 'items-manage'),
(1, 'items-view'),
(15, 'on-shipment-orders-view'),
(21, 'order-point-view'),
(24, 'orders-manage'),
(9, 'pending-orders-view'),
(23, 'periodic-requisites-manage'),
(22, 'periodic-requisites-view'),
(13, 'production-completed-orders-view'),
(10, 'put-order-into-production'),
(8, 'routes-manage'),
(7, 'routes-view'),
(14, 'send-order-on-shipment'),
(16, 'ship-order'),
(17, 'shipped-orders-view'),
(4, 'specifications-manage'),
(3, 'specifications-view');

-- --------------------------------------------------------

--
-- Структура таблицы `points`
--

CREATE TABLE `points` (
  `code` varchar(32) COLLATE utf8mb4_unicode_ci NOT NULL,
  `name` varchar(64) COLLATE utf8mb4_unicode_ci NOT NULL,
  `base_payment` decimal(4,2) UNSIGNED NOT NULL,
  `department_id` tinyint UNSIGNED NOT NULL
) ENGINE=InnoDB DEFAULT CHARSET=utf8mb4 COLLATE=utf8mb4_unicode_ci;

--
-- Дамп данных таблицы `points`
--

INSERT INTO `points` (`code`, `name`, `base_payment`, `department_id`) VALUES
('1.1', 'Участок прессовки', 5.21, 1),
('1.2', 'Каркасно-штамповочный участок', 4.70, 1),
('1.3', 'Литейный участок', 5.21, 1),
('1.4', 'Токарный участок', 5.21, 1),
('1.5', 'Токарный с ЧПУ', 6.77, 1),
('1.6', 'Фрезерный', 6.25, 1),
('1.7', 'Фрезерный с ЧПУ', 6.77, 1),
('2', 'Сборка', 6.25, 2),
('3г', 'Участок гальваники', 6.77, 3),
('3лг', 'Участок гравировки', 5.21, 3),
('3п', 'Участок лакокрасочный', 5.73, 3),
('5', 'Технический контроль', 5.21, 5),
('ВЖ', 'Вязание жгутов', 4.17, 4),
('Зал', 'Заливка', 4.17, 4),
('Изол', 'Изолировка', 4.17, 4),
('ЛазГрав', 'Лазерная гравировка', 4.70, 4),
('ЛазРез', 'Лазерная резка', 4.70, 4),
('Марк', 'Маркировка', 4.17, 4),
('Монт', 'Монтаж', 5.21, 4),
('Нам', 'Намотка', 6.25, 4),
('Проп', 'Пропитка', 6.25, 4),
('Рег', 'Регулировка', 6.25, 4),
('Свар', 'Сварка', 6.77, 4),
('Термич', 'Термичка', 4.70, 4),
('Уп', 'Упаковка', 4.17, 4),
('Чист', 'Чистка', 4.70, 4),
('Шлиф', 'Шлифовка', 4.70, 4),
('Шт', 'Штамповка', 4.17, 4);

--
-- Триггеры `points`
--
DELIMITER $$
CREATE TRIGGER `update_base_payment` AFTER UPDATE ON `points` FOR EACH ROW BEGIN
 IF NEW.base_payment <> OLD.base_payment THEN
 INSERT INTO point_base_payment_history (point_code, new_value)
 VALUES (NEW.code, NEW.base_payment);
 END IF;
END
$$
DELIMITER ;

-- --------------------------------------------------------

--
-- Структура таблицы `point_base_payment_history`
--

CREATE TABLE `point_base_payment_history` (
  `point_code` varchar(32) COLLATE utf8mb4_unicode_ci NOT NULL,
  `change_time` timestamp NOT NULL DEFAULT CURRENT_TIMESTAMP,
  `new_value` decimal(4,2) UNSIGNED NOT NULL
) ENGINE=InnoDB DEFAULT CHARSET=utf8mb4 COLLATE=utf8mb4_unicode_ci;

--
-- Дамп данных таблицы `point_base_payment_history`
--

INSERT INTO `point_base_payment_history` (`point_code`, `change_time`, `new_value`) VALUES
('1.1', '2023-06-16 09:25:49', 5.84),
('1.1', '2023-06-24 07:28:32', 4.54),
('1.1', '2023-07-09 19:34:21', 5.05),
('1.1', '2023-07-10 11:16:06', 4.63),
('1.1', '2023-08-23 00:13:39', 5.88),
('1.1', '2023-09-02 18:51:05', 5.43),
('1.1', '2023-09-30 01:53:42', 5.52),
('1.1', '2023-11-16 07:14:21', 4.66),
('1.1', '2023-12-04 00:35:34', 5.96),
('1.1', '2024-01-08 09:40:02', 5.25),
('1.1', '2024-01-15 17:54:24', 4.51),
('1.1', '2024-02-21 23:39:00', 5.97),
('1.1', '2024-05-02 13:11:50', 4.35),
('1.1', '2024-05-08 06:43:22', 4.77),
('1.1', '2024-05-28 23:11:43', 4.72),
('1.2', '2023-06-23 21:07:31', 4.16),
('1.2', '2023-06-26 04:52:46', 4.24),
('1.2', '2023-07-15 11:18:28', 5.18),
('1.2', '2023-07-17 08:27:22', 5.37),
('1.2', '2023-07-19 10:55:37', 4.34),
('1.2', '2023-08-13 21:02:42', 4.74),
('1.2', '2023-08-25 00:41:27', 4.77),
('1.2', '2023-08-29 23:48:31', 4.46),
('1.2', '2023-09-05 06:01:57', 4.17),
('1.2', '2023-09-27 02:11:18', 4.70),
('1.2', '2023-10-01 13:17:25', 4.93),
('1.2', '2023-10-01 21:46:57', 5.13),
('1.2', '2023-10-09 19:44:49', 5.08),
('1.2', '2023-10-26 21:44:53', 4.03),
('1.2', '2023-10-29 12:42:06', 4.93),
('1.2', '2023-11-04 22:03:11', 4.10),
('1.2', '2023-12-07 21:54:27', 4.31),
('1.2', '2023-12-18 12:45:27', 5.31),
('1.2', '2023-12-22 10:32:45', 5.31),
('1.2', '2024-01-14 08:56:40', 5.61),
('1.2', '2024-01-19 23:46:43', 5.47),
('1.2', '2024-01-22 20:16:29', 5.00),
('1.2', '2024-01-24 16:08:35', 4.30),
('1.2', '2024-01-30 14:30:18', 5.16),
('1.2', '2024-02-25 13:41:32', 4.48),
('1.2', '2024-04-09 02:53:03', 4.33),
('1.2', '2024-04-16 14:00:54', 4.56),
('1.2', '2024-05-19 18:39:34', 4.36),
('1.3', '2023-06-10 10:43:42', 4.76),
('1.3', '2023-06-20 01:40:05', 4.03),
('1.3', '2023-07-04 03:23:27', 4.76),
('1.3', '2023-08-20 23:28:04', 4.14),
('1.3', '2023-08-29 04:07:08', 5.60),
('1.3', '2023-09-12 11:33:40', 5.56),
('1.3', '2023-09-12 19:39:17', 4.92),
('1.3', '2023-10-14 09:50:46', 5.91),
('1.3', '2023-10-26 22:33:40', 4.48),
('1.3', '2023-10-27 03:07:28', 5.32),
('1.3', '2023-10-29 07:23:19', 5.26),
('1.3', '2023-11-21 20:56:02', 5.80),
('1.3', '2023-11-26 11:25:24', 4.73),
('1.3', '2023-12-09 07:54:00', 5.55),
('1.3', '2023-12-16 08:26:27', 4.67),
('1.3', '2024-01-14 06:12:21', 4.58),
('1.3', '2024-01-15 19:26:23', 5.74),
('1.3', '2024-01-20 16:46:54', 5.33),
('1.3', '2024-02-25 05:03:49', 4.01),
('1.3', '2024-03-14 02:07:19', 5.76),
('1.3', '2024-03-26 11:48:08', 5.92),
('1.3', '2024-04-15 09:20:18', 5.29),
('1.3', '2024-04-17 10:20:29', 4.25),
('1.3', '2024-04-30 18:20:54', 4.14),
('1.3', '2024-05-04 07:42:50', 5.90),
('1.3', '2024-05-22 19:22:09', 5.15),
('1.3', '2024-05-29 09:06:37', 5.18),
('1.4', '2023-06-17 21:29:31', 4.77),
('1.4', '2023-06-18 06:10:07', 5.81),
('1.4', '2023-07-06 00:02:59', 4.52),
('1.4', '2023-09-19 07:15:18', 4.06),
('1.4', '2023-10-16 21:21:20', 4.64),
('1.4', '2023-10-30 09:08:17', 5.34),
('1.4', '2023-11-27 21:57:32', 4.34),
('1.4', '2023-12-08 16:58:23', 4.84),
('1.4', '2023-12-17 22:44:07', 5.06),
('1.4', '2023-12-28 16:14:34', 4.13),
('1.4', '2024-01-10 05:20:58', 4.79),
('1.4', '2024-01-26 05:08:50', 4.66),
('1.4', '2024-01-29 02:05:59', 4.10),
('1.4', '2024-02-21 19:53:00', 5.29),
('1.4', '2024-02-22 18:11:54', 4.12),
('1.4', '2024-03-06 20:40:17', 5.64),
('1.4', '2024-04-03 15:00:33', 5.79),
('1.4', '2024-05-20 18:55:49', 4.52),
('1.5', '2023-06-04 12:36:52', 5.00),
('1.5', '2023-06-05 05:46:05', 4.31),
('1.5', '2023-07-19 18:21:38', 5.73),
('1.5', '2023-07-20 06:39:54', 4.37),
('1.5', '2023-08-30 01:50:12', 4.30),
('1.5', '2023-09-12 19:31:15', 4.44),
('1.5', '2023-10-18 19:21:27', 4.30),
('1.5', '2023-12-01 08:54:38', 5.01),
('1.5', '2023-12-03 07:55:06', 4.28),
('1.5', '2023-12-20 09:51:05', 4.82),
('1.5', '2024-03-06 01:19:39', 4.17),
('1.5', '2024-04-22 08:27:02', 5.21),
('1.5', '2024-05-16 23:15:11', 4.05),
('1.5', '2024-06-02 11:03:34', 5.98),
('1.6', '2023-07-22 17:17:49', 4.12),
('1.6', '2023-07-26 14:50:01', 4.62),
('1.6', '2023-10-08 04:38:04', 4.37),
('1.6', '2023-10-19 00:11:34', 5.36),
('1.6', '2023-10-19 17:22:10', 5.61),
('1.6', '2023-10-28 15:28:05', 5.31),
('1.6', '2023-12-14 08:44:22', 5.62),
('1.6', '2023-12-15 15:42:50', 5.10),
('1.6', '2023-12-19 05:53:49', 5.72),
('1.6', '2024-03-11 00:40:15', 5.82),
('1.6', '2024-03-24 05:02:45', 4.25),
('1.6', '2024-03-25 19:42:38', 4.44),
('1.6', '2024-04-03 05:50:29', 5.56),
('1.6', '2024-04-10 11:48:19', 4.75),
('1.6', '2024-04-19 22:26:13', 5.43),
('1.6', '2024-05-27 11:17:22', 5.63),
('1.7', '2023-06-14 02:57:57', 5.39),
('1.7', '2023-06-15 00:14:39', 5.28),
('1.7', '2023-08-12 23:55:59', 4.95),
('1.7', '2023-09-13 12:52:04', 4.58),
('1.7', '2023-09-20 18:11:16', 5.43),
('1.7', '2023-10-14 19:06:56', 4.07),
('1.7', '2023-10-27 16:46:30', 4.03),
('1.7', '2023-11-07 11:37:20', 4.78),
('1.7', '2023-11-15 10:54:33', 5.10),
('1.7', '2023-12-21 02:51:03', 4.67),
('1.7', '2024-02-02 03:02:47', 4.93),
('1.7', '2024-02-04 19:51:16', 4.11),
('1.7', '2024-03-04 03:35:22', 4.56),
('1.7', '2024-03-04 12:45:24', 4.50),
('1.7', '2024-04-15 11:07:30', 5.01),
('1.7', '2024-04-21 15:40:32', 5.28),
('1.7', '2024-05-04 08:51:24', 4.14),
('1.7', '2024-05-16 23:25:01', 5.89),
('2', '2023-06-12 15:52:48', 4.52),
('2', '2023-08-14 04:24:57', 5.26),
('2', '2023-09-05 04:01:44', 5.35),
('2', '2023-09-12 04:52:08', 5.52),
('2', '2023-09-17 09:44:17', 5.26),
('2', '2023-10-08 02:39:38', 4.29),
('2', '2023-11-29 21:38:27', 5.88),
('2', '2023-12-23 04:37:05', 4.28),
('2', '2023-12-23 14:54:29', 5.63),
('2', '2024-02-06 01:31:06', 5.46),
('2', '2024-02-12 21:30:34', 5.84),
('2', '2024-03-04 21:06:46', 5.67),
('2', '2024-03-20 03:22:10', 5.67),
('2', '2024-03-23 08:17:45', 5.29),
('2', '2024-05-04 01:24:28', 4.14),
('2', '2024-05-30 12:51:34', 4.28),
('2', '2024-06-02 04:13:40', 5.28),
('3г', '2023-06-12 11:27:00', 4.71),
('3г', '2023-07-02 23:29:42', 5.21),
('3г', '2023-08-15 13:21:08', 5.97),
('3г', '2023-09-01 03:56:48', 5.81),
('3г', '2023-09-19 23:04:37', 4.18),
('3г', '2023-09-27 22:59:25', 4.19),
('3г', '2023-10-22 18:24:05', 5.28),
('3г', '2023-11-03 17:50:01', 5.47),
('3г', '2023-11-24 14:54:28', 5.10),
('3г', '2023-12-26 12:20:20', 5.50),
('3г', '2024-01-11 11:34:05', 5.78),
('3г', '2024-01-14 14:32:20', 5.54),
('3г', '2024-03-17 05:25:50', 4.24),
('3г', '2024-04-09 04:35:50', 5.82),
('3г', '2024-05-31 20:57:28', 5.81),
('3лг', '2023-06-07 04:54:50', 4.87),
('3лг', '2023-06-20 15:38:53', 4.30),
('3лг', '2023-07-19 07:14:02', 4.98),
('3лг', '2023-08-07 22:21:43', 5.59),
('3лг', '2023-08-15 09:19:27', 5.70),
('3лг', '2023-09-03 19:14:20', 4.97),
('3лг', '2023-09-20 13:32:43', 4.47),
('3лг', '2023-10-04 18:32:53', 5.65),
('3лг', '2023-10-20 22:45:53', 5.82),
('3лг', '2023-11-17 11:24:57', 4.04),
('3лг', '2023-12-01 19:14:12', 5.10),
('3лг', '2023-12-26 04:26:07', 4.39),
('3лг', '2024-01-04 19:59:27', 5.39),
('3лг', '2024-01-28 22:45:46', 5.96),
('3лг', '2024-02-01 21:24:06', 5.74),
('3лг', '2024-02-13 22:01:10', 5.39),
('3лг', '2024-02-28 02:31:03', 4.03),
('3лг', '2024-03-05 08:01:56', 5.20),
('3лг', '2024-04-02 07:26:23', 4.67),
('3лг', '2024-05-19 01:41:01', 5.71),
('3лг', '2024-05-27 19:48:04', 5.38),
('3п', '2023-06-28 10:15:59', 4.36),
('3п', '2023-08-22 14:47:27', 4.63),
('3п', '2023-08-28 18:28:33', 5.52),
('3п', '2023-09-10 07:23:39', 5.00),
('3п', '2023-09-24 14:47:35', 5.06),
('3п', '2023-10-03 19:41:23', 4.42),
('3п', '2023-10-05 14:39:31', 5.28),
('3п', '2023-11-06 07:33:29', 4.77),
('3п', '2023-12-19 06:00:28', 5.05),
('3п', '2024-01-28 08:46:28', 4.88),
('3п', '2024-02-08 01:57:25', 5.41),
('3п', '2024-02-22 02:01:05', 5.07),
('3п', '2024-02-24 16:37:05', 5.54),
('3п', '2024-03-28 04:20:17', 4.44),
('3п', '2024-05-06 07:24:54', 4.26),
('3п', '2024-05-15 02:58:39', 4.87),
('3п', '2024-05-26 19:41:02', 4.29),
('5', '2023-07-10 09:39:18', 4.44),
('5', '2023-08-04 14:40:17', 4.02),
('5', '2023-09-01 01:08:56', 5.32),
('5', '2023-09-01 05:58:49', 4.58),
('5', '2023-10-23 23:13:41', 5.87),
('5', '2023-12-07 05:04:22', 5.00),
('5', '2023-12-07 07:59:14', 5.00),
('5', '2024-02-11 01:52:19', 5.37),
('5', '2024-02-15 17:46:50', 4.35),
('5', '2024-04-17 11:55:48', 4.66),
('5', '2024-04-22 18:11:40', 4.31),
('ВЖ', '2023-06-22 01:44:30', 4.05),
('ВЖ', '2023-07-11 12:45:02', 4.19),
('ВЖ', '2023-07-16 16:45:31', 4.71),
('ВЖ', '2023-09-08 12:32:23', 4.01),
('ВЖ', '2023-09-28 04:35:19', 5.83),
('ВЖ', '2023-11-06 21:54:40', 5.28),
('ВЖ', '2023-11-17 16:31:20', 4.19),
('ВЖ', '2023-11-24 19:33:34', 5.95),
('ВЖ', '2023-12-04 08:23:32', 4.69),
('ВЖ', '2023-12-13 15:45:53', 5.12),
('ВЖ', '2024-01-05 14:29:08', 4.70),
('ВЖ', '2024-01-16 14:26:23', 5.14),
('ВЖ', '2024-01-22 11:23:33', 4.62),
('ВЖ', '2024-01-27 08:44:30', 5.51),
('ВЖ', '2024-03-05 07:16:28', 5.87),
('ВЖ', '2024-04-26 18:01:33', 4.41),
('ВЖ', '2024-04-27 05:44:32', 4.84),
('ВЖ', '2024-05-06 02:29:36', 4.02),
('ВЖ', '2024-05-25 00:59:11', 5.29),
('Зал', '2023-06-06 03:07:27', 5.06),
('Зал', '2023-06-25 20:29:13', 5.03),
('Зал', '2023-08-11 20:16:11', 5.05),
('Зал', '2023-08-12 00:33:58', 4.24),
('Зал', '2023-08-16 05:57:41', 5.97),
('Зал', '2023-08-26 05:09:03', 4.59),
('Зал', '2023-10-04 03:18:55', 4.04),
('Зал', '2023-10-08 17:51:29', 5.79),
('Зал', '2023-10-09 16:59:25', 4.30),
('Зал', '2023-10-31 21:13:18', 5.55),
('Зал', '2023-12-16 15:40:37', 4.60),
('Зал', '2024-01-11 18:45:49', 5.73),
('Зал', '2024-01-14 22:08:33', 5.05),
('Зал', '2024-01-26 02:46:43', 5.53),
('Зал', '2024-02-21 08:07:51', 5.38),
('Зал', '2024-03-26 04:49:21', 5.57),
('Зал', '2024-04-10 06:22:33', 5.69),
('Зал', '2024-04-18 19:44:48', 4.30),
('Зал', '2024-05-12 04:09:37', 5.18),
('Зал', '2024-05-22 00:17:31', 5.27),
('Изол', '2023-06-28 13:53:37', 4.62),
('Изол', '2023-07-19 06:40:07', 4.52),
('Изол', '2023-07-26 22:04:03', 4.42),
('Изол', '2023-07-29 18:40:52', 4.38),
('Изол', '2023-12-09 06:21:51', 4.35),
('Изол', '2023-12-13 04:59:56', 5.30),
('Изол', '2023-12-22 14:39:30', 5.13),
('Изол', '2024-01-18 13:46:02', 5.67),
('Изол', '2024-01-22 14:04:38', 4.85),
('Изол', '2024-02-01 04:50:30', 4.37),
('Изол', '2024-02-02 20:48:48', 4.91),
('Изол', '2024-03-01 14:54:54', 5.63),
('Изол', '2024-03-04 05:14:38', 4.09),
('Изол', '2024-03-18 19:06:17', 5.74),
('Изол', '2024-04-05 14:37:23', 5.70),
('Изол', '2024-04-08 03:33:54', 4.66),
('Изол', '2024-05-07 21:50:57', 5.45),
('Изол', '2024-05-10 23:16:21', 5.19),
('Изол', '2024-05-11 07:45:16', 5.28),
('Изол', '2024-05-20 06:19:03', 5.33),
('Изол', '2024-05-22 04:43:01', 4.07),
('ЛазГрав', '2023-06-05 02:30:53', 4.06),
('ЛазГрав', '2023-07-10 01:12:23', 5.14),
('ЛазГрав', '2023-08-31 16:36:08', 5.84),
('ЛазГрав', '2023-09-20 10:47:58', 4.41),
('ЛазГрав', '2023-09-23 11:39:00', 5.84),
('ЛазГрав', '2023-11-05 05:36:36', 4.22),
('ЛазГрав', '2024-01-04 13:27:41', 5.04),
('ЛазГрав', '2024-01-17 04:43:39', 4.34),
('ЛазГрав', '2024-02-13 05:39:32', 4.45),
('ЛазГрав', '2024-02-18 13:17:07', 5.44),
('ЛазГрав', '2024-03-13 02:51:13', 4.06),
('ЛазГрав', '2024-03-22 08:50:27', 4.19),
('ЛазГрав', '2024-04-04 01:34:59', 5.31),
('ЛазГрав', '2024-04-09 08:09:51', 4.87),
('ЛазРез', '2023-06-17 13:48:20', 4.57),
('ЛазРез', '2023-07-14 15:04:16', 5.48),
('ЛазРез', '2023-07-17 06:40:27', 4.26),
('ЛазРез', '2023-07-25 05:59:47', 4.60),
('ЛазРез', '2023-07-28 06:00:23', 4.14),
('ЛазРез', '2023-08-14 05:53:43', 4.75),
('ЛазРез', '2023-10-24 23:46:39', 5.79),
('ЛазРез', '2023-12-10 16:03:12', 5.29),
('ЛазРез', '2024-01-18 18:36:05', 4.85),
('ЛазРез', '2024-01-21 17:15:22', 5.81),
('ЛазРез', '2024-02-11 09:43:24', 5.87),
('Марк', '2023-06-19 19:09:32', 5.93),
('Марк', '2023-07-01 14:53:45', 5.86),
('Марк', '2023-08-14 23:51:04', 4.90),
('Марк', '2023-08-17 12:05:40', 4.22),
('Марк', '2023-09-23 04:37:20', 4.43),
('Марк', '2023-10-18 16:24:46', 4.27),
('Марк', '2023-10-19 09:15:32', 5.78),
('Марк', '2023-12-08 21:00:39', 5.22),
('Марк', '2023-12-20 05:08:00', 5.48),
('Марк', '2024-01-31 12:09:58', 5.08),
('Марк', '2024-02-22 02:12:10', 4.48),
('Марк', '2024-02-25 15:12:41', 4.44),
('Марк', '2024-04-27 00:14:27', 4.72),
('Марк', '2024-05-02 02:28:24', 4.51),
('Марк', '2024-05-03 10:15:01', 5.28),
('Марк', '2024-05-12 03:53:12', 5.24),
('Марк', '2024-05-14 12:59:02', 5.28),
('Марк', '2024-05-27 18:19:09', 5.26),
('Монт', '2023-06-25 02:12:09', 5.82),
('Монт', '2023-07-03 03:09:13', 4.42),
('Монт', '2023-08-03 21:46:31', 5.26),
('Монт', '2023-08-09 04:41:37', 4.58),
('Монт', '2023-09-09 10:36:23', 5.32),
('Монт', '2023-09-27 10:11:52', 4.29),
('Монт', '2023-10-09 03:57:24', 4.86),
('Монт', '2023-11-07 14:10:18', 5.57),
('Монт', '2023-12-02 15:41:09', 4.58),
('Монт', '2023-12-26 01:16:07', 5.34),
('Монт', '2024-02-03 09:38:24', 4.98),
('Монт', '2024-02-15 00:52:45', 5.60),
('Монт', '2024-02-29 15:38:45', 5.33),
('Монт', '2024-03-17 22:28:59', 5.90),
('Монт', '2024-04-06 07:29:20', 5.91),
('Монт', '2024-04-17 12:09:11', 5.99),
('Монт', '2024-04-29 12:29:53', 5.97),
('Монт', '2024-05-17 08:20:45', 5.83),
('Монт', '2024-05-30 00:30:22', 5.80),
('Нам', '2023-06-26 20:49:43', 4.50),
('Нам', '2023-07-16 18:22:01', 5.43),
('Нам', '2023-08-02 04:36:37', 5.43),
('Нам', '2023-08-08 19:25:57', 5.98),
('Нам', '2023-08-26 16:20:12', 5.53),
('Нам', '2023-08-30 18:40:16', 5.01),
('Нам', '2023-11-21 20:26:19', 4.95),
('Нам', '2023-12-05 12:44:57', 5.03),
('Нам', '2023-12-11 16:35:38', 5.18),
('Нам', '2023-12-16 18:01:30', 4.51),
('Нам', '2024-01-28 02:10:38', 4.29),
('Нам', '2024-04-04 22:36:51', 5.87),
('Проп', '2023-06-24 03:09:31', 5.86),
('Проп', '2023-07-10 05:03:03', 5.11),
('Проп', '2023-07-11 10:44:24', 5.79),
('Проп', '2023-07-20 09:09:26', 5.97),
('Проп', '2023-09-16 02:11:01', 5.30),
('Проп', '2023-09-19 00:43:42', 4.69),
('Проп', '2023-10-01 03:55:27', 5.06),
('Проп', '2023-11-03 03:07:46', 4.86),
('Проп', '2023-11-04 13:11:29', 4.25),
('Проп', '2023-11-08 02:18:06', 5.64),
('Проп', '2024-01-02 04:01:08', 4.37),
('Проп', '2024-01-24 08:25:49', 4.55),
('Проп', '2024-02-22 04:47:38', 4.62),
('Проп', '2024-04-09 07:29:30', 5.67),
('Проп', '2024-04-24 00:20:09', 5.71),
('Проп', '2024-05-19 07:21:44', 5.27),
('Проп', '2024-05-30 13:38:01', 5.00),
('Рег', '2023-07-05 13:54:17', 5.28),
('Рег', '2023-07-15 13:50:00', 4.51),
('Рег', '2023-07-24 09:40:48', 5.19),
('Рег', '2023-08-10 17:38:46', 5.25),
('Рег', '2023-10-02 12:28:19', 4.52),
('Рег', '2023-10-18 23:12:51', 5.27),
('Рег', '2023-10-19 06:13:09', 5.34),
('Рег', '2023-11-11 14:19:39', 4.35),
('Рег', '2023-11-16 06:27:45', 4.11),
('Рег', '2023-12-12 00:05:42', 5.20),
('Рег', '2024-01-02 07:11:25', 5.73),
('Рег', '2024-01-15 11:48:44', 5.23),
('Рег', '2024-01-23 05:39:03', 4.05),
('Рег', '2024-01-27 16:43:15', 4.58),
('Рег', '2024-02-06 00:47:28', 4.91),
('Рег', '2024-02-18 18:40:29', 5.67),
('Рег', '2024-02-29 19:35:50', 5.15),
('Рег', '2024-03-22 12:22:34', 5.00),
('Рег', '2024-04-18 09:08:12', 5.91),
('Рег', '2024-04-21 19:09:00', 4.80),
('Рег', '2024-05-09 10:27:27', 5.66),
('Рег', '2024-05-30 07:04:31', 5.80),
('Свар', '2023-06-09 01:58:01', 5.70),
('Свар', '2023-06-27 03:01:03', 5.57),
('Свар', '2023-06-30 03:34:01', 5.56),
('Свар', '2023-09-16 04:32:56', 5.21),
('Свар', '2023-10-12 06:03:28', 5.19),
('Свар', '2023-10-21 02:16:49', 4.32),
('Свар', '2023-11-05 04:38:36', 5.79),
('Свар', '2023-11-08 15:10:37', 5.26),
('Свар', '2023-11-24 14:21:16', 4.19),
('Свар', '2023-12-06 22:05:38', 4.96),
('Свар', '2023-12-18 11:29:34', 5.87),
('Свар', '2024-02-03 01:05:40', 4.58),
('Свар', '2024-02-15 04:54:15', 5.78),
('Свар', '2024-03-03 15:19:27', 4.20),
('Свар', '2024-03-26 21:46:26', 4.26),
('Свар', '2024-05-09 02:38:09', 4.63),
('Свар', '2024-05-19 17:24:01', 5.77),
('Свар', '2024-05-21 11:24:13', 5.05),
('Термич', '2023-06-09 23:48:03', 5.71),
('Термич', '2023-07-01 16:51:15', 5.86),
('Термич', '2023-07-05 06:56:57', 4.62),
('Термич', '2023-07-28 12:06:51', 5.79),
('Термич', '2023-08-02 23:45:14', 4.23),
('Термич', '2023-08-27 20:54:43', 5.07),
('Термич', '2023-08-30 06:53:28', 5.69),
('Термич', '2023-10-14 14:48:27', 5.26),
('Термич', '2023-11-08 13:49:21', 4.88),
('Термич', '2023-11-19 08:56:28', 5.11),
('Термич', '2023-12-17 13:33:45', 4.28),
('Термич', '2024-03-01 01:37:15', 4.63),
('Термич', '2024-03-08 03:26:41', 5.14),
('Термич', '2024-04-17 00:25:45', 5.05),
('Термич', '2024-04-20 06:11:13', 5.83),
('Термич', '2024-04-23 22:26:08', 5.35),
('Термич', '2024-05-18 15:13:15', 4.59),
('Термич', '2024-06-02 01:10:36', 5.69),
('Термич', '2024-06-02 07:05:40', 5.30),
('Уп', '2023-06-16 07:13:31', 4.87),
('Уп', '2023-07-10 17:52:10', 5.78),
('Уп', '2023-07-28 09:21:08', 4.16),
('Уп', '2023-07-31 23:36:52', 4.83),
('Уп', '2023-08-18 20:54:56', 5.99),
('Уп', '2023-09-13 03:39:32', 4.24),
('Уп', '2023-10-11 16:11:39', 4.75),
('Уп', '2023-10-29 20:37:09', 5.29),
('Уп', '2023-11-08 00:17:35', 4.08),
('Уп', '2023-11-08 02:28:27', 4.75),
('Уп', '2023-11-16 05:44:45', 5.17),
('Уп', '2023-12-20 17:45:38', 5.00),
('Уп', '2024-01-29 21:57:49', 5.57),
('Уп', '2024-02-27 14:06:13', 4.68),
('Уп', '2024-04-02 02:56:10', 5.55),
('Уп', '2024-04-13 07:08:29', 5.69),
('Уп', '2024-04-15 21:56:29', 4.28),
('Уп', '2024-04-26 07:07:16', 5.11),
('Уп', '2024-04-26 21:31:58', 5.92),
('Чист', '2023-09-21 22:57:38', 4.31),
('Чист', '2023-10-25 21:22:26', 5.89),
('Чист', '2023-12-04 18:27:00', 4.63),
('Чист', '2023-12-28 19:53:11', 5.87),
('Чист', '2024-01-04 20:17:33', 5.99),
('Чист', '2024-02-09 23:22:53', 5.46),
('Чист', '2024-03-23 22:04:41', 5.90),
('Чист', '2024-04-13 17:36:59', 5.88),
('Чист', '2024-04-16 08:17:21', 4.29),
('Чист', '2024-05-17 21:09:29', 4.88),
('Чист', '2024-05-26 07:55:47', 5.58),
('Шлиф', '2023-07-16 18:03:35', 5.18),
('Шлиф', '2023-08-31 01:27:58', 4.67),
('Шлиф', '2023-09-02 11:00:05', 5.32),
('Шлиф', '2023-09-15 09:33:21', 5.05),
('Шлиф', '2023-10-07 16:00:54', 4.68),
('Шлиф', '2023-10-13 23:08:19', 4.30),
('Шлиф', '2023-11-20 21:07:01', 5.67),
('Шлиф', '2023-12-04 05:10:35', 5.27),
('Шлиф', '2023-12-09 22:46:30', 5.64),
('Шлиф', '2024-01-21 22:14:24', 5.01),
('Шлиф', '2024-02-06 13:37:43', 5.24),
('Шлиф', '2024-02-18 01:16:38', 5.70),
('Шлиф', '2024-03-07 02:30:25', 5.74),
('Шлиф', '2024-03-14 14:43:53', 5.63),
('Шлиф', '2024-03-17 08:41:17', 5.21),
('Шлиф', '2024-04-01 08:28:16', 5.87),
('Шлиф', '2024-04-08 01:09:47', 5.18),
('Шлиф', '2024-04-28 22:03:03', 4.22),
('Шлиф', '2024-04-30 19:55:36', 5.97),
('Шлиф', '2024-05-08 19:13:00', 5.31),
('Шлиф', '2024-05-24 11:45:56', 4.59),
('Шт', '2023-06-06 00:21:02', 5.52),
('Шт', '2023-07-07 15:01:04', 5.33),
('Шт', '2023-07-09 12:52:13', 4.57),
('Шт', '2023-08-13 23:01:05', 5.29),
('Шт', '2023-08-30 12:53:41', 4.40),
('Шт', '2023-09-06 11:28:43', 4.92),
('Шт', '2023-09-23 05:46:27', 4.88),
('Шт', '2023-10-11 14:35:50', 5.95),
('Шт', '2023-10-11 17:31:26', 4.88),
('Шт', '2023-10-11 17:53:28', 4.18),
('Шт', '2023-11-13 07:54:44', 4.45),
('Шт', '2023-11-18 21:16:53', 5.09),
('Шт', '2023-12-11 21:25:52', 4.21),
('Шт', '2023-12-25 14:25:20', 4.34),
('Шт', '2023-12-30 16:15:08', 5.48),
('Шт', '2024-01-02 13:50:14', 4.04),
('Шт', '2024-01-17 09:45:55', 4.05),
('Шт', '2024-01-18 06:41:28', 4.47),
('Шт', '2024-02-04 23:14:10', 4.66),
('Шт', '2024-02-13 12:11:19', 4.44),
('Шт', '2024-02-26 08:42:44', 4.94),
('Шт', '2024-05-30 08:25:17', 4.19);

-- --------------------------------------------------------

--
-- Структура таблицы `purchased_items`
--

CREATE TABLE `purchased_items` (
  `item_id` bigint UNSIGNED NOT NULL,
  `purchase_price` decimal(10,2) UNSIGNED NOT NULL,
  `purchase_lot` decimal(10,2) UNSIGNED NOT NULL,
  `order_point` decimal(10,2) UNSIGNED NOT NULL,
  `unit_factor` decimal(10,6) UNSIGNED NOT NULL,
  `unit_code` varchar(4) COLLATE utf8mb4_unicode_ci NOT NULL
) ENGINE=InnoDB DEFAULT CHARSET=utf8mb4 COLLATE=utf8mb4_unicode_ci;

--
-- Дамп данных таблицы `purchased_items`
--

INSERT INTO `purchased_items` (`item_id`, `purchase_price`, `purchase_lot`, `order_point`, `unit_factor`, `unit_code`) VALUES
(26, 79.26, 37.16, 25.58, 1000.000000, '168'),
(27, 116.37, 8.44, 16.50, 1000.000000, '168'),
(28, 113.79, 27.86, 16.82, 1000.000000, '168'),
(29, 230.06, 9.17, 26.19, 1000.000000, '168'),
(30, 197.71, 20.61, 21.91, 1000.000000, '168'),
(31, 90.06, 9.80, 36.28, 1000.000000, '168'),
(32, 196.70, 27.27, 28.82, 1000.000000, '168'),
(33, 191.16, 19.04, 40.94, 1000.000000, '168'),
(34, 136.66, 46.22, 20.41, 1000.000000, '168'),
(35, 187.13, 11.00, 6.78, 1000.000000, '168'),
(36, 144.59, 19.81, 5.76, 1000.000000, '168'),
(37, 95.93, 39.95, 48.71, 1000.000000, '168'),
(38, 235.93, 49.81, 12.06, 1000.000000, '168'),
(39, 134.68, 40.00, 11.97, 1000.000000, '168'),
(40, 96.28, 38.28, 20.43, 1000.000000, '168'),
(41, 115.65, 47.74, 14.39, 1000.000000, '168'),
(42, 109.95, 26.33, 32.04, 1000.000000, '168'),
(43, 120.91, 25.93, 12.28, 1000.000000, '168'),
(44, 234.59, 8.65, 43.21, 1000.000000, '168'),
(45, 225.31, 17.03, 40.23, 1000.000000, '168'),
(46, 90.02, 46.18, 47.06, 1000.000000, '168'),
(47, 201.14, 34.11, 8.33, 1000.000000, '168'),
(48, 207.14, 3.31, 46.60, 1000.000000, '168'),
(49, 172.09, 7.04, 10.48, 1000.000000, '168'),
(50, 71.50, 47.43, 5.04, 1000.000000, '168'),
(76, 187.49, 27.41, 30.50, 18.970000, '796'),
(77, 127.44, 26.67, 42.91, 30.130000, '796'),
(78, 98.17, 43.07, 27.87, 15.540000, '796'),
(79, 182.58, 25.30, 22.75, 44.210000, '796'),
(80, 220.77, 34.43, 2.66, 24.610000, '796'),
(81, 75.58, 30.97, 2.73, 34.690000, '796'),
(82, 229.02, 40.90, 14.93, 13.010000, '796'),
(83, 82.36, 20.72, 29.82, 38.590000, '796'),
(84, 119.50, 8.30, 34.89, 2.010000, '796'),
(85, 118.22, 45.92, 35.35, 25.820000, '796'),
(86, 197.67, 4.20, 49.49, 38.160000, '796'),
(87, 182.07, 18.97, 44.91, 34.670000, '796'),
(88, 174.67, 32.56, 30.91, 36.790000, '796'),
(89, 191.82, 44.00, 10.62, 21.250000, '796'),
(90, 81.28, 40.25, 30.31, 25.730000, '796'),
(91, 159.74, 36.73, 32.90, 24.990000, '796'),
(92, 217.34, 36.91, 28.81, 36.080000, '796'),
(93, 239.01, 43.60, 36.35, 21.860000, '796'),
(94, 143.55, 42.82, 24.90, 37.110000, '796'),
(95, 190.21, 32.32, 19.96, 15.480000, '796'),
(96, 243.67, 12.69, 34.88, 49.230000, '796'),
(97, 162.91, 25.25, 47.96, 19.580000, '796'),
(98, 149.80, 49.76, 35.90, 39.880000, '796'),
(99, 71.29, 35.28, 45.82, 29.920000, '796'),
(100, 205.36, 8.79, 42.22, 46.470000, '796'),
(126, 182.35, 39.19, 4.27, 1000.000000, '168'),
(127, 215.30, 49.72, 6.58, 1000.000000, '168'),
(128, 174.24, 7.54, 34.10, 1000.000000, '168'),
(129, 203.47, 40.46, 38.76, 1000.000000, '168'),
(130, 152.26, 36.27, 12.55, 1000.000000, '168'),
(131, 106.40, 23.89, 5.47, 1000.000000, '168'),
(132, 160.77, 24.98, 25.58, 1000.000000, '168'),
(133, 135.66, 31.36, 28.63, 1000.000000, '168'),
(134, 101.44, 42.80, 22.66, 1000.000000, '168'),
(135, 116.76, 24.88, 3.28, 1000.000000, '168'),
(136, 230.07, 44.38, 39.04, 1000.000000, '168'),
(137, 141.90, 30.36, 16.72, 1000.000000, '168'),
(138, 227.48, 21.28, 6.63, 1000.000000, '168'),
(139, 199.10, 19.82, 33.77, 1000.000000, '168'),
(140, 169.37, 43.81, 40.20, 1000.000000, '168'),
(141, 215.79, 39.42, 24.89, 1000.000000, '168'),
(142, 205.21, 44.75, 13.67, 1000.000000, '168'),
(143, 148.17, 18.75, 38.93, 1000.000000, '168'),
(144, 147.30, 29.87, 13.94, 1000.000000, '168'),
(145, 106.33, 4.54, 21.28, 1000.000000, '168'),
(146, 216.53, 45.00, 29.32, 1000.000000, '168'),
(147, 238.49, 24.44, 5.09, 1000.000000, '168'),
(148, 196.21, 23.24, 48.15, 1000.000000, '168'),
(149, 242.23, 12.06, 16.31, 1000.000000, '168'),
(150, 82.24, 47.77, 12.81, 1000.000000, '168'),
(151, 196.49, 27.67, 38.38, 44.860000, '796'),
(152, 101.01, 35.60, 39.79, 16.230000, '796'),
(153, 202.68, 34.07, 3.09, 39.520000, '796'),
(154, 118.22, 18.88, 45.63, 13.590000, '796'),
(155, 143.74, 33.37, 9.14, 34.460000, '796'),
(156, 246.29, 42.10, 18.48, 40.570000, '796'),
(157, 87.62, 30.61, 42.67, 48.160000, '796'),
(158, 81.71, 20.05, 41.19, 22.030000, '796'),
(159, 71.01, 12.28, 16.27, 3.870000, '796'),
(160, 241.34, 48.92, 7.36, 7.570000, '796'),
(161, 219.58, 10.82, 43.25, 29.740000, '796'),
(162, 184.25, 12.51, 43.46, 8.320000, '796'),
(163, 168.96, 25.47, 26.74, 34.920000, '796'),
(164, 237.94, 27.58, 34.50, 48.420000, '796'),
(165, 234.00, 29.58, 28.81, 14.290000, '796'),
(166, 154.29, 46.48, 28.12, 38.010000, '796'),
(167, 221.36, 21.87, 28.56, 18.490000, '796'),
(168, 246.96, 41.45, 6.95, 26.380000, '796'),
(169, 139.89, 45.57, 29.48, 37.410000, '796'),
(170, 195.43, 17.70, 40.31, 15.940000, '796'),
(171, 134.05, 27.15, 48.12, 18.450000, '796'),
(172, 143.48, 25.67, 34.07, 44.360000, '796'),
(173, 118.60, 37.95, 25.71, 39.780000, '796'),
(174, 122.11, 23.74, 41.66, 7.760000, '796'),
(175, 113.34, 25.94, 25.40, 44.160000, '796'),
(201, 122.22, 16.00, 44.00, 1.000000, '796'),
(202, 178.58, 36.00, 42.00, 1.000000, '796'),
(203, 204.55, 20.00, 21.00, 1.000000, '796'),
(204, 182.73, 43.00, 5.00, 1.000000, '796'),
(205, 126.61, 23.00, 22.00, 1.000000, '796'),
(206, 243.04, 28.00, 12.00, 1.000000, '796'),
(207, 103.19, 38.00, 48.00, 1.000000, '796'),
(208, 98.10, 42.00, 34.00, 1.000000, '796'),
(209, 131.44, 42.00, 47.00, 1.000000, '796'),
(210, 226.74, 49.00, 36.00, 1.000000, '796'),
(211, 213.43, 33.00, 7.00, 1.000000, '796'),
(212, 135.72, 49.00, 2.00, 1.000000, '796'),
(213, 235.69, 41.00, 6.00, 1.000000, '796'),
(214, 145.93, 46.00, 42.00, 1.000000, '796'),
(215, 102.30, 7.00, 46.00, 1.000000, '796'),
(216, 243.47, 40.00, 48.00, 1.000000, '796'),
(217, 70.82, 29.00, 19.00, 1.000000, '796'),
(218, 70.76, 41.00, 7.00, 1.000000, '796'),
(219, 179.87, 10.00, 41.00, 1.000000, '796'),
(220, 173.63, 14.00, 28.00, 1.000000, '796'),
(221, 116.70, 36.00, 39.00, 1.000000, '796'),
(222, 148.87, 48.00, 3.00, 1.000000, '796'),
(223, 224.18, 28.00, 29.00, 1.000000, '796'),
(224, 97.98, 47.00, 9.00, 1.000000, '796'),
(225, 163.20, 27.00, 6.00, 1.000000, '796'),
(251, 145.79, 6.00, 6.00, 1.000000, '796'),
(252, 81.42, 36.00, 38.00, 1.000000, '796'),
(253, 237.55, 49.00, 38.00, 1.000000, '796'),
(254, 109.98, 26.00, 46.00, 1.000000, '796'),
(255, 159.64, 43.00, 30.00, 1.000000, '796'),
(256, 82.42, 46.00, 34.00, 1.000000, '796'),
(257, 140.52, 44.00, 10.00, 1.000000, '796'),
(258, 98.63, 40.00, 41.00, 1.000000, '796'),
(259, 105.99, 41.00, 39.00, 1.000000, '796'),
(260, 172.95, 4.00, 6.00, 1.000000, '796'),
(261, 128.07, 22.00, 8.00, 1.000000, '796'),
(262, 95.75, 28.00, 21.00, 1.000000, '796'),
(263, 200.38, 38.00, 14.00, 1.000000, '796'),
(264, 134.83, 29.00, 15.00, 1.000000, '796'),
(265, 126.63, 18.00, 12.00, 1.000000, '796'),
(266, 88.02, 18.00, 36.00, 1.000000, '796'),
(267, 107.49, 36.00, 9.00, 1.000000, '796'),
(268, 166.12, 42.00, 50.00, 1.000000, '796'),
(269, 180.45, 2.00, 48.00, 1.000000, '796'),
(270, 149.89, 32.00, 10.00, 1.000000, '796'),
(271, 174.36, 28.00, 35.00, 1.000000, '796'),
(272, 184.52, 34.00, 33.00, 1.000000, '796'),
(273, 236.70, 20.00, 20.00, 1.000000, '796'),
(274, 113.82, 4.00, 16.00, 1.000000, '796'),
(275, 220.89, 26.00, 27.00, 1.000000, '796'),
(276, 84.46, 29.31, 16.77, 1.000000, '006'),
(277, 70.76, 28.37, 42.50, 1.000000, '006'),
(278, 163.87, 6.12, 14.61, 1.000000, '006'),
(279, 99.00, 31.85, 16.37, 1.000000, '006'),
(280, 240.90, 6.43, 28.39, 1.000000, '006'),
(281, 236.30, 33.50, 26.07, 1.000000, '006'),
(282, 74.30, 22.25, 44.96, 1.000000, '006'),
(283, 144.00, 45.15, 20.94, 1.000000, '006'),
(284, 208.30, 6.40, 8.02, 1.000000, '006'),
(285, 215.18, 13.15, 28.95, 1.000000, '006'),
(286, 150.77, 8.62, 40.60, 1.000000, '006'),
(287, 108.74, 36.32, 31.52, 1.000000, '006'),
(288, 81.42, 27.11, 36.77, 1.000000, '006'),
(289, 185.77, 49.95, 49.93, 1.000000, '006'),
(290, 200.30, 47.22, 8.14, 1.000000, '006'),
(291, 173.17, 22.58, 32.19, 1.000000, '006'),
(292, 222.34, 2.38, 27.35, 1.000000, '006'),
(293, 155.16, 11.21, 9.04, 1.000000, '006'),
(294, 187.08, 20.12, 4.38, 1.000000, '006'),
(295, 243.49, 43.22, 4.91, 1.000000, '006'),
(296, 97.72, 3.89, 9.63, 1.000000, '006'),
(297, 217.05, 46.26, 34.13, 1.000000, '006'),
(298, 193.83, 9.03, 32.18, 1.000000, '006'),
(299, 85.96, 30.95, 42.56, 1.000000, '006'),
(300, 160.52, 2.77, 46.00, 1.000000, '006');

--
-- Триггеры `purchased_items`
--
DELIMITER $$
CREATE TRIGGER `update_purchase_price` AFTER UPDATE ON `purchased_items` FOR EACH ROW BEGIN
 IF NEW.purchase_price <> OLD.purchase_price THEN
 INSERT INTO purchased_item_purchase_price_history (item_id, new_value)
 VALUES (NEW.item_id, NEW.purchase_price);
 END IF;
END
$$
DELIMITER ;

-- --------------------------------------------------------

--
-- Структура таблицы `purchased_item_purchase_price_history`
--

CREATE TABLE `purchased_item_purchase_price_history` (
  `item_id` bigint UNSIGNED NOT NULL,
  `change_time` timestamp NOT NULL DEFAULT CURRENT_TIMESTAMP,
  `new_value` decimal(10,2) UNSIGNED NOT NULL
) ENGINE=InnoDB DEFAULT CHARSET=utf8mb4 COLLATE=utf8mb4_unicode_ci;

--
-- Дамп данных таблицы `purchased_item_purchase_price_history`
--

INSERT INTO `purchased_item_purchase_price_history` (`item_id`, `change_time`, `new_value`) VALUES
(26, '2023-07-23 04:10:06', 81.37),
(26, '2023-08-22 04:21:04', 174.08),
(26, '2023-09-28 05:53:01', 128.09),
(26, '2023-11-15 22:59:33', 169.54),
(26, '2024-01-15 06:25:33', 99.19),
(26, '2024-01-21 02:14:46', 220.66),
(26, '2024-03-15 10:57:41', 229.14),
(27, '2023-11-07 01:22:19', 135.81),
(27, '2023-12-03 19:15:36', 70.51),
(27, '2023-12-06 15:47:02', 222.26),
(27, '2024-01-24 04:25:41', 221.90),
(27, '2024-01-25 13:03:30', 90.18),
(27, '2024-02-18 21:19:22', 148.49),
(27, '2024-03-29 18:50:33', 123.01),
(27, '2024-04-08 01:57:54', 123.70),
(27, '2024-04-10 21:07:29', 224.52),
(27, '2024-04-16 22:01:22', 157.53),
(28, '2023-09-26 19:33:43', 229.38),
(28, '2023-10-14 04:29:21', 235.87),
(28, '2023-11-03 08:17:06', 149.84),
(28, '2024-01-05 06:51:46', 70.95),
(28, '2024-02-09 13:39:39', 179.46),
(28, '2024-02-12 10:56:03', 216.97),
(28, '2024-02-16 11:44:46', 80.27),
(28, '2024-03-11 23:09:18', 96.60),
(28, '2024-04-22 23:06:17', 244.60),
(29, '2023-09-02 20:50:57', 151.23),
(29, '2023-09-02 23:15:59', 165.39),
(29, '2023-09-25 11:22:43', 150.99),
(29, '2023-09-27 10:26:08', 163.57),
(29, '2023-12-05 02:26:52', 203.03),
(29, '2023-12-18 08:01:53', 100.53),
(29, '2024-01-02 08:30:21', 144.45),
(29, '2024-01-26 17:15:42', 217.34),
(29, '2024-04-22 22:05:41', 224.66),
(30, '2023-06-16 20:15:49', 228.67),
(30, '2023-08-01 04:03:47', 119.30),
(30, '2023-11-22 08:44:36', 194.21),
(30, '2023-11-23 05:37:42', 79.52),
(30, '2024-01-02 02:57:28', 192.53),
(30, '2024-01-10 01:10:30', 193.72),
(30, '2024-01-29 16:48:27', 83.13),
(30, '2024-01-31 16:52:35', 167.34),
(30, '2024-02-15 03:36:39', 215.01),
(31, '2023-06-09 01:36:48', 87.32),
(31, '2023-06-19 08:34:32', 125.49),
(31, '2023-06-24 05:14:32', 172.46),
(31, '2023-06-29 19:10:05', 193.96),
(31, '2023-07-16 03:22:34', 203.48),
(31, '2023-08-12 20:12:41', 109.97),
(31, '2023-09-01 10:54:22', 159.99),
(31, '2024-04-11 14:03:40', 198.02),
(31, '2024-05-18 05:51:13', 179.85),
(32, '2023-07-17 10:56:59', 214.72),
(32, '2023-08-10 17:47:02', 155.39),
(32, '2023-08-19 05:10:37', 173.05),
(32, '2023-09-08 12:13:15', 97.96),
(32, '2023-09-17 00:57:54', 155.12),
(32, '2023-10-21 09:59:49', 172.37),
(32, '2024-01-08 19:43:02', 197.83),
(32, '2024-03-10 04:56:24', 199.62),
(32, '2024-03-11 00:26:40', 131.52),
(32, '2024-05-22 17:00:27', 221.97),
(32, '2024-05-30 19:20:44', 189.46),
(33, '2023-06-14 18:57:28', 208.42),
(33, '2023-06-20 20:38:14', 145.40),
(33, '2023-08-13 21:24:07', 96.45),
(33, '2023-08-31 03:38:56', 101.39),
(33, '2023-10-06 10:16:30', 150.98),
(33, '2024-04-29 04:26:45', 194.28),
(34, '2023-10-07 11:46:43', 173.54),
(34, '2023-11-03 04:39:00', 81.26),
(34, '2023-11-28 20:10:01', 100.26),
(34, '2023-12-06 02:47:16', 116.98),
(34, '2023-12-22 16:53:33', 146.81),
(34, '2024-01-10 06:27:31', 165.41),
(35, '2023-08-06 15:01:41', 92.71),
(35, '2023-09-13 18:01:10', 241.90),
(35, '2024-05-06 02:23:58', 225.12),
(36, '2023-07-12 05:00:39', 207.20),
(36, '2023-07-13 16:50:52', 239.99),
(36, '2023-08-15 14:47:34', 103.38),
(36, '2023-10-07 19:28:29', 119.88),
(36, '2024-01-04 07:46:58', 89.56),
(36, '2024-03-28 11:28:42', 169.18),
(36, '2024-04-07 00:39:47', 233.19),
(36, '2024-05-11 02:48:12', 207.71),
(36, '2024-05-20 07:50:53', 150.72),
(37, '2023-07-19 22:23:44', 222.63),
(37, '2023-11-06 03:29:21', 204.03),
(37, '2024-01-07 00:06:42', 125.32),
(37, '2024-02-17 15:55:39', 188.97),
(37, '2024-04-06 05:55:03', 205.57),
(38, '2023-07-27 15:34:29', 198.41),
(38, '2023-08-12 18:14:44', 98.64),
(38, '2023-09-11 08:09:15', 130.78),
(38, '2023-09-25 11:50:00', 118.28),
(38, '2023-10-25 16:01:58', 181.84),
(38, '2023-11-03 17:12:40', 150.31),
(38, '2023-12-08 16:45:03', 70.60),
(38, '2024-02-21 11:16:54', 172.96),
(38, '2024-03-19 10:17:23', 202.39),
(38, '2024-03-25 20:13:18', 71.71),
(38, '2024-05-19 18:35:26', 117.96),
(39, '2023-06-04 19:25:01', 204.59),
(39, '2023-06-17 00:48:53', 100.92),
(39, '2023-07-09 17:56:39', 224.28),
(39, '2023-11-16 22:51:05', 207.49),
(39, '2023-12-21 08:50:09', 177.42),
(39, '2023-12-25 20:43:53', 176.41),
(39, '2024-01-22 03:48:08', 162.56),
(39, '2024-02-21 02:32:05', 126.64),
(39, '2024-04-15 15:20:48', 229.09),
(39, '2024-04-29 14:46:21', 140.50),
(39, '2024-05-24 19:40:04', 130.87),
(40, '2023-06-19 02:34:21', 158.50),
(40, '2023-07-11 03:40:12', 98.46),
(40, '2023-07-13 14:40:46', 189.38),
(40, '2023-09-20 08:53:51', 100.96),
(40, '2023-09-21 23:41:39', 135.80),
(40, '2023-10-20 14:54:00', 188.44),
(40, '2023-10-28 11:23:15', 223.26),
(40, '2023-11-20 21:13:19', 154.15),
(40, '2023-12-21 19:45:30', 92.89),
(40, '2024-01-31 02:23:17', 159.87),
(41, '2023-07-11 01:24:36', 247.63),
(41, '2023-08-01 21:08:30', 161.57),
(41, '2023-08-10 23:26:14', 176.63),
(41, '2023-09-16 05:11:21', 88.54),
(41, '2023-10-04 12:03:52', 174.26),
(41, '2023-10-19 11:23:04', 122.46),
(41, '2024-01-06 21:14:38', 235.31),
(41, '2024-02-06 04:17:37', 150.62),
(41, '2024-03-22 14:33:12', 169.79),
(42, '2023-09-27 14:59:47', 162.04),
(42, '2023-11-15 18:39:23', 129.63),
(42, '2023-12-10 09:46:11', 204.74),
(42, '2024-03-08 14:07:41', 136.09),
(42, '2024-05-01 13:33:05', 137.44),
(42, '2024-05-10 17:30:40', 205.80),
(43, '2023-06-14 08:33:55', 237.33),
(43, '2023-07-10 07:36:27', 163.57),
(43, '2023-07-19 17:07:01', 216.61),
(43, '2023-07-20 00:46:11', 233.74),
(43, '2023-07-29 04:46:01', 96.66),
(43, '2023-07-31 12:52:49', 131.33),
(43, '2023-08-09 10:22:03', 152.83),
(43, '2023-08-11 01:33:15', 157.97),
(43, '2023-11-29 00:13:42', 159.04),
(43, '2024-01-19 15:18:59', 93.42),
(43, '2024-02-21 14:41:01', 213.99),
(43, '2024-03-08 08:30:32', 229.19),
(43, '2024-04-19 17:40:24', 139.38),
(43, '2024-05-22 19:51:49', 111.33),
(44, '2023-07-29 17:16:23', 201.71),
(44, '2023-09-22 09:30:13', 90.35),
(44, '2023-12-29 03:18:16', 138.37),
(44, '2024-02-13 05:23:33', 233.22),
(44, '2024-03-09 13:17:20', 110.64),
(44, '2024-03-28 12:41:14', 192.06),
(44, '2024-05-16 05:11:06', 163.02),
(44, '2024-05-31 14:31:00', 186.70),
(45, '2023-06-11 08:10:44', 133.38),
(45, '2023-07-19 19:50:52', 142.30),
(45, '2023-10-26 16:31:39', 93.99),
(45, '2023-11-12 16:16:50', 226.43),
(45, '2023-12-21 09:17:18', 207.59),
(45, '2024-02-23 17:41:11', 159.80),
(45, '2024-04-14 23:58:57', 245.55),
(45, '2024-04-18 04:55:02', 136.68),
(45, '2024-04-22 05:29:29', 197.05),
(46, '2023-06-20 08:33:57', 174.10),
(46, '2023-09-07 15:16:30', 243.12),
(46, '2023-10-22 16:32:21', 211.87),
(46, '2023-11-22 22:00:54', 235.31),
(46, '2024-03-06 06:15:29', 160.02),
(46, '2024-04-21 23:57:36', 135.66),
(47, '2023-06-04 12:54:09', 204.99),
(47, '2023-08-01 18:14:46', 123.94),
(47, '2023-08-24 06:41:46', 154.75),
(47, '2023-09-21 03:45:32', 87.43),
(47, '2023-11-10 23:18:14', 102.26),
(47, '2024-03-22 20:57:42', 224.22),
(48, '2023-10-20 23:41:58', 163.80),
(48, '2024-01-03 19:27:43', 86.16),
(48, '2024-02-10 22:14:15', 202.66),
(48, '2024-05-05 22:42:05', 138.25),
(48, '2024-06-01 06:49:12', 224.46),
(49, '2023-06-18 20:33:42', 168.69),
(49, '2023-07-24 10:56:11', 212.64),
(49, '2023-09-02 18:04:23', 242.88),
(49, '2023-09-06 06:51:27', 210.10),
(49, '2023-09-09 04:42:31', 83.02),
(49, '2023-09-13 21:53:42', 188.37),
(49, '2023-09-14 08:04:12', 164.25),
(49, '2023-11-06 01:05:40', 90.54),
(49, '2023-12-07 06:23:20', 184.38),
(49, '2024-01-21 04:41:46', 81.31),
(49, '2024-01-26 13:30:31', 211.88),
(49, '2024-03-29 11:17:23', 176.49),
(49, '2024-05-15 12:08:10', 158.05),
(50, '2023-10-28 19:17:21', 219.07),
(50, '2023-10-30 05:48:00', 109.02),
(50, '2023-12-06 22:51:10', 163.39),
(50, '2024-03-02 07:06:43', 246.45),
(50, '2024-04-08 04:45:23', 114.28),
(50, '2024-05-21 10:44:25', 227.08),
(76, '2023-08-10 12:25:41', 86.20),
(76, '2023-09-04 21:47:44', 91.42),
(76, '2023-11-03 08:40:00', 235.10),
(76, '2023-11-23 16:13:45', 87.27),
(76, '2023-11-27 03:22:37', 123.91),
(76, '2024-01-24 04:50:05', 116.31),
(76, '2024-03-01 14:28:03', 219.83),
(76, '2024-04-03 23:07:13', 230.08),
(76, '2024-04-08 20:49:48', 212.53),
(76, '2024-05-13 13:30:36', 135.89),
(76, '2024-06-03 10:32:35', 207.98),
(77, '2023-08-12 07:28:38', 216.91),
(77, '2024-04-19 14:33:09', 207.04),
(77, '2024-05-20 06:20:57', 160.70),
(77, '2024-05-31 09:35:16', 141.44),
(78, '2023-06-14 11:59:04', 92.89),
(78, '2023-10-03 21:12:57', 192.39),
(78, '2023-10-08 17:47:17', 114.35),
(78, '2023-11-07 21:39:19', 180.05),
(78, '2023-12-28 22:58:45', 162.63),
(78, '2024-04-05 04:58:55', 191.66),
(78, '2024-05-07 05:32:39', 106.80),
(78, '2024-05-07 09:41:06', 101.66),
(79, '2023-06-20 14:33:29', 232.08),
(79, '2023-08-30 00:16:23', 216.84),
(79, '2023-09-23 23:38:33', 106.09),
(79, '2023-11-15 23:18:45', 74.41),
(79, '2024-03-05 08:58:42', 86.02),
(79, '2024-04-17 21:31:21', 167.92),
(80, '2023-06-20 19:22:16', 174.07),
(80, '2023-07-20 17:33:24', 142.14),
(80, '2023-09-07 09:11:57', 153.73),
(80, '2023-11-21 03:05:30', 185.23),
(80, '2023-12-04 16:47:55', 215.86),
(80, '2024-01-12 12:14:41', 101.66),
(80, '2024-02-29 07:02:46', 101.13),
(80, '2024-05-30 12:45:23', 206.63),
(81, '2023-08-01 18:44:14', 126.94),
(81, '2023-08-14 18:29:16', 203.72),
(81, '2023-08-14 19:38:56', 107.17),
(81, '2023-08-21 21:47:50', 170.34),
(81, '2023-09-02 15:53:49', 221.04),
(81, '2023-10-05 23:36:57', 243.81),
(81, '2023-11-26 16:58:48', 213.22),
(81, '2024-01-18 10:18:20', 164.68),
(81, '2024-04-10 15:08:57', 105.03),
(81, '2024-05-02 14:08:53', 117.35),
(81, '2024-05-15 10:05:59', 134.46),
(81, '2024-06-02 21:51:00', 211.41),
(82, '2023-06-26 00:15:55', 192.98),
(82, '2023-07-23 00:08:18', 228.89),
(82, '2023-10-20 04:00:14', 230.80),
(82, '2023-11-15 12:04:11', 81.85),
(82, '2023-11-23 21:15:05', 231.69),
(82, '2023-12-22 20:39:17', 169.89),
(82, '2024-03-23 17:22:54', 124.04),
(83, '2023-07-02 19:45:46', 166.88),
(83, '2023-07-17 07:06:04', 222.03),
(83, '2023-07-24 15:26:27', 172.68),
(83, '2023-12-04 15:52:28', 169.65),
(83, '2023-12-15 11:51:44', 170.77),
(83, '2024-01-23 18:40:07', 164.15),
(83, '2024-02-03 01:11:41', 189.82),
(83, '2024-05-14 22:45:06', 155.90),
(84, '2023-06-07 04:08:02', 237.25),
(84, '2023-06-11 07:44:11', 80.17),
(84, '2023-10-16 15:47:46', 110.48),
(84, '2023-11-01 04:46:02', 200.62),
(84, '2023-11-18 18:44:41', 223.65),
(84, '2023-12-06 23:25:40', 133.10),
(84, '2024-01-28 13:10:24', 85.24),
(84, '2024-02-01 02:21:34', 239.47),
(84, '2024-04-17 15:42:59', 136.66),
(84, '2024-04-21 00:03:25', 169.87),
(85, '2023-06-07 12:02:17', 102.40),
(85, '2023-07-06 21:36:25', 113.60),
(85, '2023-08-17 06:35:34', 198.98),
(85, '2023-08-26 18:58:50', 244.61),
(85, '2023-09-16 20:42:40', 140.15),
(85, '2023-09-20 10:01:04', 179.38),
(85, '2023-10-07 14:06:02', 124.47),
(85, '2023-11-17 13:00:25', 90.71),
(85, '2023-12-16 20:00:27', 224.22),
(85, '2024-01-11 13:19:14', 169.13),
(85, '2024-02-20 01:11:34', 143.70),
(85, '2024-03-12 11:17:54', 237.15),
(85, '2024-04-09 06:51:57', 117.68),
(85, '2024-04-18 15:34:30', 220.17),
(86, '2023-10-21 07:49:30', 211.71),
(86, '2023-11-19 03:18:31', 93.80),
(86, '2023-12-11 01:15:48', 105.12),
(86, '2024-01-07 14:03:02', 248.11),
(86, '2024-04-02 02:36:32', 215.69),
(86, '2024-05-09 04:23:17', 209.96),
(87, '2023-10-06 10:55:39', 179.99),
(87, '2023-10-18 20:20:14', 160.64),
(87, '2023-11-09 10:53:38', 173.40),
(87, '2023-11-14 06:51:08', 105.33),
(87, '2023-11-27 03:11:27', 184.04),
(87, '2023-12-22 18:09:31', 248.03),
(87, '2024-02-20 08:36:05', 240.60),
(87, '2024-02-21 11:40:34', 90.33),
(87, '2024-05-19 18:06:37', 155.71),
(88, '2023-08-17 00:21:11', 119.22),
(88, '2023-09-10 19:15:11', 178.01),
(88, '2023-11-29 13:43:31', 142.38),
(88, '2024-01-03 03:40:40', 206.09),
(88, '2024-03-24 18:58:34', 92.44),
(88, '2024-04-20 11:52:40', 119.93),
(89, '2023-10-30 11:59:13', 105.50),
(89, '2023-11-09 00:54:13', 240.52),
(89, '2023-11-10 12:49:58', 186.58),
(89, '2023-11-22 13:32:42', 79.03),
(89, '2023-12-19 09:07:00', 132.65),
(89, '2024-01-05 09:08:26', 190.79),
(89, '2024-01-09 21:18:02', 79.84),
(89, '2024-02-10 16:24:36', 163.00),
(89, '2024-02-27 17:15:55', 173.85),
(89, '2024-05-01 15:17:36', 115.89),
(90, '2023-06-11 19:42:56', 167.41),
(90, '2023-08-04 07:37:55', 128.48),
(90, '2023-08-24 04:55:50', 114.07),
(90, '2023-09-20 20:17:15', 236.71),
(90, '2023-10-28 05:48:30', 77.05),
(90, '2023-11-15 02:26:40', 87.55),
(90, '2023-11-30 20:34:35', 120.34),
(90, '2023-12-18 11:48:49', 78.89),
(90, '2024-03-11 02:55:25', 119.69),
(90, '2024-04-02 04:23:38', 170.40),
(90, '2024-04-24 05:00:48', 119.63),
(90, '2024-04-29 04:14:02', 159.60),
(91, '2023-06-22 07:43:09', 100.19),
(91, '2023-06-26 16:24:59', 164.45),
(91, '2023-07-01 07:14:57', 93.47),
(91, '2023-07-19 03:40:55', 99.11),
(91, '2023-09-16 15:29:45', 207.80),
(91, '2023-11-24 00:53:07', 107.09),
(91, '2024-01-28 15:11:29', 167.75),
(91, '2024-02-29 06:02:48', 180.99),
(91, '2024-03-13 08:21:52', 90.90),
(91, '2024-04-11 00:31:18', 103.11),
(92, '2023-06-03 22:32:01', 100.05),
(92, '2023-07-26 06:32:06', 244.45),
(92, '2023-09-23 13:24:45', 131.23),
(92, '2023-11-23 20:12:03', 128.72),
(92, '2023-12-09 05:33:32', 241.95),
(92, '2023-12-09 11:54:17', 177.07),
(92, '2023-12-23 08:33:02', 233.67),
(92, '2024-01-08 13:43:37', 129.14),
(92, '2024-03-08 13:26:02', 116.61),
(92, '2024-03-25 17:03:07', 77.55),
(92, '2024-03-28 10:56:27', 224.67),
(92, '2024-03-31 11:20:45', 168.42),
(92, '2024-04-08 12:47:56', 136.79),
(93, '2023-07-04 09:30:43', 237.20),
(93, '2023-09-26 04:48:30', 202.77),
(93, '2023-10-05 23:03:19', 195.73),
(93, '2024-05-16 09:56:21', 73.77),
(94, '2023-06-12 06:13:30', 246.47),
(94, '2023-07-11 14:35:51', 81.43),
(94, '2023-07-25 09:34:35', 197.08),
(94, '2023-09-22 18:49:18', 233.34),
(94, '2023-12-10 11:05:36', 142.53),
(94, '2023-12-11 14:28:34', 225.59),
(94, '2024-01-16 16:25:54', 189.54),
(94, '2024-01-17 10:51:49', 152.63),
(94, '2024-04-12 22:39:15', 138.28),
(94, '2024-04-18 18:10:05', 108.89),
(95, '2023-07-08 00:49:43', 205.90),
(95, '2023-08-09 04:33:26', 249.30),
(95, '2023-08-26 18:02:57', 229.48),
(95, '2023-11-18 02:56:53', 159.52),
(95, '2023-12-31 00:56:05', 226.61),
(95, '2024-02-01 21:48:55', 176.58),
(95, '2024-04-13 16:27:37', 197.20),
(95, '2024-04-21 08:20:43', 212.40),
(95, '2024-05-16 13:30:36', 92.18),
(96, '2023-07-24 16:11:45', 143.34),
(96, '2023-07-26 06:40:46', 212.70),
(96, '2023-10-24 19:28:43', 121.27),
(96, '2023-11-04 19:39:14', 120.40),
(96, '2023-12-24 22:42:26', 126.53),
(96, '2024-01-01 11:43:30', 90.12),
(96, '2024-02-13 11:18:04', 199.93),
(96, '2024-04-16 03:19:27', 152.53),
(96, '2024-05-21 23:20:56', 79.85),
(97, '2023-06-18 23:22:37', 205.52),
(97, '2023-07-16 10:16:41', 154.12),
(97, '2023-08-03 16:41:32', 131.58),
(97, '2023-08-07 18:54:57', 72.34),
(97, '2023-09-03 16:43:47', 110.85),
(97, '2023-12-03 13:34:48', 203.84),
(97, '2024-01-19 03:54:25', 164.73),
(97, '2024-02-09 07:08:33', 169.22),
(97, '2024-05-26 16:14:48', 126.03),
(97, '2024-06-03 06:11:20', 138.89),
(98, '2023-11-09 12:13:27', 176.26),
(98, '2023-12-09 22:28:16', 243.40),
(98, '2023-12-18 06:36:30', 243.02),
(98, '2024-01-03 05:30:38', 211.40),
(98, '2024-01-06 06:36:58', 200.54),
(98, '2024-01-22 03:13:56', 210.67),
(98, '2024-03-03 04:44:57', 165.49),
(98, '2024-03-06 05:42:39', 111.26),
(98, '2024-03-12 17:50:04', 140.93),
(98, '2024-05-25 09:18:30', 237.89),
(99, '2023-08-10 21:42:03', 215.23),
(99, '2023-09-05 03:10:38', 115.86),
(99, '2023-09-29 15:16:30', 127.04),
(99, '2023-10-07 12:21:49', 204.32),
(99, '2024-01-31 13:16:40', 216.03),
(99, '2024-03-26 07:28:51', 181.74),
(99, '2024-05-02 16:45:30', 201.51),
(99, '2024-05-25 20:54:53', 144.59),
(100, '2023-06-12 02:58:47', 185.76),
(100, '2024-01-22 01:09:51', 151.43),
(100, '2024-03-31 15:46:58', 178.77),
(100, '2024-05-30 05:45:10', 213.88),
(126, '2023-07-06 03:08:01', 205.70),
(126, '2023-07-31 10:54:39', 127.32),
(126, '2023-08-31 15:41:02', 189.96),
(126, '2023-09-11 07:48:36', 238.60),
(126, '2023-10-09 00:45:40', 118.95),
(126, '2023-10-12 11:57:34', 131.17),
(126, '2023-10-29 19:38:57', 112.30),
(126, '2023-10-31 07:00:58', 178.82),
(126, '2023-12-06 03:29:31', 191.74),
(126, '2024-02-26 13:16:30', 235.59),
(126, '2024-04-16 13:42:37', 98.93),
(126, '2024-05-20 10:27:23', 94.54),
(127, '2023-06-05 12:41:16', 114.74),
(127, '2023-06-12 23:15:54', 102.19),
(127, '2023-08-06 19:36:07', 94.11),
(127, '2023-08-25 04:38:32', 127.45),
(127, '2023-08-31 02:06:09', 149.27),
(127, '2023-10-28 08:25:52', 227.06),
(127, '2023-12-30 10:15:04', 230.68),
(127, '2024-01-19 20:14:32', 189.37),
(127, '2024-01-22 01:23:15', 148.05),
(127, '2024-03-01 18:28:53', 143.46),
(127, '2024-05-25 03:25:44', 215.22),
(127, '2024-05-31 14:23:07', 87.08),
(128, '2023-09-21 12:23:26', 110.96),
(128, '2024-01-01 06:06:03', 85.06),
(128, '2024-01-07 03:38:35', 199.50),
(128, '2024-01-21 08:50:05', 110.01),
(128, '2024-02-03 22:12:33', 186.19),
(128, '2024-03-07 21:08:28', 119.91),
(128, '2024-03-26 15:31:29', 218.75),
(128, '2024-05-27 23:24:38', 98.45),
(129, '2023-06-19 06:47:11', 123.48),
(129, '2023-07-08 04:45:49', 121.79),
(129, '2023-08-30 22:48:52', 211.83),
(129, '2023-11-14 17:24:37', 155.05),
(129, '2023-11-30 16:53:30', 173.55),
(129, '2023-12-01 01:00:43', 233.62),
(129, '2024-01-11 01:05:30', 89.14),
(129, '2024-02-17 08:13:44', 173.71),
(129, '2024-03-05 23:19:49', 76.56),
(129, '2024-03-23 17:50:50', 127.12),
(129, '2024-04-21 18:26:40', 175.94),
(129, '2024-04-21 20:21:48', 143.36),
(129, '2024-05-19 15:16:38', 233.04),
(130, '2023-06-19 19:56:53', 130.59),
(130, '2023-08-25 10:25:50', 130.22),
(130, '2023-11-17 20:06:42', 142.82),
(130, '2023-12-22 07:09:56', 243.48),
(130, '2024-01-03 22:55:40', 169.21),
(130, '2024-02-06 20:22:23', 71.03),
(130, '2024-03-20 19:26:31', 186.88),
(130, '2024-04-07 06:37:01', 141.48),
(131, '2023-06-08 09:30:41', 126.89),
(131, '2023-06-24 16:45:07', 153.62),
(131, '2023-11-26 04:05:36', 70.84),
(131, '2024-01-03 09:56:30', 244.30),
(131, '2024-01-26 07:38:23', 200.92),
(131, '2024-03-12 02:04:20', 202.20),
(131, '2024-04-26 17:35:02', 195.56),
(131, '2024-05-16 07:31:18', 212.18),
(132, '2023-06-10 00:20:18', 162.40),
(132, '2023-08-10 11:19:27', 208.55),
(132, '2023-08-14 08:12:15', 182.70),
(132, '2023-08-27 01:13:56', 192.21),
(132, '2023-09-18 02:02:37', 175.93),
(132, '2023-10-27 16:37:42', 242.16),
(132, '2023-11-23 05:17:17', 125.68),
(132, '2023-12-23 06:10:03', 139.56),
(132, '2024-03-26 10:05:40', 208.66),
(132, '2024-04-06 18:23:26', 205.77),
(132, '2024-04-28 22:27:21', 224.16),
(132, '2024-05-09 00:08:45', 147.26),
(133, '2023-06-13 16:14:57', 153.04),
(133, '2023-08-25 15:22:14', 119.27),
(133, '2023-08-26 05:26:40', 236.44),
(133, '2023-12-10 02:56:01', 105.23),
(133, '2023-12-23 05:41:52', 166.82),
(133, '2024-02-27 10:42:49', 229.94),
(133, '2024-03-23 07:47:36', 122.31),
(133, '2024-03-31 19:49:52', 246.05),
(134, '2023-07-27 05:33:53', 115.72),
(134, '2023-07-30 02:45:50', 88.46),
(134, '2023-08-18 03:56:16', 132.60),
(134, '2023-08-22 13:10:04', 95.20),
(134, '2023-11-10 22:33:19', 160.35),
(134, '2023-11-22 18:30:35', 238.00),
(134, '2023-12-06 09:39:17', 185.51),
(134, '2023-12-13 14:06:49', 158.65),
(134, '2024-02-07 19:21:03', 227.16),
(134, '2024-04-20 14:41:05', 242.73),
(134, '2024-05-15 03:15:15', 200.64),
(135, '2023-06-20 06:25:43', 200.60),
(135, '2023-07-12 08:18:12', 196.70),
(135, '2023-10-27 16:09:17', 223.79),
(135, '2023-11-05 01:00:20', 197.49),
(135, '2024-03-19 19:45:42', 89.53),
(135, '2024-04-21 13:46:06', 88.39),
(135, '2024-05-02 09:54:14', 130.95),
(136, '2023-09-30 09:25:32', 74.26),
(136, '2023-11-06 09:43:50', 181.94),
(136, '2023-11-30 00:12:15', 133.34),
(136, '2023-12-20 13:18:26', 139.24),
(136, '2024-01-23 01:04:09', 71.08),
(136, '2024-04-01 00:40:54', 201.95),
(136, '2024-04-24 10:05:23', 78.29),
(136, '2024-05-05 12:04:27', 183.34),
(136, '2024-05-25 04:03:21', 148.97),
(136, '2024-05-29 05:01:53', 139.41),
(137, '2023-07-11 19:57:11', 97.97),
(137, '2023-08-09 14:39:22', 74.64),
(137, '2023-09-02 22:39:30', 192.56),
(137, '2023-09-19 11:19:18', 159.27),
(137, '2024-02-25 01:37:27', 159.47),
(137, '2024-05-26 15:22:40', 210.26),
(138, '2023-06-19 17:30:29', 154.06),
(138, '2023-06-26 19:34:59', 142.06),
(138, '2023-08-11 03:22:10', 122.57),
(138, '2024-01-04 21:05:13', 239.20),
(138, '2024-01-09 20:32:10', 192.05),
(138, '2024-01-24 15:47:25', 222.86),
(138, '2024-03-05 16:20:36', 166.81),
(139, '2023-06-21 15:32:30', 96.22),
(139, '2023-06-30 07:23:32', 101.58),
(139, '2023-08-02 19:51:39', 89.18),
(139, '2023-10-22 22:56:34', 193.34),
(139, '2023-12-20 10:40:07', 221.20),
(139, '2023-12-21 23:30:45', 77.72),
(139, '2024-02-19 15:19:06', 75.33),
(139, '2024-03-18 08:17:31', 97.25),
(139, '2024-04-10 00:22:37', 185.80),
(139, '2024-05-10 18:47:42', 102.34),
(140, '2023-08-15 22:11:54', 89.89),
(140, '2023-09-12 14:27:36', 152.40),
(140, '2023-10-06 20:21:06', 222.79),
(140, '2024-01-06 22:10:38', 220.82),
(140, '2024-02-08 01:00:05', 94.94),
(140, '2024-02-23 14:18:18', 234.80),
(141, '2023-09-02 10:01:38', 226.30),
(141, '2024-01-15 09:06:16', 162.50),
(141, '2024-02-29 07:29:00', 191.31),
(141, '2024-03-08 15:17:11', 170.07),
(141, '2024-03-24 04:14:13', 176.96),
(141, '2024-03-30 02:58:28', 115.83),
(141, '2024-05-29 01:54:42', 119.79),
(142, '2023-06-08 21:22:15', 205.37),
(142, '2023-07-11 10:15:29', 192.06),
(142, '2023-08-03 13:58:48', 83.40),
(142, '2023-09-29 11:19:04', 238.21),
(142, '2023-10-05 19:12:44', 145.61),
(142, '2023-10-12 16:08:35', 168.30),
(142, '2023-11-26 02:09:38', 83.23),
(142, '2023-12-24 06:24:27', 212.79),
(142, '2024-01-02 17:48:08', 221.68),
(142, '2024-01-24 21:39:45', 86.45),
(142, '2024-02-20 22:34:50', 145.25),
(142, '2024-04-10 23:17:30', 102.84),
(143, '2023-06-12 04:42:37', 105.86),
(143, '2023-07-11 16:11:02', 235.01),
(143, '2023-08-12 15:20:15', 217.35),
(143, '2023-09-08 23:01:24', 111.70),
(143, '2023-09-11 06:20:05', 117.95),
(143, '2023-09-17 22:43:01', 218.30),
(143, '2023-10-12 02:06:33', 182.56),
(143, '2023-11-04 05:05:46', 207.05),
(143, '2023-11-20 20:35:37', 113.03),
(143, '2023-12-10 07:40:49', 75.21),
(143, '2024-01-09 09:57:51', 214.21),
(143, '2024-03-07 00:04:43', 117.32),
(143, '2024-03-12 16:22:22', 239.36),
(143, '2024-03-26 06:12:53', 95.83),
(143, '2024-05-16 10:45:34', 161.27),
(144, '2023-06-04 11:46:52', 194.42),
(144, '2023-07-19 02:28:23', 185.39),
(144, '2023-08-13 00:06:42', 178.78),
(144, '2023-09-16 13:57:39', 141.50),
(144, '2023-10-28 12:51:31', 148.76),
(144, '2023-11-12 08:40:30', 210.34),
(144, '2023-12-10 13:15:37', 231.96),
(144, '2024-01-10 04:22:52', 208.67),
(144, '2024-02-14 04:15:11', 160.97),
(144, '2024-05-24 16:02:02', 184.96),
(144, '2024-05-26 01:38:12', 165.21),
(145, '2023-10-24 04:40:06', 113.26),
(145, '2023-10-25 02:58:44', 173.07),
(145, '2023-11-15 22:45:04', 221.40),
(145, '2023-11-24 21:22:47', 105.16),
(145, '2023-12-22 20:17:09', 140.37),
(145, '2024-02-18 05:27:26', 209.15),
(145, '2024-02-20 20:18:58', 120.03),
(145, '2024-02-22 11:32:01', 170.23),
(146, '2023-06-23 07:55:54', 211.23),
(146, '2023-08-29 15:04:54', 241.31),
(146, '2023-10-02 04:55:40', 135.85),
(146, '2023-11-11 01:09:30', 185.18),
(146, '2023-12-26 23:36:16', 102.28),
(146, '2024-02-23 16:23:20', 216.07),
(146, '2024-03-01 05:41:11', 74.59),
(146, '2024-04-20 09:52:02', 195.24),
(146, '2024-06-03 00:43:20', 181.86),
(147, '2023-07-05 15:07:41', 140.58),
(147, '2023-07-28 23:40:31', 207.34),
(147, '2023-11-02 10:27:41', 93.24),
(147, '2023-11-12 00:15:56', 229.25),
(147, '2023-12-31 13:00:10', 164.19),
(147, '2024-01-01 01:35:29', 137.21),
(147, '2024-01-09 13:39:47', 90.62),
(147, '2024-04-15 00:30:21', 80.20),
(147, '2024-04-27 11:09:09', 191.95),
(148, '2023-06-24 20:12:35', 220.31),
(148, '2023-07-25 03:22:29', 126.64),
(148, '2023-08-25 14:27:25', 179.44),
(148, '2023-08-30 22:15:18', 219.31),
(148, '2023-09-12 16:32:07', 233.89),
(148, '2023-09-16 13:19:27', 181.57),
(148, '2023-09-22 06:18:04', 188.29),
(148, '2023-11-03 14:55:15', 191.77),
(148, '2024-01-31 19:16:37', 97.80),
(148, '2024-03-03 06:50:17', 237.69),
(149, '2023-06-14 07:27:35', 198.09),
(149, '2023-07-13 19:23:29', 213.98),
(149, '2023-07-15 18:27:20', 240.13),
(149, '2023-11-03 02:21:25', 196.34),
(149, '2024-03-19 19:23:42', 74.92),
(149, '2024-05-16 13:23:23', 101.42),
(150, '2023-06-16 22:19:18', 100.14),
(150, '2023-07-10 20:39:08', 180.06),
(150, '2023-08-23 20:33:21', 246.53),
(150, '2023-10-08 11:56:50', 179.10),
(150, '2023-10-27 03:19:51', 249.60),
(150, '2023-11-18 00:33:45', 160.01),
(150, '2023-11-21 12:37:51', 198.42),
(150, '2023-12-13 23:31:38', 214.02),
(150, '2023-12-31 10:54:29', 164.16),
(150, '2024-02-02 08:48:21', 145.60),
(150, '2024-03-07 22:31:26', 164.97),
(150, '2024-03-19 20:18:49', 224.64),
(150, '2024-03-26 16:48:03', 71.27),
(151, '2023-07-09 11:51:11', 214.52),
(151, '2023-10-05 04:55:15', 85.43),
(151, '2023-12-23 05:56:56', 175.08),
(151, '2024-01-13 13:46:37', 89.34),
(151, '2024-01-14 06:39:53', 135.39),
(152, '2023-07-04 12:35:08', 117.74),
(152, '2023-10-21 19:30:21', 212.88),
(152, '2023-11-01 10:58:01', 193.37),
(152, '2023-12-09 05:00:28', 115.08),
(152, '2024-01-06 18:56:52', 107.07),
(152, '2024-03-06 21:04:46', 73.70),
(152, '2024-03-08 10:47:40', 92.26),
(152, '2024-04-22 23:09:36', 190.41),
(152, '2024-05-09 00:41:20', 139.23),
(152, '2024-05-26 13:29:22', 157.77),
(153, '2023-08-17 01:41:30', 241.45),
(153, '2023-09-03 10:09:10', 164.34),
(153, '2023-09-13 23:29:31', 212.31),
(153, '2023-10-16 10:58:46', 189.99),
(153, '2023-11-18 23:36:39', 101.12),
(153, '2024-01-16 14:11:03', 230.15),
(153, '2024-03-02 09:07:34', 125.06),
(153, '2024-05-05 08:43:10', 243.69),
(154, '2023-07-18 11:43:14', 209.25),
(154, '2023-10-24 10:14:44', 112.97),
(154, '2024-01-17 03:04:56', 93.65),
(154, '2024-01-27 23:54:19', 194.01),
(154, '2024-02-13 11:33:55', 99.58),
(154, '2024-04-13 19:43:18', 111.39),
(154, '2024-04-21 14:44:27', 126.03),
(155, '2023-06-23 01:16:58', 232.65),
(155, '2023-08-13 05:39:35', 132.11),
(155, '2023-08-19 07:02:39', 181.94),
(155, '2023-09-18 11:37:09', 166.84),
(155, '2023-11-05 19:08:03', 183.55),
(155, '2023-11-28 12:12:56', 248.68),
(155, '2024-01-01 18:32:32', 195.05),
(155, '2024-01-09 22:39:10', 86.08),
(155, '2024-03-27 11:42:54', 212.01),
(155, '2024-04-04 20:08:52', 182.69),
(155, '2024-04-11 01:28:37', 78.13),
(155, '2024-05-02 23:39:21', 98.20),
(156, '2023-07-07 05:35:06', 181.37),
(156, '2023-08-12 18:48:48', 138.42),
(156, '2023-08-19 18:56:00', 206.36),
(156, '2023-10-06 13:34:09', 140.54),
(156, '2023-12-01 05:46:03', 131.50),
(156, '2023-12-13 04:40:13', 231.48),
(157, '2023-06-17 21:26:00', 200.45),
(157, '2023-07-02 10:57:35', 178.37),
(157, '2023-09-10 03:57:49', 211.33),
(157, '2023-12-26 16:44:09', 196.09),
(157, '2024-01-16 06:33:59', 155.44),
(157, '2024-03-24 06:51:23', 89.18),
(157, '2024-04-23 14:10:20', 182.19),
(158, '2023-06-10 15:15:26', 158.94),
(158, '2023-11-02 07:22:54', 246.75),
(158, '2023-11-19 15:37:20', 117.17),
(158, '2023-11-20 18:40:44', 79.06),
(158, '2024-01-10 01:31:44', 161.10),
(158, '2024-01-26 11:02:52', 184.54),
(158, '2024-02-21 13:12:27', 121.28),
(158, '2024-03-13 06:11:20', 101.67),
(158, '2024-05-29 21:35:00', 120.74),
(159, '2023-08-19 01:53:41', 131.46),
(159, '2023-09-18 14:15:10', 205.98),
(159, '2023-10-05 03:50:45', 124.43),
(159, '2023-10-08 04:54:11', 155.55),
(159, '2023-10-12 23:24:27', 81.31),
(159, '2023-11-03 13:33:09', 127.15),
(159, '2024-02-22 11:25:06', 175.02),
(159, '2024-05-02 13:43:59', 140.58),
(159, '2024-05-03 00:06:38', 169.61),
(160, '2023-06-11 23:38:19', 241.86),
(160, '2023-09-04 09:50:14', 228.61),
(160, '2023-09-25 03:06:25', 180.27),
(160, '2023-10-04 08:15:32', 118.09),
(160, '2023-11-05 21:02:38', 200.41),
(160, '2023-11-06 15:46:18', 192.73),
(160, '2023-12-27 12:04:41', 168.35),
(160, '2024-02-03 16:32:16', 82.94),
(160, '2024-02-16 13:16:04', 176.43),
(160, '2024-03-10 22:27:54', 151.30),
(160, '2024-03-11 14:01:18', 143.06),
(160, '2024-04-26 10:20:41', 225.76),
(160, '2024-05-09 07:35:32', 171.91),
(161, '2023-08-09 09:31:29', 148.04),
(161, '2023-10-04 22:58:07', 237.45),
(161, '2023-10-23 20:26:20', 192.56),
(161, '2023-10-28 19:13:23', 244.36),
(161, '2023-11-09 02:50:08', 129.21),
(161, '2023-12-26 13:05:43', 180.01),
(161, '2024-01-18 10:52:56', 175.69),
(161, '2024-01-21 10:34:57', 203.88),
(161, '2024-02-17 17:37:23', 162.01),
(161, '2024-02-24 05:17:22', 227.92),
(161, '2024-04-06 21:43:11', 178.75),
(161, '2024-04-15 04:30:07', 162.96),
(162, '2023-09-27 13:47:08', 118.96),
(162, '2023-11-17 10:56:37', 84.37),
(162, '2023-11-18 19:13:10', 131.14),
(162, '2023-11-24 01:08:13', 176.38),
(162, '2023-12-14 19:29:46', 243.51),
(162, '2024-03-22 08:55:08', 146.30),
(162, '2024-04-13 08:39:45', 205.86),
(162, '2024-04-28 07:12:08', 180.52),
(163, '2023-09-24 16:03:05', 70.01),
(163, '2024-01-04 19:16:26', 75.32),
(163, '2024-04-20 15:46:18', 245.69),
(164, '2023-06-11 11:19:40', 240.97),
(164, '2023-07-07 05:26:19', 218.19),
(164, '2023-07-16 00:50:28', 105.46),
(164, '2023-09-04 22:05:05', 105.65),
(164, '2023-09-24 02:51:08', 124.09),
(164, '2023-10-09 14:17:36', 172.16),
(164, '2023-11-24 14:47:46', 145.93),
(164, '2024-01-04 07:35:16', 243.47),
(164, '2024-01-09 02:32:28', 119.89),
(164, '2024-01-10 22:12:53', 77.54),
(164, '2024-01-19 01:52:13', 224.91),
(164, '2024-01-25 20:47:00', 107.29),
(164, '2024-02-27 06:35:24', 177.08),
(164, '2024-03-23 11:31:12', 75.83),
(164, '2024-05-17 19:30:18', 160.55),
(165, '2023-08-18 22:00:01', 85.96),
(165, '2023-10-11 17:32:22', 87.73),
(165, '2023-10-24 13:26:08', 201.75),
(165, '2024-02-12 18:01:23', 87.19),
(165, '2024-03-31 13:56:54', 90.70),
(165, '2024-04-12 21:30:56', 147.05),
(166, '2023-06-14 08:09:40', 83.11),
(166, '2023-07-05 09:23:38', 190.84),
(166, '2023-09-13 14:41:25', 160.03),
(166, '2023-09-30 09:01:50', 194.31),
(166, '2023-10-01 20:25:32', 110.42),
(166, '2024-02-10 04:26:51', 167.38),
(166, '2024-02-11 23:47:00', 237.80),
(166, '2024-02-12 06:39:08', 180.00),
(166, '2024-04-05 16:07:19', 248.48),
(166, '2024-06-02 04:15:59', 140.34),
(167, '2023-07-04 15:45:42', 71.53),
(167, '2023-07-14 15:55:45', 79.32),
(167, '2023-08-14 15:53:16', 246.06),
(167, '2023-11-29 08:52:43', 98.13),
(167, '2023-12-29 12:43:13', 102.64),
(167, '2024-01-29 01:35:13', 149.48),
(167, '2024-02-15 05:30:10', 147.25),
(167, '2024-02-22 14:56:20', 168.23),
(167, '2024-02-27 23:54:37', 238.26),
(168, '2023-06-25 17:14:42', 205.45),
(168, '2023-07-15 15:03:16', 246.17),
(168, '2023-07-23 18:43:37', 136.75),
(168, '2023-08-13 00:45:39', 126.00),
(168, '2023-11-02 17:39:25', 231.45),
(168, '2023-11-21 07:38:56', 167.93),
(168, '2024-01-04 22:31:06', 114.17),
(168, '2024-01-09 06:40:13', 208.45),
(168, '2024-01-24 10:28:50', 170.60),
(168, '2024-03-02 14:37:14', 247.12),
(168, '2024-04-24 23:39:02', 136.26),
(169, '2023-06-13 13:57:46', 119.52),
(169, '2023-06-24 05:34:47', 132.46),
(169, '2023-09-21 16:02:01', 81.49),
(169, '2023-09-25 00:54:30', 178.49),
(169, '2023-12-16 16:04:53', 124.38),
(169, '2024-01-22 04:44:45', 167.33),
(169, '2024-03-03 19:15:44', 93.38),
(169, '2024-03-14 23:46:02', 248.34),
(169, '2024-04-01 06:32:28', 214.65),
(170, '2023-06-17 01:51:48', 93.63),
(170, '2023-06-26 21:40:08', 202.18),
(170, '2023-07-16 20:06:44', 186.60),
(170, '2023-07-28 09:50:12', 130.23),
(170, '2023-09-05 23:31:15', 103.69),
(170, '2023-09-17 18:16:27', 89.62),
(170, '2024-01-16 14:08:33', 246.50),
(170, '2024-01-18 18:18:44', 182.00),
(170, '2024-02-13 19:11:28', 220.60),
(171, '2023-08-12 10:14:50', 162.18),
(171, '2023-08-18 20:03:30', 108.03),
(171, '2023-10-05 04:49:15', 184.35),
(171, '2024-03-06 05:44:09', 243.85),
(171, '2024-05-06 19:55:43', 220.41),
(171, '2024-05-28 02:33:53', 140.89),
(172, '2023-06-28 23:46:06', 98.01),
(172, '2023-07-08 18:01:12', 229.42),
(172, '2023-07-23 13:41:12', 107.78),
(172, '2023-08-01 09:26:17', 161.20),
(172, '2023-08-03 08:51:45', 190.70),
(172, '2023-10-13 15:21:19', 236.00),
(172, '2023-10-26 19:23:04', 96.85),
(172, '2023-11-13 12:31:51', 219.92),
(172, '2023-11-18 23:12:06', 70.91),
(172, '2023-12-17 03:33:37', 220.86),
(172, '2024-01-27 02:49:01', 187.48),
(172, '2024-04-27 05:53:35', 249.46),
(172, '2024-05-08 19:13:28', 139.82),
(172, '2024-05-27 03:09:53', 210.11),
(173, '2023-07-30 18:34:15', 105.01),
(173, '2023-08-25 04:36:26', 181.59),
(173, '2023-11-01 15:10:19', 182.17),
(173, '2024-01-06 10:48:48', 151.15),
(173, '2024-02-21 09:27:41', 161.83),
(173, '2024-05-10 03:15:55', 235.42),
(173, '2024-05-25 22:01:28', 233.17),
(173, '2024-05-30 18:06:41', 95.49),
(174, '2023-08-13 16:52:43', 218.58),
(174, '2023-09-14 14:39:40', 157.25),
(174, '2023-09-30 13:03:44', 229.49),
(174, '2023-10-03 06:41:32', 241.61),
(174, '2024-01-21 17:57:46', 180.01),
(174, '2024-03-03 11:41:55', 148.79),
(174, '2024-03-30 06:07:30', 143.81),
(174, '2024-04-06 08:01:29', 70.87),
(174, '2024-04-26 12:53:00', 235.88),
(175, '2023-09-19 03:59:24', 204.62),
(175, '2023-09-20 04:13:06', 192.90),
(175, '2023-11-01 04:57:41', 125.80),
(175, '2023-12-02 20:07:54', 96.12),
(175, '2024-02-29 23:56:01', 220.83),
(175, '2024-03-28 00:01:06', 217.42),
(175, '2024-05-12 08:42:05', 117.94),
(201, '2023-10-04 11:19:58', 203.93),
(201, '2023-10-12 23:10:58', 188.34),
(201, '2023-10-19 10:45:41', 135.89),
(201, '2023-11-10 22:28:11', 94.37),
(201, '2023-12-29 11:44:01', 129.68),
(201, '2024-02-15 00:44:14', 202.62),
(201, '2024-03-26 02:34:16', 170.81),
(201, '2024-04-27 06:25:50', 114.60),
(201, '2024-05-25 16:59:20', 167.67),
(202, '2023-06-17 17:02:10', 235.31),
(202, '2023-06-23 12:30:29', 160.21),
(202, '2023-06-27 00:19:07', 133.94),
(202, '2023-07-28 05:58:19', 247.58),
(202, '2023-08-14 18:11:55', 248.65),
(202, '2023-09-17 17:47:16', 105.76),
(202, '2023-11-13 04:37:05', 222.04),
(202, '2023-12-30 19:51:17', 248.98),
(202, '2024-01-17 23:26:17', 94.35),
(202, '2024-02-22 22:56:31', 177.74),
(202, '2024-04-23 08:05:18', 151.84),
(203, '2023-07-01 05:26:48', 121.63),
(203, '2023-07-08 04:22:26', 74.28),
(203, '2023-08-07 17:58:31', 185.37),
(203, '2023-08-26 20:33:30', 104.48),
(203, '2023-09-18 08:17:45', 170.15),
(203, '2023-09-28 22:55:55', 220.43),
(203, '2023-10-02 13:39:34', 133.42),
(203, '2023-10-18 12:50:08', 194.45),
(203, '2023-12-16 17:03:05', 72.60),
(203, '2024-03-20 05:35:04', 206.75),
(203, '2024-04-04 08:20:53', 106.52),
(203, '2024-04-12 19:03:28', 74.93),
(203, '2024-04-20 21:22:45', 209.14),
(203, '2024-05-09 02:31:21', 93.28),
(204, '2023-06-17 21:46:34', 119.05),
(204, '2023-07-01 05:49:44', 248.62),
(204, '2023-07-09 06:50:20', 192.88),
(204, '2023-07-26 01:41:55', 194.96),
(204, '2023-09-20 09:45:49', 88.44),
(204, '2023-11-16 03:39:54', 125.33),
(204, '2023-11-30 08:28:04', 205.95),
(204, '2023-12-19 17:56:53', 112.47),
(204, '2024-04-08 05:03:41', 172.40),
(204, '2024-05-03 21:28:14', 130.68),
(204, '2024-05-31 03:01:17', 165.37),
(205, '2023-08-04 11:40:21', 246.73),
(205, '2023-10-23 20:16:16', 112.13),
(205, '2023-12-29 19:42:55', 109.35),
(205, '2023-12-31 11:46:06', 225.80),
(205, '2024-02-09 14:27:15', 137.81),
(205, '2024-03-06 15:04:38', 127.86),
(205, '2024-03-09 03:20:37', 91.22),
(205, '2024-05-18 18:03:31', 80.61),
(205, '2024-05-31 01:53:36', 118.62),
(206, '2023-09-03 12:13:33', 197.05),
(206, '2023-10-20 20:19:57', 82.76),
(206, '2023-11-10 05:00:44', 220.69),
(206, '2023-11-13 01:08:26', 129.60),
(206, '2023-12-27 09:53:33', 214.60),
(206, '2024-02-18 13:24:33', 209.88),
(206, '2024-02-24 10:51:13', 84.84),
(206, '2024-04-08 15:34:52', 138.42),
(207, '2023-06-25 07:51:10', 167.37),
(207, '2023-06-27 02:14:40', 116.59),
(207, '2023-07-23 13:56:50', 238.80),
(207, '2023-08-15 23:31:38', 219.05),
(207, '2023-08-17 08:19:19', 184.29),
(207, '2023-08-22 23:33:13', 231.91),
(207, '2023-09-21 20:22:22', 157.33),
(207, '2023-09-24 05:16:08', 166.18),
(207, '2023-12-11 07:18:35', 190.28),
(207, '2024-02-22 05:31:29', 181.28),
(207, '2024-02-24 21:46:36', 123.61),
(207, '2024-05-29 07:41:09', 87.49),
(208, '2023-09-30 09:05:22', 180.10),
(208, '2023-11-18 22:23:55', 236.93),
(208, '2024-01-23 10:19:44', 92.50),
(208, '2024-03-14 11:51:15', 129.98),
(209, '2023-06-17 14:13:38', 70.89),
(209, '2023-08-01 16:38:40', 164.06),
(209, '2023-08-07 01:34:01', 98.00),
(209, '2024-01-06 19:02:06', 74.95),
(209, '2024-02-04 04:36:09', 101.41),
(209, '2024-03-06 00:12:29', 162.94),
(209, '2024-05-28 14:47:05', 167.44),
(210, '2023-06-08 12:11:49', 179.76),
(210, '2023-06-09 06:31:19', 240.35),
(210, '2023-07-02 07:58:13', 114.89),
(210, '2023-07-24 09:42:21', 189.19),
(210, '2023-07-29 06:48:53', 133.23),
(210, '2023-09-13 15:45:58', 182.63),
(210, '2023-10-28 19:08:53', 211.88),
(210, '2023-11-18 13:15:52', 145.45),
(210, '2023-11-26 23:27:15', 209.81),
(210, '2023-12-15 13:42:57', 70.71),
(210, '2024-02-25 13:21:08', 83.29),
(210, '2024-04-27 02:21:13', 221.27),
(210, '2024-04-28 14:05:01', 74.87),
(210, '2024-05-10 18:42:54', 221.26),
(211, '2023-08-07 19:50:26', 134.30),
(211, '2023-08-29 11:49:27', 217.97),
(211, '2023-09-24 16:51:19', 156.60),
(211, '2023-10-17 07:04:25', 73.30),
(211, '2023-11-16 11:01:21', 83.93),
(211, '2023-11-25 22:29:16', 187.46),
(211, '2023-12-15 04:30:29', 124.80),
(211, '2024-01-20 06:43:14', 172.50),
(211, '2024-02-15 15:42:25', 84.53),
(211, '2024-05-17 15:24:47', 238.26),
(212, '2023-06-09 07:31:47', 143.87),
(212, '2023-06-14 03:58:13', 112.62),
(212, '2023-08-16 10:23:33', 200.47),
(212, '2023-09-30 23:35:55', 241.28),
(212, '2023-12-30 07:51:40', 127.12),
(212, '2024-03-11 19:38:19', 134.29),
(213, '2023-07-16 22:08:24', 227.38),
(213, '2023-07-21 05:50:34', 226.91),
(213, '2023-08-06 07:56:49', 155.63),
(213, '2023-08-23 05:05:51', 162.15),
(213, '2023-11-11 08:15:33', 217.97),
(213, '2024-02-06 22:33:13', 217.22),
(213, '2024-04-10 13:39:44', 155.30),
(214, '2023-06-23 06:19:36', 239.56),
(214, '2023-07-15 06:37:59', 148.88),
(214, '2023-08-12 15:19:30', 237.08),
(214, '2023-08-28 11:21:05', 156.23),
(214, '2024-01-08 09:05:33', 208.97),
(214, '2024-02-08 18:48:32', 211.29),
(214, '2024-02-28 14:03:11', 161.94),
(214, '2024-05-04 03:50:09', 219.05),
(215, '2023-06-21 01:43:25', 199.94),
(215, '2023-06-28 14:43:00', 72.05),
(215, '2023-07-04 02:24:02', 125.19),
(215, '2023-07-14 21:31:33', 98.07),
(215, '2023-09-25 22:50:33', 248.66),
(215, '2023-11-10 05:56:11', 99.87),
(215, '2024-03-17 12:45:09', 236.07),
(215, '2024-04-08 16:30:46', 214.54),
(215, '2024-05-07 16:26:11', 169.83),
(215, '2024-05-11 15:52:20', 169.26),
(216, '2023-07-31 02:06:54', 222.04),
(216, '2023-09-19 00:43:23', 79.42),
(216, '2023-11-07 21:42:46', 85.65),
(216, '2023-12-02 14:11:15', 131.69),
(216, '2023-12-07 21:42:35', 168.12),
(216, '2023-12-28 23:58:25', 89.31),
(216, '2024-01-27 05:23:25', 100.10),
(216, '2024-03-23 01:46:04', 206.92),
(216, '2024-05-17 06:56:33', 199.83),
(217, '2023-07-17 07:30:46', 241.37),
(217, '2023-07-28 05:45:22', 81.41),
(217, '2023-09-20 12:47:59', 102.44),
(217, '2023-09-24 20:11:41', 248.70),
(217, '2023-10-20 20:17:14', 239.24),
(217, '2023-11-03 05:05:44', 118.14),
(217, '2023-11-17 04:13:41', 76.01),
(217, '2024-01-14 23:36:35', 159.28),
(217, '2024-02-17 06:32:33', 178.40),
(217, '2024-03-16 15:35:16', 140.52),
(217, '2024-04-13 15:41:18', 177.93),
(217, '2024-05-23 05:00:10', 95.97),
(217, '2024-05-27 14:31:46', 205.10),
(218, '2023-07-01 23:15:25', 203.20),
(218, '2023-07-13 17:41:09', 79.59),
(218, '2023-08-06 07:45:14', 147.00),
(218, '2023-10-22 05:18:47', 142.53),
(218, '2023-11-01 11:05:08', 138.80),
(218, '2023-12-04 19:54:39', 110.26),
(218, '2023-12-29 08:07:14', 200.34),
(218, '2024-01-06 05:08:56', 98.53),
(218, '2024-02-04 01:17:22', 232.64),
(218, '2024-02-10 06:03:22', 111.25),
(218, '2024-05-04 18:04:43', 97.25),
(218, '2024-05-27 03:08:42', 181.05),
(219, '2023-06-11 12:50:43', 158.01),
(219, '2023-07-09 18:28:46', 160.61),
(219, '2023-07-15 15:39:20', 159.29),
(219, '2023-10-26 06:04:22', 111.97),
(219, '2023-11-04 22:56:13', 74.27),
(219, '2023-12-07 10:00:45', 162.02),
(219, '2023-12-11 07:41:07', 104.87),
(219, '2024-03-05 13:45:57', 161.82),
(219, '2024-03-08 02:39:21', 87.73),
(219, '2024-04-15 08:17:21', 237.21),
(220, '2023-08-24 23:28:30', 242.03),
(220, '2023-10-27 18:16:01', 76.61),
(220, '2024-01-10 21:48:26', 97.23),
(220, '2024-01-13 19:36:14', 177.40),
(220, '2024-02-25 15:12:01', 232.10),
(220, '2024-02-29 06:19:52', 180.61),
(220, '2024-05-02 02:23:03', 71.29),
(220, '2024-05-11 03:21:21', 104.40),
(221, '2024-01-20 03:38:44', 97.33),
(221, '2024-03-27 23:57:59', 199.63),
(222, '2023-06-12 21:22:40', 71.64),
(222, '2023-06-23 07:56:08', 106.24),
(222, '2023-07-05 03:02:40', 155.84),
(222, '2023-08-04 15:26:35', 192.06),
(222, '2023-09-21 13:07:19', 111.46),
(222, '2023-10-14 22:08:26', 215.31),
(222, '2023-12-01 12:12:20', 199.27),
(222, '2024-01-23 19:35:14', 206.78),
(222, '2024-01-24 09:09:13', 121.91),
(222, '2024-02-06 05:38:57', 121.20),
(222, '2024-03-13 02:55:18', 87.76),
(222, '2024-05-03 02:52:13', 179.00),
(222, '2024-05-26 19:03:31', 168.88),
(223, '2023-06-28 03:27:14', 168.01),
(223, '2023-07-27 19:51:19', 187.71),
(223, '2023-08-28 18:10:09', 148.41),
(223, '2023-09-08 17:01:03', 140.96),
(223, '2023-11-25 01:06:16', 211.54),
(223, '2024-02-29 01:14:13', 236.80),
(223, '2024-03-15 12:46:32', 89.07),
(223, '2024-06-03 06:29:38', 82.28),
(224, '2023-09-18 17:06:36', 75.74),
(224, '2023-12-19 10:34:03', 80.43),
(224, '2024-01-01 18:29:29', 86.05),
(224, '2024-02-09 14:10:15', 211.25),
(224, '2024-02-22 23:09:41', 185.82),
(224, '2024-05-10 08:12:33', 234.26),
(224, '2024-05-30 11:47:09', 110.75),
(225, '2023-09-21 18:54:54', 158.91),
(225, '2023-10-22 23:01:10', 77.26),
(225, '2023-10-28 04:55:16', 217.52),
(225, '2023-11-15 03:39:26', 223.06),
(251, '2023-07-17 10:40:27', 111.62),
(251, '2023-10-24 22:41:11', 118.49),
(251, '2023-11-04 22:21:56', 102.26),
(251, '2023-12-14 20:36:29', 209.39),
(251, '2023-12-30 12:32:33', 183.80),
(251, '2024-01-05 13:15:01', 147.69),
(252, '2023-06-23 11:42:11', 72.16),
(252, '2023-07-04 14:34:57', 191.38),
(252, '2023-08-22 10:13:28', 154.56),
(252, '2023-08-28 17:57:19', 135.21),
(252, '2023-09-11 12:08:35', 115.66),
(252, '2024-02-24 20:39:06', 226.57),
(252, '2024-03-07 09:08:35', 220.55),
(252, '2024-04-23 00:17:35', 114.20),
(252, '2024-04-27 17:42:04', 247.68),
(253, '2023-11-19 04:56:49', 91.25),
(253, '2023-12-31 20:33:19', 188.72),
(253, '2024-02-08 18:55:07', 109.23),
(253, '2024-03-08 07:37:44', 247.18),
(253, '2024-04-20 09:01:36', 242.45),
(253, '2024-05-17 18:33:35', 144.81),
(254, '2023-08-01 05:58:44', 202.88),
(254, '2023-12-31 10:57:54', 174.04),
(254, '2024-01-17 19:14:16', 104.02),
(254, '2024-04-27 20:37:59', 208.87),
(254, '2024-05-04 10:10:43', 139.96),
(254, '2024-06-02 02:47:52', 193.98),
(255, '2023-07-06 14:10:22', 214.46),
(255, '2023-07-25 22:08:47', 166.33),
(255, '2023-09-01 22:20:23', 195.47),
(255, '2023-09-19 07:32:12', 138.76),
(255, '2023-10-12 16:11:16', 126.38),
(255, '2023-10-22 06:40:11', 242.51),
(255, '2024-01-09 07:42:18', 167.68),
(255, '2024-02-24 16:07:17', 188.12),
(255, '2024-02-29 18:18:31', 231.57),
(255, '2024-03-23 11:16:27', 132.62),
(255, '2024-03-25 05:47:51', 115.36),
(255, '2024-03-28 03:10:14', 168.04),
(255, '2024-04-20 21:42:57', 193.15),
(255, '2024-05-10 23:35:52', 134.47),
(256, '2023-07-12 23:08:01', 113.11),
(256, '2023-09-05 07:54:19', 135.54),
(256, '2023-10-15 05:12:54', 117.65),
(256, '2023-10-20 17:38:57', 196.43),
(256, '2024-04-17 23:45:13', 112.33),
(256, '2024-05-04 04:28:26', 156.41),
(257, '2023-06-14 23:30:22', 217.67),
(257, '2023-07-26 00:35:31', 198.14),
(257, '2023-08-09 20:02:08', 123.29),
(257, '2023-08-14 14:48:37', 247.98),
(257, '2023-08-22 23:25:43', 158.43),
(257, '2023-11-21 07:58:41', 247.43),
(257, '2023-11-23 00:02:43', 105.21),
(257, '2023-11-23 04:35:57', 123.77),
(257, '2023-12-18 21:12:20', 205.09),
(257, '2023-12-28 04:36:23', 229.11),
(257, '2024-01-15 15:35:10', 159.57),
(257, '2024-05-29 09:59:44', 98.88),
(257, '2024-05-31 13:52:07', 200.46),
(258, '2023-12-09 02:47:14', 152.02),
(258, '2023-12-19 19:56:44', 79.30),
(258, '2024-01-23 18:00:25', 118.23),
(258, '2024-01-30 00:18:24', 184.45),
(258, '2024-02-17 04:11:18', 180.79),
(258, '2024-02-24 11:31:49', 139.93),
(259, '2023-07-10 10:59:38', 242.14),
(259, '2023-07-14 02:22:56', 125.23),
(259, '2023-09-06 23:19:58', 151.99),
(259, '2023-11-03 21:52:12', 183.70),
(259, '2023-11-07 19:27:59', 247.11),
(259, '2023-12-09 02:46:38', 157.43),
(260, '2023-09-06 02:08:20', 105.19),
(260, '2023-09-08 11:07:36', 115.98),
(260, '2023-10-04 04:01:25', 99.03),
(260, '2023-12-12 19:46:22', 82.27),
(261, '2023-06-04 06:48:30', 249.59),
(261, '2023-08-22 22:34:42', 175.34),
(261, '2023-10-12 04:00:01', 102.45),
(261, '2023-11-07 21:42:05', 235.38),
(261, '2023-12-09 22:43:10', 235.31),
(261, '2024-01-09 10:00:13', 91.51),
(261, '2024-03-02 21:42:19', 93.74),
(261, '2024-05-09 23:53:06', 142.83),
(262, '2023-06-28 08:32:43', 84.35),
(262, '2023-08-12 16:31:41', 204.65),
(262, '2023-08-18 00:10:33', 151.50),
(262, '2023-09-02 04:33:47', 127.37),
(262, '2024-05-06 22:09:30', 104.30),
(263, '2023-06-07 10:59:15', 197.04),
(263, '2023-09-21 08:54:01', 81.98),
(263, '2023-09-28 09:47:24', 150.69),
(263, '2023-12-18 17:43:33', 235.07),
(263, '2023-12-20 18:06:38', 241.74),
(263, '2024-02-02 04:47:46', 231.10),
(263, '2024-02-19 01:33:49', 243.61),
(263, '2024-04-07 04:00:52', 221.44),
(263, '2024-04-09 03:39:40', 237.03),
(263, '2024-05-25 19:23:23', 117.84),
(264, '2023-07-31 12:57:56', 242.31),
(264, '2023-08-31 21:16:22', 112.20),
(264, '2023-09-25 12:00:49', 135.69),
(264, '2023-10-27 07:23:01', 236.27),
(264, '2023-11-20 01:38:32', 91.58),
(264, '2023-11-29 23:36:48', 175.85),
(264, '2023-12-28 10:01:10', 190.14),
(264, '2024-01-19 09:27:59', 124.69),
(264, '2024-03-11 06:56:03', 224.87),
(264, '2024-05-11 01:13:36', 212.27),
(265, '2023-07-25 00:20:01', 74.79),
(265, '2023-08-02 21:42:11', 214.86),
(265, '2023-08-14 06:58:22', 224.08),
(265, '2023-12-26 12:23:01', 236.51),
(265, '2024-01-18 03:27:33', 181.54),
(265, '2024-05-20 18:14:33', 233.56),
(266, '2023-09-17 11:16:57', 131.16),
(266, '2023-09-22 23:22:20', 126.51),
(266, '2024-02-18 23:37:18', 126.72),
(266, '2024-03-17 12:03:49', 160.90),
(267, '2023-07-02 13:47:27', 87.98),
(267, '2023-11-22 10:15:51', 185.54),
(267, '2024-01-21 05:09:47', 150.27),
(267, '2024-04-05 12:54:42', 104.50),
(268, '2023-06-27 09:02:29', 111.77),
(268, '2023-10-01 10:43:18', 125.14),
(268, '2023-10-09 15:02:29', 107.75),
(268, '2023-12-13 06:11:13', 224.52),
(268, '2024-01-28 15:00:00', 133.84),
(268, '2024-03-09 11:21:33', 80.75),
(268, '2024-04-30 17:37:33', 147.91),
(269, '2023-09-07 12:57:11', 109.08),
(269, '2023-11-09 03:41:06', 150.04),
(269, '2024-02-19 19:41:35', 91.62),
(269, '2024-03-11 11:36:21', 227.20),
(269, '2024-04-03 18:57:34', 245.62),
(269, '2024-04-30 21:05:21', 227.23),
(269, '2024-05-06 03:53:54', 195.68),
(270, '2023-06-03 14:49:27', 164.43),
(270, '2023-06-25 23:37:57', 97.50),
(270, '2023-07-01 03:47:28', 235.66),
(270, '2023-08-26 19:18:26', 186.40),
(270, '2023-10-05 16:10:36', 172.69),
(270, '2023-12-29 17:17:01', 132.71),
(270, '2023-12-31 05:56:27', 104.61),
(270, '2024-01-04 11:35:53', 80.31),
(270, '2024-02-21 12:49:36', 132.98),
(270, '2024-02-25 15:37:04', 137.62),
(271, '2023-07-07 07:46:46', 229.71),
(271, '2023-07-10 12:09:40', 213.29),
(271, '2023-07-30 10:17:59', 77.15),
(271, '2023-08-09 05:52:14', 166.09),
(271, '2023-08-10 14:14:38', 218.82),
(271, '2023-08-27 13:02:21', 243.46),
(271, '2023-09-16 21:04:19', 198.03),
(271, '2023-12-10 00:03:58', 150.73),
(271, '2024-01-25 11:31:34', 232.54),
(271, '2024-03-06 08:47:10', 156.01),
(271, '2024-04-08 14:43:33', 183.16),
(272, '2023-06-23 03:43:13', 155.44),
(272, '2023-09-25 15:25:38', 209.28),
(272, '2023-10-02 13:24:57', 136.09),
(272, '2023-11-11 07:02:57', 82.47),
(272, '2023-12-11 16:05:53', 101.75),
(272, '2024-01-24 22:15:22', 133.25),
(272, '2024-02-09 15:49:41', 86.40),
(272, '2024-03-23 11:25:01', 73.83),
(272, '2024-05-31 03:16:42', 173.26),
(273, '2023-06-04 02:40:29', 152.23),
(273, '2023-09-20 05:30:44', 235.89),
(273, '2023-10-01 05:40:03', 216.56),
(273, '2023-12-11 17:01:03', 247.62),
(273, '2024-01-11 14:26:15', 83.67),
(273, '2024-02-12 15:15:33', 148.40),
(273, '2024-03-06 18:12:31', 115.49),
(273, '2024-03-13 12:38:57', 174.61),
(273, '2024-04-29 17:02:16', 78.93),
(274, '2023-06-23 11:23:35', 203.30),
(274, '2023-07-15 04:09:41', 150.57),
(274, '2023-09-06 13:29:20', 162.67),
(274, '2023-11-13 11:11:59', 235.57),
(274, '2024-01-09 19:52:17', 105.97),
(274, '2024-02-01 20:37:22', 117.14),
(274, '2024-04-10 13:48:29', 86.71),
(274, '2024-05-09 18:47:53', 91.63),
(274, '2024-05-21 08:36:17', 131.64),
(275, '2023-06-10 01:45:52', 236.20),
(275, '2023-06-29 12:52:44', 198.42),
(275, '2023-09-01 23:27:47', 111.83),
(275, '2023-09-07 04:40:31', 219.68),
(275, '2023-09-19 00:19:36', 137.53),
(275, '2023-09-28 02:11:26', 127.85),
(275, '2023-10-20 08:27:39', 189.09),
(275, '2024-01-05 00:32:12', 121.09),
(275, '2024-02-16 06:47:34', 120.31),
(275, '2024-02-21 01:05:21', 218.66),
(275, '2024-05-02 05:50:27', 133.06),
(276, '2023-08-17 01:34:47', 190.77),
(276, '2023-10-09 17:42:33', 97.40),
(276, '2023-10-25 20:21:09', 158.75),
(276, '2023-11-24 10:53:42', 124.25),
(276, '2023-11-29 11:02:44', 206.52),
(276, '2023-12-27 21:17:19', 70.83),
(276, '2024-01-07 05:31:45', 226.10),
(276, '2024-02-04 06:23:44', 227.83),
(276, '2024-04-09 23:27:11', 146.44),
(276, '2024-04-26 01:18:23', 249.54),
(277, '2023-07-12 06:21:02', 174.14),
(277, '2023-10-21 02:40:40', 181.92),
(277, '2023-11-21 04:59:22', 111.77),
(277, '2023-12-09 17:41:06', 244.93),
(277, '2024-05-24 16:38:03', 146.20),
(278, '2023-08-08 18:10:35', 82.09),
(278, '2023-11-03 06:34:19', 211.21),
(278, '2023-12-24 15:56:14', 220.03),
(278, '2024-02-09 06:30:18', 210.27),
(278, '2024-04-25 12:34:54', 186.34),
(278, '2024-05-21 18:32:34', 110.41),
(279, '2023-06-24 09:09:51', 131.99),
(279, '2023-07-20 12:20:44', 220.35),
(279, '2023-09-17 14:00:18', 238.98),
(279, '2023-09-30 00:15:00', 167.91),
(279, '2023-10-08 17:36:15', 239.91),
(279, '2023-11-26 13:45:39', 72.83),
(279, '2023-12-30 02:04:52', 205.09),
(279, '2024-03-17 20:36:19', 113.00),
(279, '2024-04-06 11:46:14', 88.33),
(279, '2024-05-19 23:15:21', 134.12),
(280, '2023-07-26 04:11:00', 99.74),
(280, '2023-10-18 12:39:57', 205.93),
(280, '2023-10-22 11:31:44', 109.70),
(280, '2024-01-06 11:56:13', 195.86),
(280, '2024-01-13 19:16:49', 202.61),
(280, '2024-02-01 12:33:40', 237.02),
(280, '2024-04-07 18:34:35', 184.32),
(280, '2024-05-09 23:49:41', 125.73),
(281, '2023-06-26 20:40:12', 112.22),
(281, '2023-07-27 14:29:51', 106.02),
(281, '2023-08-04 09:40:12', 205.54),
(281, '2023-09-05 21:06:37', 248.12),
(281, '2023-11-19 11:19:00', 153.04),
(281, '2024-02-15 11:14:39', 72.15),
(281, '2024-03-20 04:32:35', 121.09),
(281, '2024-04-09 07:41:02', 85.27),
(281, '2024-05-17 06:09:09', 207.42),
(281, '2024-05-23 03:33:13', 176.94),
(282, '2023-06-22 17:26:16', 127.87),
(282, '2023-08-17 03:16:06', 241.00),
(282, '2023-09-29 07:48:30', 163.89),
(282, '2023-10-16 22:14:32', 103.44),
(282, '2023-10-17 20:12:59', 193.67),
(282, '2023-11-27 15:10:38', 172.52),
(282, '2023-12-21 05:18:05', 184.66),
(282, '2024-01-15 07:09:31', 197.27),
(282, '2024-01-27 13:22:17', 229.96),
(282, '2024-01-31 15:00:12', 155.73),
(282, '2024-04-24 03:01:02', 80.67),
(283, '2023-06-25 23:29:57', 153.83),
(283, '2024-01-12 05:58:42', 91.55),
(283, '2024-02-01 18:01:41', 92.13),
(283, '2024-02-15 21:11:40', 76.99),
(283, '2024-03-04 02:31:54', 167.85),
(283, '2024-05-02 11:00:01', 201.28),
(284, '2023-08-07 02:18:44', 120.47),
(284, '2023-08-23 22:45:28', 168.29),
(284, '2024-03-10 03:49:27', 122.46),
(284, '2024-03-14 22:39:11', 78.09),
(285, '2023-11-09 09:09:08', 140.83),
(285, '2023-11-21 16:26:48', 195.82),
(285, '2024-03-27 15:51:06', 237.25),
(285, '2024-04-10 17:32:08', 171.95),
(286, '2023-06-04 02:44:48', 144.71),
(286, '2023-11-09 14:01:46', 165.75),
(286, '2023-12-14 05:48:49', 189.60),
(286, '2024-04-05 12:46:32', 146.65),
(287, '2024-02-11 10:33:15', 85.52),
(287, '2024-02-21 21:43:34', 130.64),
(287, '2024-05-06 20:57:22', 147.27),
(287, '2024-05-20 00:12:25', 90.73),
(288, '2023-07-01 11:59:41', 85.75),
(288, '2023-07-12 22:23:05', 229.31),
(288, '2023-07-31 07:11:22', 126.92),
(288, '2023-08-02 05:01:13', 77.39),
(288, '2023-08-12 14:48:25', 206.95),
(288, '2024-01-12 06:24:29', 154.84),
(288, '2024-05-07 19:49:28', 157.62),
(289, '2023-07-25 18:07:26', 160.66),
(289, '2023-09-13 17:41:22', 152.83),
(289, '2023-10-09 13:09:17', 229.96),
(289, '2023-12-07 06:02:53', 150.78),
(289, '2023-12-14 16:15:57', 155.89),
(289, '2024-02-23 11:26:58', 138.73),
(289, '2024-03-12 16:13:59', 213.25),
(290, '2023-06-20 20:24:24', 80.10);
INSERT INTO `purchased_item_purchase_price_history` (`item_id`, `change_time`, `new_value`) VALUES
(290, '2023-08-11 02:00:24', 146.03),
(290, '2023-09-21 19:53:19', 138.64),
(290, '2023-12-17 00:49:48', 181.10),
(290, '2024-01-21 12:47:01', 203.37),
(290, '2024-02-18 12:25:30', 248.24),
(291, '2023-06-17 18:33:37', 238.22),
(291, '2023-06-30 09:14:41', 226.66),
(291, '2023-07-14 12:59:40', 171.31),
(291, '2023-07-14 16:22:30', 171.88),
(291, '2023-07-18 05:05:58', 76.91),
(291, '2023-08-26 08:43:46', 72.73),
(291, '2023-10-09 13:21:04', 82.41),
(291, '2023-11-03 21:24:34', 185.54),
(291, '2024-03-25 02:26:51', 191.95),
(292, '2023-07-20 06:09:24', 220.40),
(292, '2023-10-11 23:10:35', 106.54),
(292, '2023-11-17 01:17:55', 183.24),
(292, '2023-11-24 03:20:12', 92.29),
(292, '2023-12-28 07:48:22', 140.63),
(292, '2024-01-14 10:25:29', 157.80),
(292, '2024-02-27 18:39:50', 161.75),
(292, '2024-04-24 06:08:13', 218.77),
(292, '2024-05-02 03:48:18', 176.38),
(293, '2023-07-12 04:12:16', 117.12),
(293, '2023-07-20 05:01:36', 151.09),
(293, '2023-07-20 21:51:27', 152.13),
(293, '2023-07-31 20:32:11', 151.37),
(293, '2023-08-04 01:22:37', 187.53),
(293, '2023-10-14 09:23:25', 140.19),
(293, '2023-11-02 05:10:19', 205.99),
(293, '2024-01-31 00:12:21', 72.19),
(293, '2024-05-11 06:27:51', 206.11),
(293, '2024-05-11 09:47:39', 81.73),
(294, '2023-07-09 22:05:22', 191.84),
(294, '2023-07-10 03:37:17', 209.14),
(294, '2023-08-02 00:40:03', 84.77),
(294, '2023-08-26 12:17:03', 71.07),
(294, '2023-09-11 06:18:16', 175.17),
(294, '2023-10-16 11:28:14', 150.78),
(294, '2024-01-25 11:31:01', 192.59),
(294, '2024-02-29 08:22:12', 231.84),
(294, '2024-03-12 12:00:10', 149.81),
(294, '2024-03-27 17:00:56', 238.37),
(294, '2024-05-01 01:52:57', 171.70),
(295, '2023-06-10 22:31:04', 243.82),
(295, '2023-08-08 10:35:54', 222.99),
(295, '2023-10-01 03:06:56', 174.42),
(295, '2023-11-04 23:27:48', 80.87),
(295, '2023-11-29 02:48:57', 202.32),
(295, '2023-12-05 15:21:10', 97.54),
(295, '2024-03-29 11:48:03', 70.03),
(295, '2024-04-21 07:16:24', 205.90),
(296, '2023-07-31 11:43:16', 249.84),
(296, '2023-08-02 01:57:02', 77.67),
(296, '2023-09-19 05:16:42', 205.32),
(296, '2023-09-22 04:51:13', 101.40),
(296, '2023-10-14 20:20:03', 153.44),
(296, '2023-12-12 05:56:08', 187.66),
(296, '2024-02-12 05:22:21', 82.33),
(296, '2024-03-11 15:03:30', 144.75),
(296, '2024-05-03 03:31:31', 217.78),
(297, '2023-06-23 23:18:47', 239.76),
(297, '2023-07-02 13:44:35', 121.32),
(297, '2023-07-30 12:31:28', 73.57),
(297, '2023-11-11 21:04:07', 151.48),
(297, '2023-11-22 21:32:34', 148.56),
(297, '2024-02-01 19:38:12', 89.43),
(297, '2024-05-29 07:30:51', 120.81),
(298, '2023-08-30 19:26:49', 172.41),
(298, '2023-09-16 07:41:27', 105.92),
(298, '2023-09-21 06:53:54', 163.55),
(298, '2023-10-08 19:56:52', 97.92),
(298, '2023-10-21 05:44:55', 97.84),
(298, '2023-10-31 11:29:13', 121.22),
(298, '2023-11-15 23:21:08', 131.68),
(298, '2023-11-30 06:39:57', 192.84),
(298, '2023-12-09 02:38:33', 214.36),
(298, '2024-01-12 02:09:27', 70.26),
(299, '2023-08-04 06:31:11', 72.14),
(299, '2023-10-15 04:11:01', 102.83),
(299, '2023-10-24 19:38:24', 208.04),
(299, '2023-11-17 11:35:57', 177.69),
(299, '2023-12-03 07:30:25', 223.41),
(299, '2024-03-27 08:27:50', 159.01),
(299, '2024-05-01 23:27:38', 146.49),
(299, '2024-05-02 19:52:12', 98.70),
(299, '2024-05-17 02:18:54', 207.60),
(300, '2023-08-14 04:07:36', 97.46),
(300, '2023-09-05 16:40:00', 94.37),
(300, '2023-09-27 21:36:21', 210.89),
(300, '2023-09-30 12:21:28', 207.29),
(300, '2023-11-28 12:25:06', 97.05),
(300, '2023-11-30 01:55:29', 137.29),
(300, '2024-01-11 14:22:45', 115.94),
(300, '2024-04-26 08:19:21', 198.11),
(300, '2024-06-02 02:09:45', 100.97);

-- --------------------------------------------------------

--
-- Структура таблицы `rates`
--

CREATE TABLE `rates` (
  `code` varchar(16) COLLATE utf8mb4_unicode_ci NOT NULL,
  `name` varchar(64) COLLATE utf8mb4_unicode_ci NOT NULL,
  `factor` decimal(5,2) UNSIGNED NOT NULL
) ENGINE=InnoDB DEFAULT CHARSET=utf8mb4 COLLATE=utf8mb4_unicode_ci;

--
-- Дамп данных таблицы `rates`
--

INSERT INTO `rates` (`code`, `name`, `factor`) VALUES
('С1', 'Базовая тарифная ставка', 1.00),
('С2', 'Повышенная тарифная ставка', 1.50),
('С3', 'Опытная тарифная ставка', 2.00);

-- --------------------------------------------------------

--
-- Структура таблицы `roles`
--

CREATE TABLE `roles` (
  `id` tinyint UNSIGNED NOT NULL,
  `name` varchar(64) COLLATE utf8mb4_unicode_ci NOT NULL
) ENGINE=InnoDB DEFAULT CHARSET=utf8mb4 COLLATE=utf8mb4_unicode_ci;

--
-- Дамп данных таблицы `roles`
--

INSERT INTO `roles` (`id`, `name`) VALUES
(1, 'Админ'),
(2, 'Сотрудник КТО'),
(4, 'Сотрудник отдела снабжения и сбыта'),
(3, 'Сотрудник экономического отдела');

-- --------------------------------------------------------

--
-- Структура таблицы `role_permission`
--

CREATE TABLE `role_permission` (
  `role_id` tinyint UNSIGNED NOT NULL,
  `permission_id` tinyint UNSIGNED NOT NULL
) ENGINE=InnoDB DEFAULT CHARSET=utf8mb4 COLLATE=utf8mb4_unicode_ci;

--
-- Дамп данных таблицы `role_permission`
--

INSERT INTO `role_permission` (`role_id`, `permission_id`) VALUES
(2, 1),
(3, 1),
(4, 1),
(2, 2),
(2, 3),
(3, 3),
(4, 3),
(2, 4),
(2, 5),
(3, 5),
(4, 5),
(2, 6),
(2, 7),
(3, 7),
(4, 7),
(2, 8),
(3, 9),
(3, 10),
(2, 11),
(3, 11),
(4, 11),
(4, 12),
(4, 13),
(4, 14),
(4, 15),
(4, 16),
(3, 17),
(4, 18),
(4, 19),
(4, 20),
(4, 21),
(3, 22),
(3, 23),
(3, 24);

-- --------------------------------------------------------

--
-- Структура таблицы `routes`
--

CREATE TABLE `routes` (
  `number` varchar(64) COLLATE utf8mb4_unicode_ci NOT NULL,
  `added_to_order_at` timestamp NULL DEFAULT NULL
) ENGINE=InnoDB DEFAULT CHARSET=utf8mb4 COLLATE=utf8mb4_unicode_ci;

--
-- Дамп данных таблицы `routes`
--

INSERT INTO `routes` (`number`, `added_to_order_at`) VALUES
('0000344481', '2024-06-03 11:39:03'),
('00003444810', '2024-06-03 11:39:01'),
('00003444811', NULL),
('00003444812', NULL),
('00003444813', NULL),
('00003444814', '2024-06-03 11:38:58'),
('00003444815', '2024-06-03 11:39:03'),
('00003444816', NULL),
('00003444817', '2024-06-03 11:38:58'),
('00003444818', NULL),
('00003444819', '2024-06-03 11:39:02'),
('0000344482', '2024-06-03 11:38:53'),
('00003444820', NULL),
('00003444821', '2024-06-03 11:38:54'),
('00003444822', '2024-06-03 11:39:03'),
('00003444823', '2024-06-03 11:39:00'),
('00003444824', '2024-06-03 11:38:54'),
('00003444825', '2024-06-03 11:38:53'),
('0000344483', NULL),
('0000344484', '2024-06-03 11:38:54'),
('0000344485', '2024-06-03 11:38:57'),
('0000344486', '2024-06-03 11:39:01'),
('0000344487', '2024-06-03 11:38:58'),
('0000344488', NULL),
('0000344489', NULL),
('0000355581', '2024-06-03 11:39:03'),
('00003555810', '2024-06-03 11:38:56'),
('00003555811', NULL),
('00003555812', '2024-06-03 11:39:04'),
('00003555813', '2024-06-03 11:39:01'),
('00003555814', '2024-06-03 11:38:56'),
('00003555815', '2024-06-03 11:39:02'),
('00003555816', '2024-06-03 11:38:58'),
('00003555817', '2024-06-03 11:39:03'),
('00003555818', '2024-06-03 11:39:02'),
('00003555819', '2024-06-03 11:38:56'),
('0000355582', NULL),
('00003555820', '2024-06-03 11:39:03'),
('00003555821', NULL),
('00003555822', '2024-06-03 11:38:53'),
('00003555823', '2024-06-03 11:39:03'),
('00003555824', '2024-06-03 11:39:00'),
('00003555825', NULL),
('0000355583', '2024-06-03 11:39:01'),
('0000355584', '2024-06-03 11:39:00'),
('0000355585', NULL),
('0000355586', '2024-06-03 11:38:55'),
('0000355587', '2024-06-03 11:38:58'),
('0000355588', '2024-06-03 11:38:52'),
('0000355589', '2024-06-03 11:38:54'),
('0000366681', '2024-06-03 11:38:57'),
('00003666810', '2024-06-03 11:38:57'),
('00003666811', '2024-06-03 11:38:52'),
('00003666812', NULL),
('00003666813', '2024-06-03 11:39:03'),
('00003666814', NULL),
('00003666815', '2024-06-03 11:39:02'),
('00003666816', '2024-06-03 11:39:04'),
('00003666817', '2024-06-03 11:38:56'),
('00003666818', '2024-06-03 11:38:54'),
('00003666819', '2024-06-03 11:38:58'),
('0000366682', '2024-06-03 11:38:56'),
('00003666820', NULL),
('00003666821', '2024-06-03 11:39:00'),
('00003666822', '2024-06-03 11:39:03'),
('00003666823', '2024-06-03 11:39:03'),
('00003666824', '2024-06-03 11:39:03'),
('00003666825', '2024-06-03 11:39:03'),
('0000366683', NULL),
('0000366684', '2024-06-03 11:38:57'),
('0000366685', '2024-06-03 11:39:00'),
('0000366686', '2024-06-03 11:38:59'),
('0000366687', NULL),
('0000366688', '2024-06-03 11:39:01'),
('0000366689', '2024-06-03 11:39:03'),
('0000377781', '2024-06-03 11:38:55'),
('00003777810', '2024-06-03 11:39:00'),
('00003777811', '2024-06-03 11:39:03'),
('00003777812', '2024-06-03 11:39:03'),
('00003777813', '2024-06-03 11:39:01'),
('00003777814', '2024-06-03 11:39:00'),
('00003777815', '2024-06-03 11:39:00'),
('00003777816', '2024-06-03 11:39:03'),
('00003777817', '2024-06-03 11:39:03'),
('00003777818', '2024-06-03 11:39:01'),
('00003777819', '2024-06-03 11:38:58'),
('0000377782', '2024-06-03 11:39:01'),
('00003777820', '2024-06-03 11:38:52'),
('00003777821', '2024-06-03 11:38:58'),
('00003777822', '2024-06-03 11:39:03'),
('00003777823', '2024-06-03 11:38:58'),
('00003777824', '2024-06-03 11:39:04'),
('00003777825', '2024-06-03 11:39:03'),
('0000377783', '2024-06-03 11:39:03'),
('0000377784', '2024-06-03 11:38:56'),
('0000377785', '2024-06-03 11:39:03'),
('0000377786', NULL),
('0000377787', '2024-06-03 11:39:02'),
('0000377788', '2024-06-03 11:38:53'),
('0000377789', '2024-06-03 11:39:03'),
('0000399981', '2024-06-03 11:38:55'),
('00003999810', '2024-06-03 11:39:00'),
('00003999811', '2024-06-03 11:39:03'),
('00003999812', '2024-06-03 11:39:03'),
('00003999813', '2024-06-03 11:39:01'),
('00003999814', '2024-06-03 11:39:00'),
('00003999815', '2024-06-03 11:39:00'),
('00003999816', '2024-06-03 11:39:03'),
('00003999817', '2024-06-03 11:39:03'),
('00003999818', '2024-06-03 11:39:01'),
('00003999819', '2024-06-03 11:38:58'),
('0000399982', '2024-06-03 11:39:01'),
('00003999820', '2024-06-03 11:38:52'),
('00003999821', '2024-06-03 11:38:58'),
('00003999822', '2024-06-03 11:39:03'),
('00003999823', '2024-06-03 11:38:58'),
('00003999824', '2024-06-03 11:39:04'),
('00003999825', '2024-06-03 11:39:03'),
('0000399983', '2024-06-03 11:39:03'),
('0000399984', '2024-06-03 11:38:56'),
('0000399985', '2024-06-03 11:39:03'),
('0000399986', NULL),
('0000399987', '2024-06-03 11:39:02'),
('0000399988', '2024-06-03 11:38:53'),
('0000399989', '2024-06-03 11:39:03');

-- --------------------------------------------------------

--
-- Структура таблицы `route_point`
--

CREATE TABLE `route_point` (
  `route_number` varchar(64) COLLATE utf8mb4_unicode_ci NOT NULL,
  `point_number` tinyint UNSIGNED NOT NULL,
  `point_code` varchar(32) COLLATE utf8mb4_unicode_ci NOT NULL,
  `operation_code` varchar(4) COLLATE utf8mb4_unicode_ci NOT NULL,
  `rate_code` varchar(16) COLLATE utf8mb4_unicode_ci NOT NULL,
  `unit_time` decimal(6,2) UNSIGNED NOT NULL,
  `working_time` decimal(6,2) UNSIGNED NOT NULL,
  `lead_time` decimal(6,2) UNSIGNED NOT NULL
) ENGINE=InnoDB DEFAULT CHARSET=utf8mb4 COLLATE=utf8mb4_unicode_ci;

--
-- Дамп данных таблицы `route_point`
--

INSERT INTO `route_point` (`route_number`, `point_number`, `point_code`, `operation_code`, `rate_code`, `unit_time`, `working_time`, `lead_time`) VALUES
('0000344481', 1, 'Шт', '0334', 'С1', 17.39, 17.02, 3.28),
('0000344481', 2, 'ЛазРез', '6057', 'С1', 6.82, 15.65, 4.18),
('0000344481', 3, 'Зал', '8056', 'С2', 18.90, 2.95, 5.05),
('0000344481', 4, '3п', '8848', 'С2', 17.23, 15.71, 9.69),
('00003444810', 1, '2', '7367', 'С3', 11.69, 13.47, 6.81),
('00003444810', 2, '1.5', '9130', 'С2', 6.44, 19.70, 4.16),
('00003444810', 3, 'Чист', '0860', 'С3', 8.22, 8.52, 5.08),
('00003444810', 4, '1.3', '4223', 'С1', 12.39, 15.15, 8.69),
('00003444811', 1, 'ЛазРез', '4274', 'С3', 14.77, 2.29, 4.19),
('00003444811', 2, '1.7', '6531', 'С3', 10.13, 19.71, 3.31),
('00003444811', 3, '1.2', '0871', 'С3', 14.17, 17.79, 4.07),
('00003444811', 4, 'Уп', '0241', 'С1', 9.13, 13.04, 4.02),
('00003444812', 1, 'Шт', '0793', 'С3', 12.01, 12.73, 9.42),
('00003444812', 2, 'Зал', '0761', 'С3', 7.98, 19.53, 3.67),
('00003444812', 3, '1.3', '9177', 'С1', 10.44, 12.44, 4.01),
('00003444812', 4, '1.7', '2103', 'С2', 3.33, 15.79, 3.99),
('00003444813', 1, 'ЛазРез', '7312', 'С3', 4.83, 9.99, 3.05),
('00003444813', 2, '1.6', '0386', 'С1', 14.45, 11.73, 5.01),
('00003444813', 3, '1.2', '7381', 'С2', 18.40, 18.26, 3.29),
('00003444813', 4, '3лг', '5520', 'С2', 3.22, 6.90, 5.04),
('00003444814', 1, '1.5', '0222', 'С1', 4.85, 18.96, 8.01),
('00003444814', 2, '2', '0632', 'С3', 14.40, 16.42, 5.36),
('00003444814', 3, '1.6', '5011', 'С1', 6.64, 5.07, 2.33),
('00003444814', 4, '1.3', '7372', 'С2', 3.86, 7.02, 3.76),
('00003444815', 1, '1.4', '5156', 'С2', 5.81, 12.28, 7.39),
('00003444815', 2, 'Изол', '7341', 'С1', 9.68, 13.31, 8.39),
('00003444815', 3, 'ЛазРез', '0129', 'С3', 13.21, 18.61, 8.97),
('00003444815', 4, '1.4', '9170', 'С3', 6.14, 4.72, 2.39),
('00003444816', 1, 'ЛазГрав', '0103', 'С3', 14.77, 5.58, 4.32),
('00003444816', 2, '1.5', '0866', 'С1', 7.46, 18.52, 8.60),
('00003444816', 3, 'Уп', '7514', 'С3', 12.75, 8.69, 4.59),
('00003444816', 4, '1.4', '0759', 'С1', 14.55, 15.24, 4.44),
('00003444817', 1, 'Термич', '7376', 'С2', 11.27, 14.29, 7.88),
('00003444817', 2, 'ЛазГрав', '0266', 'С3', 18.86, 15.38, 5.19),
('00003444817', 3, 'Уп', '0240', 'С3', 19.65, 19.59, 2.53),
('00003444817', 4, 'Шлиф', '8017', 'С3', 19.75, 19.06, 9.45),
('00003444818', 1, 'Рег', '0318', 'С2', 3.35, 3.14, 2.33),
('00003444818', 2, '1.1', '6546', 'С1', 7.15, 17.27, 2.73),
('00003444818', 3, 'Проп', '0763', 'С2', 5.51, 6.21, 2.55),
('00003444818', 4, '1.7', '7180', 'С3', 17.29, 6.30, 9.40),
('00003444819', 1, 'Шт', '8058', 'С3', 9.93, 18.56, 7.17),
('00003444819', 2, '1.6', '0337', 'С1', 7.40, 7.84, 5.78),
('00003444819', 3, 'Нам', '7451', 'С2', 14.15, 3.72, 6.12),
('00003444819', 4, 'Шлиф', '0383', 'С2', 18.94, 17.82, 7.16),
('0000344482', 1, 'Шлиф', '4286', 'С3', 3.77, 11.51, 8.86),
('0000344482', 2, '1.6', '4100', 'С2', 6.68, 10.12, 8.78),
('0000344482', 3, '1.3', '7443', 'С1', 14.85, 4.85, 3.17),
('0000344482', 4, 'Шт', '9010', 'С3', 13.81, 12.36, 6.97),
('00003444820', 1, 'Нам', '7163', 'С2', 7.19, 11.97, 3.33),
('00003444820', 2, 'Проп', '7362', 'С2', 8.93, 8.58, 7.52),
('00003444820', 3, '5', '0661', 'С1', 4.09, 2.16, 2.54),
('00003444820', 4, '1.1', '0127', 'С3', 8.97, 10.28, 4.59),
('00003444821', 1, '1.1', '7141', 'С1', 17.88, 15.52, 3.92),
('00003444821', 2, '1.4', '9133', 'С1', 18.27, 10.22, 3.26),
('00003444821', 3, '2', '0221', 'С3', 4.16, 4.40, 3.92),
('00003444821', 4, 'ЛазРез', '4261', 'С3', 7.39, 13.43, 2.64),
('00003444822', 1, 'Шлиф', '9064', 'С3', 3.59, 16.24, 5.70),
('00003444822', 2, 'Зал', '0662', 'С1', 10.14, 12.14, 4.03),
('00003444822', 3, 'Зал', '1073', 'С2', 11.33, 17.63, 5.99),
('00003444822', 4, '1.6', '7139', 'С2', 12.85, 2.51, 6.97),
('00003444823', 1, '1.1', '7502', 'С1', 16.95, 13.66, 4.78),
('00003444823', 2, 'Марк', '7114', 'С1', 12.86, 17.74, 3.27),
('00003444823', 3, '5', '9042', 'С3', 2.97, 7.31, 7.83),
('00003444823', 4, '3г', '9053', 'С2', 9.13, 19.34, 7.49),
('00003444824', 1, '2', '0106', 'С2', 6.19, 16.81, 2.97),
('00003444824', 2, 'Зал', '5512', 'С2', 13.03, 12.85, 9.60),
('00003444824', 3, 'Уп', '0712', 'С2', 17.53, 8.61, 3.85),
('00003444824', 4, '3лг', '4138', 'С3', 17.81, 15.41, 3.27),
('00003444825', 1, 'Свар', '0109', 'С3', 17.45, 19.50, 5.53),
('00003444825', 2, 'Марк', '8142', 'С3', 10.14, 9.71, 4.18),
('00003444825', 3, '1.2', '5025', 'С3', 15.62, 2.80, 4.28),
('00003444825', 4, '1.6', '0270', 'С2', 16.61, 8.42, 8.94),
('0000344483', 1, '3п', '42', 'С2', 15.13, 14.68, 6.07),
('0000344483', 2, '1.3', '4264', 'С1', 2.32, 18.44, 6.80),
('0000344483', 3, 'Термич', '7440', 'С3', 10.37, 17.63, 8.25),
('0000344483', 4, '3лг', '6066', 'С2', 14.90, 4.79, 2.26),
('0000344484', 1, 'Термич', '0329', 'С3', 18.92, 3.43, 7.06),
('0000344484', 2, 'Проп', '4116', 'С3', 18.06, 10.28, 8.22),
('0000344484', 3, 'Марк', '9049', 'С2', 6.44, 12.36, 2.79),
('0000344484', 4, 'Проп', '0432', 'С2', 13.12, 2.26, 9.76),
('0000344485', 1, '1.2', '5515', 'С2', 17.62, 12.50, 9.99),
('0000344485', 2, '5', '0362', 'С1', 3.97, 14.33, 6.72),
('0000344485', 3, '3п', '7169', 'С3', 18.15, 6.62, 9.02),
('0000344485', 4, '1.6', '7114', 'С2', 6.07, 18.89, 5.81),
('0000344486', 1, 'Зал', '9171', 'С2', 15.18, 5.65, 8.18),
('0000344486', 2, 'Монт', '4159', 'С1', 18.69, 12.78, 3.39),
('0000344486', 3, 'Свар', '0725', 'С2', 9.77, 10.91, 8.83),
('0000344486', 4, '1.6', '0226', 'С3', 12.49, 10.53, 3.12),
('0000344487', 1, '1.5', '5028', 'С1', 17.70, 12.39, 5.38),
('0000344487', 2, 'Проп', '5030', 'С2', 13.43, 7.56, 9.87),
('0000344487', 3, 'Термич', '7350', 'С3', 5.06, 5.13, 9.74),
('0000344487', 4, 'Свар', '9124', 'С1', 17.95, 2.20, 8.22),
('0000344488', 1, 'Марк', '0637', 'С1', 17.19, 12.74, 4.67),
('0000344488', 2, 'Свар', '2121', 'С1', 12.17, 17.31, 8.20),
('0000344488', 3, 'Рег', '0377', 'С3', 5.18, 6.84, 9.62),
('0000344488', 4, '3г', '42', 'С1', 19.03, 9.27, 4.88),
('0000344489', 1, 'Марк', '8502', 'С1', 16.61, 16.65, 9.08),
('0000344489', 2, '3п', '8038', 'С1', 5.28, 19.33, 8.35),
('0000344489', 3, '2', '2175', 'С2', 17.63, 13.08, 2.15),
('0000344489', 4, '1.4', '7135', 'С1', 15.60, 17.21, 2.47),
('0000355581', 1, '3г', '6062', 'С1', 10.83, 14.43, 7.49),
('0000355581', 2, 'ВЖ', '5544', 'С3', 12.49, 19.44, 8.24),
('0000355581', 3, '3г', '4107', 'С3', 7.39, 17.46, 7.15),
('0000355581', 4, 'Нам', '0865', 'С1', 10.70, 15.55, 7.46),
('00003555810', 1, 'Нам', '2122', 'С3', 16.38, 7.05, 9.70),
('00003555810', 2, '1.7', '9066', 'С2', 11.15, 11.54, 9.64),
('00003555810', 3, 'ЛазГрав', '0815', 'С3', 4.10, 11.91, 3.24),
('00003555810', 4, '3п', '0386', 'С1', 19.77, 18.87, 3.16),
('00003555811', 1, 'Монт', '8072', 'С1', 8.54, 19.21, 8.37),
('00003555811', 2, 'Уп', '5012', 'С1', 6.28, 5.87, 7.59),
('00003555811', 3, '1.4', '0652', 'С1', 4.04, 10.76, 3.39),
('00003555811', 4, '1.4', '2106', 'С1', 11.71, 11.31, 5.26),
('00003555812', 1, 'Термич', '6053', 'С2', 19.74, 2.79, 4.19),
('00003555812', 2, 'Марк', '4121', 'С2', 18.55, 14.45, 5.51),
('00003555812', 3, 'Марк', '2111', 'С1', 6.16, 9.52, 7.12),
('00003555812', 4, 'Нам', '4108', 'С3', 17.13, 19.25, 3.73),
('00003555813', 1, '1.5', '1087', 'С2', 11.92, 15.70, 4.65),
('00003555813', 2, 'Изол', '0252', 'С2', 2.08, 15.51, 7.67),
('00003555813', 3, 'Уп', '0311', 'С1', 13.30, 3.04, 7.93),
('00003555813', 4, 'ЛазРез', '8111', 'С2', 2.70, 17.50, 8.79),
('00003555814', 1, '3г', '0281', 'С3', 5.05, 3.17, 8.53),
('00003555814', 2, '3г', '2152', 'С2', 7.26, 8.57, 2.42),
('00003555814', 3, 'Монт', '5543', 'С3', 14.93, 8.79, 3.69),
('00003555814', 4, '3лг', '7454', 'С1', 6.92, 5.45, 5.45),
('00003555815', 1, 'Свар', '6558', 'С1', 7.61, 18.68, 4.79),
('00003555815', 2, '1.5', '0218', 'С3', 2.24, 3.37, 3.81),
('00003555815', 3, 'ЛазРез', '0672', 'С3', 2.35, 13.52, 2.91),
('00003555815', 4, '1.5', '8074', 'С1', 18.24, 10.23, 9.66),
('00003555816', 1, 'Проп', '9175', 'С1', 15.58, 4.73, 9.84),
('00003555816', 2, 'Зал', '5516', 'С2', 18.92, 12.51, 2.63),
('00003555816', 3, '1.6', '0660', 'С3', 6.00, 10.39, 3.26),
('00003555816', 4, 'Рег', '7571', 'С2', 14.39, 9.63, 7.81),
('00003555817', 1, 'Марк', '0636', 'С3', 19.32, 8.40, 3.86),
('00003555817', 2, 'Монт', '6572', 'С2', 19.04, 9.78, 6.45),
('00003555817', 3, 'ВЖ', '7419', 'С1', 7.57, 16.64, 6.54),
('00003555817', 4, 'Марк', '7339', 'С2', 3.03, 14.62, 9.45),
('00003555818', 1, '1.2', '9117', 'С2', 3.16, 19.89, 4.37),
('00003555818', 2, '3лг', '6533', 'С3', 19.21, 3.14, 8.70),
('00003555818', 3, 'Проп', '0638', 'С3', 5.97, 16.33, 2.26),
('00003555818', 4, '1.1', '7385', 'С1', 4.26, 10.36, 3.05),
('00003555819', 1, 'Шт', '0766', 'С2', 13.34, 17.82, 7.54),
('00003555819', 2, 'Рег', '9121', 'С2', 3.48, 16.92, 2.19),
('00003555819', 3, 'Уп', '6015', 'С3', 16.23, 5.95, 3.90),
('00003555819', 4, 'Свар', '0821', 'С1', 8.53, 14.92, 5.35),
('0000355582', 1, '3лг', '8134', 'С3', 6.12, 5.13, 2.06),
('0000355582', 2, 'Зал', '8077', 'С1', 10.62, 9.67, 3.32),
('0000355582', 3, '1.5', '8863', 'С1', 7.30, 3.39, 7.97),
('0000355582', 4, 'Нам', '0158', 'С2', 11.42, 11.95, 6.59),
('00003555820', 1, '1.6', '7418', 'С1', 3.41, 17.79, 7.85),
('00003555820', 2, 'ВЖ', '6078', 'С1', 13.21, 4.28, 6.29),
('00003555820', 3, '3г', '7180', 'С2', 12.78, 2.17, 7.95),
('00003555820', 4, '2', '9076', 'С1', 5.96, 7.94, 2.40),
('00003555821', 1, '1.2', '0220', 'С2', 6.57, 17.34, 8.07),
('00003555821', 2, '1.6', '0668', 'С1', 19.59, 9.56, 6.65),
('00003555821', 3, 'ВЖ', '0741', 'С2', 13.96, 11.02, 9.13),
('00003555821', 4, 'Зал', '8041', 'С3', 19.79, 17.37, 8.11),
('00003555822', 1, 'Шт', '7364', 'С2', 8.82, 18.71, 8.01),
('00003555822', 2, '3г', '0261', 'С2', 5.21, 18.81, 5.21),
('00003555822', 3, 'Рег', '5067', 'С2', 6.43, 5.63, 8.39),
('00003555822', 4, '3г', '7174', 'С1', 17.05, 3.36, 3.47),
('00003555823', 1, '1.5', '0852', 'С1', 8.14, 12.89, 5.54),
('00003555823', 2, 'Чист', '7577', 'С2', 7.55, 13.74, 5.42),
('00003555823', 3, '1.5', '1040', 'С3', 2.36, 5.27, 8.05),
('00003555823', 4, '1.3', '7154', 'С2', 11.63, 19.13, 3.02),
('00003555824', 1, '1.2', '0744', 'С3', 8.78, 6.36, 4.36),
('00003555824', 2, 'ЛазРез', '9080', 'С3', 10.76, 4.80, 5.34),
('00003555824', 3, 'Изол', '0241', 'С1', 11.69, 8.77, 3.52),
('00003555824', 4, '1.3', '5023', 'С1', 18.92, 11.16, 3.02),
('00003555825', 1, 'ЛазРез', '9083', 'С1', 10.30, 14.82, 2.85),
('00003555825', 2, '1.2', '0163', 'С3', 13.97, 19.60, 7.94),
('00003555825', 3, 'Марк', '5515', 'С2', 5.06, 4.91, 9.66),
('00003555825', 4, 'Свар', '0365', 'С2', 3.19, 13.12, 7.20),
('0000355583', 1, '3лг', '0177', 'С2', 7.36, 2.84, 7.69),
('0000355583', 2, 'Нам', '0354', 'С2', 5.53, 3.45, 2.66),
('0000355583', 3, 'Свар', '4237', 'С2', 8.92, 13.36, 6.43),
('0000355583', 4, '2', '4213', 'С1', 2.79, 8.73, 5.12),
('0000355584', 1, 'Шлиф', '2139', 'С2', 2.63, 12.87, 4.18),
('0000355584', 2, 'Термич', '7543', 'С1', 7.11, 7.45, 3.50),
('0000355584', 3, 'Чист', '9117', 'С1', 7.41, 14.77, 6.47),
('0000355584', 4, '1.2', '2183', 'С2', 12.85, 10.95, 6.60),
('0000355585', 1, '1.1', '0227', 'С1', 15.32, 2.87, 6.95),
('0000355585', 2, 'Изол', '2176', 'С3', 3.88, 3.40, 3.53),
('0000355585', 3, 'Шт', '02', 'С1', 19.55, 13.35, 5.86),
('0000355585', 4, 'Монт', '6575', 'С1', 19.30, 8.99, 3.90),
('0000355586', 1, 'ЛазГрав', '4141', 'С3', 10.23, 17.92, 4.88),
('0000355586', 2, 'Шлиф', '1090', 'С3', 17.04, 2.61, 2.70),
('0000355586', 3, 'Шлиф', '6033', 'С2', 9.75, 17.13, 3.29),
('0000355586', 4, '5', '1089', 'С2', 2.82, 9.78, 5.09),
('0000355587', 1, '2', '5136', 'С2', 5.51, 2.12, 9.05),
('0000355587', 2, '1.1', '0211', 'С1', 6.99, 12.05, 4.74),
('0000355587', 3, 'Изол', '6067', 'С3', 3.21, 10.36, 4.26),
('0000355587', 4, 'Зал', '0377', 'С3', 13.23, 15.21, 4.10),
('0000355588', 1, '2', '2105', 'С1', 14.01, 10.43, 4.15),
('0000355588', 2, 'Нам', '8011', 'С2', 16.98, 10.34, 7.13),
('0000355588', 3, '2', '0250', 'С2', 14.63, 18.09, 5.53),
('0000355588', 4, '3г', '91', 'С2', 18.72, 15.08, 7.67),
('0000355589', 1, 'ВЖ', '0736', 'С2', 8.55, 16.96, 3.50),
('0000355589', 2, '2', '0432', 'С1', 8.43, 17.38, 5.50),
('0000355589', 3, 'ЛазГрав', '2114', 'С3', 17.98, 15.45, 8.93),
('0000355589', 4, 'Шт', '0143', 'С3', 19.45, 5.86, 6.13),
('0000366681', 1, 'Изол', '0721', 'С1', 9.02, 14.52, 7.44),
('0000366681', 2, '1.1', '7502', 'С1', 16.90, 17.50, 9.04),
('0000366681', 3, 'Чист', '5010', 'С2', 16.71, 11.10, 5.91),
('0000366681', 4, '1.1', '8110', 'С1', 6.31, 11.17, 9.40),
('00003666810', 1, '1.7', '0391', 'С3', 12.46, 18.70, 5.45),
('00003666810', 2, 'Нам', '6589', 'С1', 19.92, 7.64, 9.73),
('00003666810', 3, '3г', '9032', 'С1', 6.83, 15.02, 9.09),
('00003666810', 4, 'Шт', '9185', 'С1', 7.55, 9.65, 9.25),
('00003666811', 1, '3п', '8851', 'С1', 15.83, 2.43, 2.92),
('00003666811', 2, 'Термич', '8878', 'С1', 19.61, 7.15, 7.99),
('00003666811', 3, 'Зал', '8167', 'С3', 10.03, 11.70, 8.59),
('00003666811', 4, '5', '8537', 'С1', 18.97, 8.35, 9.29),
('00003666812', 1, 'Изол', '7458', 'С2', 5.26, 4.16, 3.68),
('00003666812', 2, '1.3', '2154', 'С3', 9.50, 15.86, 2.40),
('00003666812', 3, 'Монт', '9113', 'С2', 7.93, 12.14, 2.24),
('00003666812', 4, 'Рег', '7452', 'С3', 19.29, 16.67, 8.88),
('00003666813', 1, '5', '8172', 'С2', 16.80, 15.22, 7.03),
('00003666813', 2, 'Термич', '4171', 'С1', 13.47, 9.96, 9.23),
('00003666813', 3, 'Проп', '0286', 'С3', 11.09, 18.10, 9.55),
('00003666813', 4, '1.5', '0237', 'С2', 19.66, 3.90, 9.27),
('00003666814', 1, 'Нам', '7146', 'С1', 7.48, 14.44, 3.78),
('00003666814', 2, 'Зал', '0760', 'С3', 17.71, 14.59, 6.15),
('00003666814', 3, '1.4', '7325', 'С3', 3.81, 7.13, 9.56),
('00003666814', 4, '1.1', '4165', 'С3', 10.82, 9.30, 4.51),
('00003666815', 1, 'Чист', '0430', 'С1', 3.32, 16.63, 4.33),
('00003666815', 2, 'Термич', '1087', 'С1', 16.95, 15.20, 3.93),
('00003666815', 3, '5', '0614', 'С2', 17.12, 12.80, 9.30),
('00003666815', 4, 'Чист', '7101', 'С2', 5.90, 14.61, 7.84),
('00003666816', 1, 'Зал', '8803', 'С2', 3.77, 4.88, 7.46),
('00003666816', 2, 'Монт', '7505', 'С1', 3.63, 13.47, 2.15),
('00003666816', 3, 'Марк', '0113', 'С1', 13.29, 3.80, 7.24),
('00003666816', 4, 'Термич', '0874', 'С3', 18.21, 2.86, 8.28),
('00003666817', 1, '1.5', '7565', 'С2', 9.80, 7.03, 5.24),
('00003666817', 2, 'Рег', '5517', 'С2', 19.21, 19.25, 7.60),
('00003666817', 3, 'Изол', '0160', 'С1', 13.53, 11.41, 6.80),
('00003666817', 4, '1.2', '0629', 'С3', 9.25, 3.41, 4.58),
('00003666818', 1, '3г', '7377', 'С2', 19.54, 13.72, 7.85),
('00003666818', 2, 'Проп', '7132', 'С2', 9.82, 6.51, 2.63),
('00003666818', 3, '1.2', '0822', 'С2', 14.26, 12.71, 9.70),
('00003666818', 4, '3п', '8502', 'С2', 7.62, 19.06, 9.57),
('00003666819', 1, '1.1', '4220', 'С1', 8.27, 14.31, 4.16),
('00003666819', 2, 'Уп', '0311', 'С3', 17.84, 5.04, 4.29),
('00003666819', 3, 'Свар', '0170', 'С2', 16.65, 7.14, 7.87),
('00003666819', 4, '3лг', '7151', 'С3', 17.53, 16.43, 2.52),
('0000366682', 1, '1.1', '5140', 'С3', 6.89, 12.45, 7.70),
('0000366682', 2, 'ЛазГрав', '1074', 'С1', 5.05, 4.68, 8.39),
('0000366682', 3, 'Зал', '7440', 'С3', 4.36, 13.41, 2.50),
('0000366682', 4, 'Изол', '5546', 'С2', 11.17, 16.14, 9.47),
('00003666820', 1, '1.1', '0612', 'С2', 7.51, 6.11, 2.70),
('00003666820', 2, '1.2', '4193', 'С2', 15.37, 9.24, 9.82),
('00003666820', 3, '1.6', '9033', 'С2', 8.16, 13.77, 7.54),
('00003666820', 4, 'Зал', '7366', 'С2', 19.69, 17.15, 3.18),
('00003666821', 1, 'Термич', '8862', 'С1', 6.70, 12.25, 5.10),
('00003666821', 2, '5', '4117', 'С3', 18.21, 6.38, 8.52),
('00003666821', 3, 'ЛазГрав', '0294', 'С3', 18.42, 10.25, 9.68),
('00003666821', 4, 'Шлиф', '0236', 'С3', 3.60, 18.66, 5.63),
('00003666822', 1, '1.7', '0117', 'С3', 18.60, 9.26, 7.30),
('00003666822', 2, 'Нам', '0624', 'С2', 6.89, 8.43, 6.30),
('00003666822', 3, '1.1', '0643', 'С1', 13.92, 14.21, 5.64),
('00003666822', 4, 'Монт', '0192', 'С2', 16.77, 19.60, 5.05),
('00003666823', 1, 'Шлиф', '0254', 'С3', 10.12, 15.22, 9.53),
('00003666823', 2, '3п', '6013', 'С2', 4.29, 8.56, 4.25),
('00003666823', 3, 'Термич', '74', 'С1', 14.35, 3.09, 3.04),
('00003666823', 4, '1.7', '8842', 'С1', 19.73, 6.32, 5.56),
('00003666824', 1, '3лг', '6000', 'С3', 2.59, 17.59, 3.25),
('00003666824', 2, 'Чист', '7163', 'С2', 15.52, 13.70, 8.00),
('00003666824', 3, 'Изол', '8857', 'С3', 18.51, 9.44, 6.04),
('00003666824', 4, 'ЛазГрав', '7369', 'С2', 7.88, 14.78, 8.34),
('00003666825', 1, 'Нам', '5143', 'С1', 10.54, 11.58, 7.96),
('00003666825', 2, '1.5', '04', 'С2', 19.98, 15.80, 7.15),
('00003666825', 3, 'ЛазРез', '7139', 'С1', 8.99, 13.51, 9.74),
('00003666825', 4, 'ЛазГрав', '6575', 'С3', 5.18, 19.63, 5.13),
('0000366683', 1, 'Термич', '0361', 'С1', 13.90, 13.06, 7.99),
('0000366683', 2, '3п', '0401', 'С2', 3.56, 4.08, 3.99),
('0000366683', 3, 'Марк', '6020', 'С2', 4.46, 12.62, 7.41),
('0000366683', 4, 'Уп', '6057', 'С1', 5.31, 2.98, 9.23),
('0000366684', 1, '1.6', '6056', 'С3', 13.49, 6.05, 2.79),
('0000366684', 2, '1.6', '0785', 'С2', 11.44, 11.83, 4.99),
('0000366684', 3, '1.4', '0231', 'С3', 16.01, 2.84, 8.41),
('0000366684', 4, 'ЛазРез', '7127', 'С2', 3.59, 5.52, 3.38),
('0000366685', 1, '1.2', '0138', 'С1', 17.57, 2.15, 8.35),
('0000366685', 2, '1.2', '0367', 'С2', 2.87, 16.33, 8.82),
('0000366685', 3, 'ВЖ', '6567', 'С3', 19.46, 7.12, 5.73),
('0000366685', 4, '3п', '5067', 'С3', 10.11, 15.55, 7.03),
('0000366686', 1, '2', '2135', 'С3', 11.47, 9.62, 7.54),
('0000366686', 2, '3лг', '5140', 'С2', 2.79, 10.93, 4.49),
('0000366686', 3, 'Монт', '0192', 'С2', 16.52, 17.94, 2.14),
('0000366686', 4, '1.2', '0776', 'С3', 14.09, 14.72, 6.23),
('0000366687', 1, 'ЛазГрав', '0724', 'С3', 12.56, 3.21, 2.93),
('0000366687', 2, 'Зал', '0117', 'С3', 19.07, 17.31, 5.06),
('0000366687', 3, 'Рег', '4118', 'С1', 3.40, 12.01, 9.81),
('0000366687', 4, 'Проп', '5529', 'С3', 6.93, 16.73, 4.28),
('0000366688', 1, 'Чист', '6013', 'С3', 18.19, 8.83, 6.85),
('0000366688', 2, 'Зал', '8043', 'С3', 9.09, 11.13, 2.40),
('0000366688', 3, '1.3', '4110', 'С3', 4.65, 19.79, 9.03),
('0000366688', 4, 'Нам', '9174', 'С1', 9.07, 10.92, 7.28),
('0000366689', 1, 'ЛазГрав', '1020', 'С2', 10.19, 5.86, 6.52),
('0000366689', 2, '1.6', '9068', 'С3', 10.69, 19.14, 7.76),
('0000366689', 3, '2', '2172', 'С3', 17.53, 9.83, 6.48),
('0000366689', 4, '3г', '0180', 'С3', 15.40, 8.33, 6.49),
('0000377781', 1, 'Нам', '8021', 'С1', 13.47, 17.04, 9.29),
('0000377781', 2, 'Шлиф', '7146', 'С1', 7.23, 2.07, 7.09),
('0000377781', 3, 'Зал', '0416', 'С1', 13.42, 4.36, 5.93),
('0000377781', 4, 'Марк', '6541', 'С1', 13.05, 9.46, 9.30),
('00003777810', 1, '1.1', '9177', 'С3', 18.22, 17.58, 9.91),
('00003777810', 2, 'Нам', '8801', 'С3', 13.71, 15.65, 8.95),
('00003777810', 3, '1.2', '6542', 'С1', 16.69, 12.93, 2.06),
('00003777810', 4, 'Монт', '0853', 'С2', 11.98, 7.85, 6.34),
('00003777811', 1, '1.3', '6553', 'С2', 14.22, 13.28, 6.04),
('00003777811', 2, 'ЛазРез', '0297', 'С2', 6.24, 4.16, 9.29),
('00003777811', 3, 'Рег', '1000', 'С2', 19.59, 7.78, 2.31),
('00003777811', 4, 'Чист', '0273', 'С3', 10.92, 13.43, 5.11),
('00003777812', 1, '3лг', '0128', 'С3', 15.08, 18.36, 4.32),
('00003777812', 2, '1.3', '0333', 'С2', 5.22, 19.54, 4.91),
('00003777812', 3, '3г', '2172', 'С1', 16.89, 18.23, 6.10),
('00003777812', 4, '1.4', '7514', 'С2', 13.37, 14.99, 6.84),
('00003777813', 1, 'Проп', '0213', 'С2', 11.22, 6.61, 2.49),
('00003777813', 2, '2', '2111', 'С2', 6.00, 11.61, 9.38),
('00003777813', 3, '1.5', '4262', 'С2', 2.54, 7.66, 5.92),
('00003777813', 4, '3п', '8070', 'С1', 10.10, 12.80, 5.75),
('00003777814', 1, '1.4', '7167', 'С1', 12.58, 7.49, 2.18),
('00003777814', 2, '1.3', '6535', 'С3', 2.37, 11.82, 8.06),
('00003777814', 3, '3г', '6074', 'С2', 13.68, 6.78, 3.35),
('00003777814', 4, '1.5', '5041', 'С1', 17.70, 13.28, 5.69),
('00003777815', 1, 'Монт', '1053', 'С1', 15.96, 8.04, 3.74),
('00003777815', 2, '1.5', '5054', 'С1', 17.00, 3.67, 2.75),
('00003777815', 3, '5', '0610', 'С2', 16.96, 15.92, 8.00),
('00003777815', 4, '3п', '6566', 'С1', 3.31, 17.28, 9.88),
('00003777816', 1, '3г', '6009', 'С2', 6.25, 12.72, 6.32),
('00003777816', 2, '1.5', '4146', 'С2', 8.72, 19.12, 3.42),
('00003777816', 3, '1.6', '7154', 'С2', 5.79, 7.36, 9.21),
('00003777816', 4, '1.5', '0361', 'С2', 6.23, 4.81, 2.23),
('00003777817', 1, '3лг', '5016', 'С3', 14.04, 16.49, 3.29),
('00003777817', 2, '1.6', '2132', 'С1', 8.55, 13.79, 2.63),
('00003777817', 3, '1.4', '0392', 'С3', 6.88, 4.93, 6.10),
('00003777817', 4, 'Уп', '4142', 'С1', 13.13, 8.28, 8.77),
('00003777818', 1, 'ВЖ', '8856', 'С1', 4.53, 5.16, 8.40),
('00003777818', 2, '3лг', '7352', 'С2', 19.53, 12.93, 2.72),
('00003777818', 3, '3г', '0245', 'С1', 3.98, 12.70, 4.99),
('00003777818', 4, 'Изол', '0324', 'С3', 19.32, 5.75, 6.63),
('00003777819', 1, 'Свар', '7548', 'С1', 3.63, 7.05, 9.83),
('00003777819', 2, '3п', '6061', 'С3', 3.19, 16.76, 7.03),
('00003777819', 3, 'Нам', '7525', 'С1', 10.44, 15.69, 2.85),
('00003777819', 4, 'ЛазГрав', '0164', 'С1', 6.11, 6.73, 6.45),
('0000377782', 1, '5', '0230', 'С1', 12.99, 6.69, 8.87),
('0000377782', 2, 'Нам', '4156', 'С2', 13.49, 18.89, 9.96),
('0000377782', 3, '1.7', '6530', 'С2', 8.79, 6.59, 5.97),
('0000377782', 4, 'Монт', '5031', 'С2', 17.65, 19.94, 7.29),
('00003777820', 1, 'ЛазГрав', '0397', 'С2', 14.38, 3.30, 7.81),
('00003777820', 2, '1.6', '0241', 'С3', 4.48, 12.38, 9.78),
('00003777820', 3, '1.7', '7376', 'С2', 4.08, 3.00, 2.09),
('00003777820', 4, 'Чист', '5056', 'С1', 10.76, 2.28, 2.52),
('00003777821', 1, '3г', '7426', 'С2', 17.70, 6.72, 2.94),
('00003777821', 2, 'Чист', '8014', 'С3', 17.22, 12.48, 7.32),
('00003777821', 3, '1.4', '5064', 'С3', 3.71, 13.64, 4.71),
('00003777821', 4, '1.3', '0355', 'С3', 12.81, 2.66, 3.69),
('00003777822', 1, 'ЛазРез', '0785', 'С1', 11.39, 10.84, 7.24),
('00003777822', 2, 'ВЖ', '7155', 'С3', 18.62, 8.74, 3.75),
('00003777822', 3, 'Чист', '5149', 'С2', 9.52, 13.15, 5.21),
('00003777822', 4, '2', '9128', 'С3', 8.98, 19.67, 3.20),
('00003777823', 1, '3п', '0272', 'С1', 8.09, 18.75, 3.07),
('00003777823', 2, 'Уп', '0860', 'С1', 18.51, 19.84, 9.44),
('00003777823', 3, 'Нам', '7171', 'С2', 4.75, 6.76, 8.28),
('00003777823', 4, 'Нам', '0322', 'С3', 3.97, 13.04, 5.45),
('00003777824', 1, '5', '2157', 'С2', 14.14, 16.08, 4.37),
('00003777824', 2, '3п', '7104', 'С3', 10.59, 17.87, 8.83),
('00003777824', 3, '2', '0761', 'С2', 16.85, 17.04, 4.58),
('00003777824', 4, 'Шлиф', '4155', 'С3', 16.57, 17.92, 9.71),
('00003777825', 1, '1.5', '5520', 'С2', 6.95, 11.73, 8.86),
('00003777825', 2, '1.7', '7165', 'С1', 12.90, 9.33, 7.36),
('00003777825', 3, '3г', '6081', 'С2', 11.28, 2.49, 3.26),
('00003777825', 4, 'ЛазГрав', '4118', 'С2', 7.87, 6.37, 3.82),
('0000377783', 1, '1.2', '2144', 'С2', 5.37, 3.23, 6.50),
('0000377783', 2, 'Шт', '4110', 'С1', 6.53, 14.69, 5.98),
('0000377783', 3, '1.5', '55', 'С3', 12.24, 16.37, 8.83),
('0000377783', 4, 'Рег', '8512', 'С3', 2.59, 3.38, 5.15),
('0000377784', 1, '5', '7300', 'С1', 15.03, 16.87, 3.65),
('0000377784', 2, '1.5', '0263', 'С1', 3.43, 8.74, 5.54),
('0000377784', 3, 'ЛазГрав', '7103', 'С3', 10.42, 5.66, 3.91),
('0000377784', 4, 'Шлиф', '8857', 'С2', 11.70, 5.83, 8.77),
('0000377785', 1, 'ЛазРез', '7577', 'С1', 14.29, 17.56, 6.44),
('0000377785', 2, 'ЛазРез', '4108', 'С2', 7.13, 16.65, 3.83),
('0000377785', 3, '1.4', '0665', 'С3', 4.58, 4.26, 2.08),
('0000377785', 4, 'Зал', '5541', 'С3', 3.88, 10.14, 2.77),
('0000377786', 1, '2', '5054', 'С2', 4.00, 4.56, 8.82),
('0000377786', 2, '1.2', '0338', 'С1', 15.42, 4.82, 3.02),
('0000377786', 3, 'Шт', '8870', 'С3', 8.12, 7.73, 7.36),
('0000377786', 4, 'Шт', '9071', 'С3', 5.16, 8.14, 5.79),
('0000377787', 1, '5', '0272', 'С2', 14.19, 13.00, 9.29),
('0000377787', 2, 'Свар', '9032', 'С3', 11.03, 3.41, 5.55),
('0000377787', 3, '1.5', '1067', 'С1', 19.29, 13.65, 2.87),
('0000377787', 4, '1.7', '9090', 'С2', 3.69, 16.04, 2.33),
('0000377788', 1, 'Нам', '0755', 'С1', 14.86, 2.51, 2.87),
('0000377788', 2, 'Термич', '5130', 'С1', 3.48, 10.10, 3.69),
('0000377788', 3, '3г', '7108', 'С3', 18.66, 6.46, 7.76),
('0000377788', 4, '3г', '0143', 'С1', 4.43, 2.62, 9.21),
('0000377789', 1, 'Монт', '7417', 'С2', 19.29, 11.05, 5.14),
('0000377789', 2, '3лг', '7100', 'С2', 13.98, 16.75, 5.39),
('0000377789', 3, '3лг', '60', 'С3', 10.52, 12.72, 3.42),
('0000377789', 4, 'Рег', '2138', 'С3', 2.92, 7.04, 6.60),
('0000399981', 1, 'Нам', '0415', 'С1', 15.03, 15.11, 7.28),
('0000399981', 2, '1.6', '9128', 'С2', 12.22, 11.51, 9.23),
('0000399981', 3, 'Нам', '9049', 'С3', 11.02, 9.37, 4.51),
('0000399981', 4, '1.7', '7162', 'С3', 13.18, 14.99, 9.23),
('00003999810', 1, 'Свар', '0290', 'С1', 13.72, 11.86, 5.14),
('00003999810', 2, '3г', '0315', 'С2', 6.93, 2.73, 5.90),
('00003999810', 3, '1.5', '8849', 'С3', 9.74, 19.54, 8.60),
('00003999810', 4, '3п', '5513', 'С3', 11.75, 12.77, 6.68),
('00003999811', 1, 'Шлиф', '6062', 'С2', 3.97, 6.88, 2.20),
('00003999811', 2, '1.7', '0612', 'С2', 12.06, 3.65, 4.55),
('00003999811', 3, '1.3', '0293', 'С3', 3.31, 16.77, 7.07),
('00003999811', 4, 'Монт', '0722', 'С1', 12.56, 9.65, 4.07),
('00003999812', 1, '1.6', '8071', 'С2', 15.40, 6.78, 6.10),
('00003999812', 2, 'Чист', '7132', 'С2', 15.75, 15.45, 7.74),
('00003999812', 3, '5', '8010', 'С1', 9.67, 3.79, 7.59),
('00003999812', 4, 'ВЖ', '0230', 'С2', 11.68, 7.02, 2.16),
('00003999813', 1, 'Шт', '4180', 'С1', 13.22, 5.66, 7.22),
('00003999813', 2, 'Уп', '0760', 'С1', 3.41, 12.91, 8.54),
('00003999813', 3, '1.4', '6553', 'С2', 12.32, 12.49, 3.64),
('00003999813', 4, '1.6', '7545', 'С3', 12.23, 17.79, 5.31),
('00003999814', 1, '1.5', '6060', 'С2', 2.25, 9.38, 2.10),
('00003999814', 2, 'Изол', '6085', 'С1', 14.48, 6.43, 2.19),
('00003999814', 3, 'Марк', '7506', 'С3', 7.75, 14.82, 3.10),
('00003999814', 4, '3п', '6596', 'С3', 2.30, 19.59, 4.56),
('00003999815', 1, '3г', '0213', 'С1', 13.44, 7.23, 9.28),
('00003999815', 2, 'Свар', '6082', 'С3', 9.31, 14.83, 4.52),
('00003999815', 3, '1.3', '6074', 'С3', 14.60, 14.76, 4.04),
('00003999815', 4, 'Уп', '0738', 'С1', 2.80, 14.12, 7.03),
('00003999816', 1, 'Термич', '0843', 'С3', 18.95, 4.42, 3.12),
('00003999816', 2, '5', '0173', 'С2', 15.17, 8.26, 4.08),
('00003999816', 3, 'Проп', '0233', 'С1', 15.47, 10.09, 5.92),
('00003999816', 4, 'Монт', '0320', 'С3', 2.80, 18.36, 3.03),
('00003999817', 1, '3лг', '0354', 'С3', 8.58, 2.24, 6.51),
('00003999817', 2, '3п', '7535', 'С2', 12.10, 7.41, 6.94),
('00003999817', 3, '1.5', '0412', 'С3', 4.97, 14.22, 4.66),
('00003999817', 4, 'Свар', '42', 'С1', 12.63, 2.62, 9.40),
('00003999818', 1, 'Шт', '0227', 'С3', 14.79, 15.49, 9.39),
('00003999818', 2, 'ВЖ', '7105', 'С2', 18.75, 4.90, 8.51),
('00003999818', 3, 'Рег', '8074', 'С3', 9.70, 17.41, 9.56),
('00003999818', 4, 'Шлиф', '1000', 'С1', 14.67, 6.56, 3.87),
('00003999819', 1, '1.2', '0806', 'С3', 17.38, 2.57, 4.64),
('00003999819', 2, '2', '2139', 'С1', 9.44, 13.32, 3.26),
('00003999819', 3, 'Свар', '7164', 'С2', 15.51, 15.36, 3.61),
('00003999819', 4, 'ЛазРез', '7151', 'С2', 4.57, 17.62, 7.41),
('0000399982', 1, '1.1', '6022', 'С2', 15.23, 19.09, 9.01),
('0000399982', 2, '3г', '2112', 'С1', 5.07, 15.79, 3.26),
('0000399982', 3, '1.1', '4123', 'С1', 12.52, 9.67, 6.13),
('0000399982', 4, 'Шлиф', '8537', 'С3', 13.66, 17.10, 3.09),
('00003999820', 1, 'Шлиф', '2100', 'С1', 14.53, 7.07, 3.96),
('00003999820', 2, 'ЛазРез', '7572', 'С2', 17.38, 4.77, 4.04),
('00003999820', 3, '2', '2128', 'С2', 17.15, 3.59, 2.64),
('00003999820', 4, 'Рег', '6063', 'С3', 10.95, 14.68, 9.85),
('00003999821', 1, '3г', '0675', 'С2', 7.84, 16.45, 8.05),
('00003999821', 2, 'Изол', '6592', 'С3', 16.26, 5.48, 4.93),
('00003999821', 3, 'Термич', '4230', 'С2', 14.74, 4.83, 3.35),
('00003999821', 4, '1.7', '4122', 'С1', 2.26, 14.19, 8.73),
('00003999822', 1, 'ВЖ', '8864', 'С2', 14.29, 14.14, 7.01),
('00003999822', 2, 'Марк', '8502', 'С1', 3.19, 7.36, 7.07),
('00003999822', 3, 'Термич', '6592', 'С1', 13.12, 12.10, 4.71),
('00003999822', 4, 'ВЖ', '9044', 'С3', 11.94, 10.77, 3.06),
('00003999823', 1, 'Изол', '6009', 'С1', 7.19, 9.96, 5.56),
('00003999823', 2, 'Проп', '0666', 'С2', 19.84, 16.53, 7.14),
('00003999823', 3, '1.6', '7161', 'С1', 10.32, 6.09, 2.18),
('00003999823', 4, 'Зал', '0197', 'С2', 4.97, 13.10, 9.91),
('00003999824', 1, '1.2', '0842', 'С3', 13.44, 17.79, 3.85),
('00003999824', 2, 'ЛазГрав', '9083', 'С1', 13.56, 16.17, 8.50),
('00003999824', 3, 'Шлиф', '2115', 'С1', 17.90, 16.91, 2.60),
('00003999824', 4, '2', '4197', 'С3', 9.51, 15.32, 7.99),
('00003999825', 1, '3г', '0741', 'С2', 13.90, 7.82, 5.11),
('00003999825', 2, '5', '9041', 'С2', 3.54, 6.47, 3.50),
('00003999825', 3, 'Шт', '0246', 'С3', 12.89, 5.75, 5.54),
('00003999825', 4, '3г', '0830', 'С1', 2.98, 15.23, 3.14),
('0000399983', 1, '3п', '5067', 'С1', 8.56, 3.54, 9.33),
('0000399983', 2, 'Монт', '0665', 'С3', 3.09, 8.14, 9.70),
('0000399983', 3, '5', '6554', 'С1', 4.15, 12.72, 9.27),
('0000399983', 4, '3лг', '0396', 'С2', 7.75, 10.45, 9.38),
('0000399984', 1, '5', '0134', 'С3', 9.12, 8.92, 5.54),
('0000399984', 2, 'Зал', '0101', 'С3', 18.97, 3.91, 8.05),
('0000399984', 3, 'Проп', '0211', 'С2', 16.26, 15.80, 7.86),
('0000399984', 4, '3г', '7535', 'С3', 9.57, 5.89, 4.01),
('0000399985', 1, 'Монт', '6098', 'С2', 12.01, 4.06, 3.34),
('0000399985', 2, 'Зал', '8501', 'С1', 17.31, 17.82, 6.93),
('0000399985', 3, 'Изол', '0424', 'С2', 2.20, 6.72, 7.09),
('0000399985', 4, '1.5', '0173', 'С1', 13.88, 17.42, 8.94),
('0000399986', 1, 'Шт', '4282', 'С1', 7.83, 15.00, 2.29),
('0000399986', 2, 'Чист', '0103', 'С3', 11.01, 17.86, 2.29),
('0000399986', 3, 'ЛазГрав', '7428', 'С3', 6.35, 10.23, 7.21),
('0000399986', 4, 'Шт', '5123', 'С2', 6.43, 16.20, 3.88),
('0000399987', 1, 'Зал', '0156', 'С1', 4.30, 9.67, 2.40),
('0000399987', 2, 'Уп', '0405', 'С2', 5.37, 2.30, 3.87),
('0000399987', 3, '1.1', '6597', 'С3', 18.31, 12.02, 2.56),
('0000399987', 4, 'Рег', '0121', 'С3', 13.43, 15.10, 4.41),
('0000399988', 1, '1.7', '6023', 'С1', 11.94, 10.63, 8.24),
('0000399988', 2, 'Шлиф', '5019', 'С2', 4.93, 16.83, 4.01),
('0000399988', 3, '1.2', '4172', 'С2', 19.52, 2.95, 5.65),
('0000399988', 4, '1.2', '7450', 'С2', 8.80, 12.11, 2.34),
('0000399989', 1, '1.4', '0790', 'С2', 11.43, 14.10, 4.86),
('0000399989', 2, '2', '8854', 'С1', 10.13, 7.93, 3.60),
('0000399989', 3, '1.4', '0188', 'С1', 13.33, 11.11, 7.55),
('0000399989', 4, '2', '7103', 'С3', 5.87, 7.16, 6.38);

-- --------------------------------------------------------

--
-- Структура таблицы `specifications`
--

CREATE TABLE `specifications` (
  `number` varchar(64) COLLATE utf8mb4_unicode_ci NOT NULL,
  `valid_from` date NOT NULL,
  `valid_to` date DEFAULT NULL,
  `added_to_order_at` timestamp NULL DEFAULT NULL
) ENGINE=InnoDB DEFAULT CHARSET=utf8mb4 COLLATE=utf8mb4_unicode_ci;

--
-- Дамп данных таблицы `specifications`
--

INSERT INTO `specifications` (`number`, `valid_from`, `valid_to`, `added_to_order_at`) VALUES
('000202241', '2023-06-27', NULL, '2024-06-03 11:39:03'),
('0002022410', '2023-06-25', NULL, '2024-06-03 11:39:01'),
('0002022411', '2023-07-18', NULL, NULL),
('0002022412', '2023-07-26', NULL, NULL),
('0002022413', '2023-07-20', NULL, NULL),
('0002022414', '2023-06-18', NULL, '2024-06-03 11:38:58'),
('0002022415', '2023-06-07', NULL, '2024-06-03 11:39:03'),
('0002022416', '2023-06-30', NULL, NULL),
('0002022417', '2023-06-24', NULL, '2024-06-03 11:38:58'),
('0002022418', '2023-06-25', NULL, NULL),
('0002022419', '2023-06-13', NULL, '2024-06-03 11:39:02'),
('000202242', '2023-07-15', NULL, '2024-06-03 11:38:53'),
('0002022420', '2023-06-12', NULL, NULL),
('0002022421', '2023-07-30', NULL, '2024-06-03 11:38:54'),
('0002022422', '2023-07-02', NULL, '2024-06-03 11:39:03'),
('0002022423', '2023-06-14', NULL, '2024-06-03 11:39:00'),
('0002022424', '2023-07-31', NULL, '2024-06-03 11:38:54'),
('0002022425', '2023-07-06', NULL, '2024-06-03 11:38:53'),
('000202243', '2023-08-09', NULL, NULL),
('000202244', '2023-07-02', NULL, '2024-06-03 11:38:54'),
('000202245', '2023-06-23', NULL, '2024-06-03 11:38:57'),
('000202246', '2023-07-22', NULL, '2024-06-03 11:39:01'),
('000202247', '2023-06-25', NULL, '2024-06-03 11:38:58'),
('000202248', '2023-06-04', NULL, NULL),
('000202249', '2023-07-14', NULL, NULL),
('000303351', '2023-06-15', NULL, '2024-06-03 11:39:03'),
('0003033510', '2023-07-19', NULL, '2024-06-03 11:38:56'),
('0003033511', '2023-06-21', NULL, NULL),
('0003033512', '2023-08-16', NULL, '2024-06-03 11:39:04'),
('0003033513', '2023-07-05', NULL, '2024-06-03 11:39:01'),
('0003033514', '2023-09-01', NULL, '2024-06-03 11:38:56'),
('0003033515', '2023-08-12', NULL, '2024-06-03 11:39:02'),
('0003033516', '2023-07-01', NULL, '2024-06-03 11:38:58'),
('0003033517', '2023-06-12', NULL, '2024-06-03 11:39:03'),
('0003033518', '2023-06-28', NULL, '2024-06-03 11:39:02'),
('0003033519', '2023-06-19', NULL, '2024-06-03 11:38:56'),
('000303352', '2023-08-20', NULL, NULL),
('0003033520', '2023-08-26', NULL, '2024-06-03 11:39:03'),
('0003033521', '2023-07-13', NULL, NULL),
('0003033522', '2023-06-28', NULL, '2024-06-03 11:38:53'),
('0003033523', '2023-07-05', NULL, '2024-06-03 11:39:03'),
('0003033524', '2023-06-05', NULL, '2024-06-03 11:39:00'),
('0003033525', '2023-08-21', NULL, NULL),
('000303353', '2023-08-17', NULL, '2024-06-03 11:39:01'),
('000303354', '2023-07-19', NULL, '2024-06-03 11:39:00'),
('000303355', '2023-07-13', NULL, NULL),
('000303356', '2023-07-03', NULL, '2024-06-03 11:38:55'),
('000303357', '2023-06-30', NULL, '2024-06-03 11:38:58'),
('000303358', '2023-07-12', NULL, '2024-06-03 11:38:52'),
('000303359', '2023-06-13', NULL, '2024-06-03 11:38:54'),
('000404431', '2023-07-03', NULL, '2024-06-03 11:38:57'),
('0004044310', '2023-08-12', NULL, '2024-06-03 11:38:57'),
('0004044311', '2023-07-21', NULL, '2024-06-03 11:38:52'),
('0004044312', '2023-08-01', NULL, NULL),
('0004044313', '2023-08-28', NULL, '2024-06-03 11:39:03'),
('0004044314', '2023-08-13', NULL, NULL),
('0004044315', '2023-08-17', NULL, '2024-06-03 11:39:02'),
('0004044316', '2023-07-30', NULL, '2024-06-03 11:39:04'),
('0004044317', '2023-08-11', NULL, '2024-06-03 11:38:56'),
('0004044318', '2023-08-25', NULL, '2024-06-03 11:38:54'),
('0004044319', '2023-07-30', NULL, '2024-06-03 11:38:58'),
('000404432', '2023-08-28', NULL, '2024-06-03 11:38:56'),
('0004044320', '2023-07-07', NULL, NULL),
('0004044321', '2023-06-04', NULL, '2024-06-03 11:39:00'),
('0004044322', '2023-07-23', NULL, '2024-06-03 11:39:03'),
('0004044323', '2023-06-30', NULL, '2024-06-03 11:39:03'),
('0004044324', '2023-08-31', NULL, '2024-06-03 11:39:03'),
('0004044325', '2023-06-16', NULL, '2024-06-03 11:39:03'),
('000404433', '2023-07-08', NULL, NULL),
('000404434', '2023-07-31', NULL, '2024-06-03 11:38:57'),
('000404435', '2023-06-15', NULL, '2024-06-03 11:39:00'),
('000404436', '2023-09-02', NULL, '2024-06-03 11:38:59'),
('000404437', '2023-08-04', NULL, NULL),
('000404438', '2023-08-02', NULL, '2024-06-03 11:39:01'),
('000404439', '2023-08-19', NULL, '2024-06-03 11:39:03'),
('000505561', '2023-07-10', NULL, '2024-06-03 11:38:55'),
('0005055610', '2023-07-01', NULL, '2024-06-03 11:39:00'),
('0005055611', '2023-07-06', NULL, '2024-06-03 11:39:03'),
('0005055612', '2023-06-05', NULL, '2024-06-03 11:39:03'),
('0005055613', '2023-08-16', NULL, '2024-06-03 11:39:01'),
('0005055614', '2023-06-29', NULL, '2024-06-03 11:39:00'),
('0005055615', '2023-07-01', NULL, '2024-06-03 11:39:00'),
('0005055616', '2023-08-01', NULL, '2024-06-03 11:39:03'),
('0005055617', '2023-08-27', NULL, '2024-06-03 11:39:03'),
('0005055618', '2023-08-27', NULL, '2024-06-03 11:39:01'),
('0005055619', '2023-06-16', NULL, '2024-06-03 11:38:58'),
('000505562', '2023-08-29', NULL, '2024-06-03 11:39:01'),
('0005055620', '2023-06-17', NULL, '2024-06-03 11:38:52'),
('0005055621', '2023-06-03', NULL, '2024-06-03 11:38:58'),
('0005055622', '2023-08-07', NULL, '2024-06-03 11:39:03'),
('0005055623', '2023-07-31', NULL, '2024-06-03 11:38:58'),
('0005055624', '2023-06-17', NULL, '2024-06-03 11:39:04'),
('0005055625', '2023-06-21', NULL, '2024-06-03 11:39:03'),
('000505563', '2023-07-30', NULL, '2024-06-03 11:39:03'),
('000505564', '2023-06-09', NULL, '2024-06-03 11:38:56'),
('000505565', '2023-07-07', NULL, '2024-06-03 11:39:03'),
('000505566', '2023-06-29', NULL, NULL),
('000505567', '2023-06-08', NULL, '2024-06-03 11:39:02'),
('000505568', '2023-06-30', NULL, '2024-06-03 11:38:53'),
('000505569', '2023-07-25', NULL, '2024-06-03 11:39:03'),
('000606671', '2023-07-21', NULL, '2024-06-03 11:38:55'),
('0006066710', '2023-06-04', NULL, '2024-06-03 11:39:00'),
('0006066711', '2023-08-04', NULL, '2024-06-03 11:39:03'),
('0006066712', '2023-06-11', NULL, '2024-06-03 11:39:03'),
('0006066713', '2023-07-06', NULL, '2024-06-03 11:39:01'),
('0006066714', '2023-08-02', NULL, '2024-06-03 11:39:00'),
('0006066715', '2023-06-14', NULL, '2024-06-03 11:39:00'),
('0006066716', '2023-06-27', NULL, '2024-06-03 11:39:03'),
('0006066717', '2023-06-09', NULL, '2024-06-03 11:39:03'),
('0006066718', '2023-07-20', NULL, '2024-06-03 11:39:01'),
('0006066719', '2023-07-06', NULL, '2024-06-03 11:38:58'),
('000606672', '2023-06-12', NULL, '2024-06-03 11:39:01'),
('0006066720', '2023-07-22', NULL, '2024-06-03 11:38:52'),
('0006066721', '2023-07-13', NULL, '2024-06-03 11:38:58'),
('0006066722', '2023-07-29', NULL, '2024-06-03 11:39:03'),
('0006066723', '2023-08-11', NULL, '2024-06-03 11:38:58'),
('0006066724', '2023-06-04', NULL, '2024-06-03 11:39:04'),
('0006066725', '2023-07-06', NULL, '2024-06-03 11:39:03'),
('000606673', '2023-07-05', NULL, '2024-06-03 11:39:03'),
('000606674', '2023-07-03', NULL, '2024-06-03 11:38:56'),
('000606675', '2023-06-07', NULL, '2024-06-03 11:39:03'),
('000606676', '2023-06-19', NULL, NULL),
('000606677', '2023-06-17', NULL, '2024-06-03 11:39:02'),
('000606678', '2023-08-10', NULL, '2024-06-03 11:38:53'),
('000606679', '2023-06-14', NULL, '2024-06-03 11:39:03');

-- --------------------------------------------------------

--
-- Структура таблицы `specification_item`
--

CREATE TABLE `specification_item` (
  `specification_number` varchar(64) COLLATE utf8mb4_unicode_ci NOT NULL,
  `item_id` bigint UNSIGNED NOT NULL,
  `cnt` decimal(7,5) UNSIGNED NOT NULL
) ENGINE=InnoDB DEFAULT CHARSET=utf8mb4 COLLATE=utf8mb4_unicode_ci;

--
-- Дамп данных таблицы `specification_item`
--

INSERT INTO `specification_item` (`specification_number`, `item_id`, `cnt`) VALUES
('000202241', 22, 3.00000),
('000202241', 192, 3.00000),
('000202241', 223, 2.00000),
('000202241', 264, 1.00000),
('000202241', 280, 0.92009),
('0002022410', 18, 3.00000),
('0002022410', 178, 3.00000),
('0002022410', 206, 2.00000),
('0002022410', 267, 1.00000),
('0002022410', 277, 0.97012),
('0002022411', 11, 2.00000),
('0002022411', 198, 3.00000),
('0002022411', 205, 2.00000),
('0002022411', 262, 5.00000),
('0002022411', 278, 0.21968),
('0002022412', 8, 3.00000),
('0002022412', 179, 5.00000),
('0002022412', 202, 3.00000),
('0002022412', 264, 5.00000),
('0002022412', 285, 0.59198),
('0002022413', 15, 5.00000),
('0002022413', 200, 4.00000),
('0002022413', 211, 5.00000),
('0002022413', 260, 3.00000),
('0002022413', 293, 0.77216),
('0002022414', 13, 1.00000),
('0002022414', 178, 2.00000),
('0002022414', 220, 5.00000),
('0002022414', 254, 1.00000),
('0002022414', 285, 0.44431),
('0002022415', 12, 5.00000),
('0002022415', 195, 1.00000),
('0002022415', 207, 1.00000),
('0002022415', 269, 4.00000),
('0002022415', 278, 0.11587),
('0002022416', 23, 2.00000),
('0002022416', 177, 5.00000),
('0002022416', 216, 2.00000),
('0002022416', 253, 5.00000),
('0002022416', 299, 0.54327),
('0002022417', 18, 1.00000),
('0002022417', 191, 3.00000),
('0002022417', 213, 3.00000),
('0002022417', 272, 1.00000),
('0002022417', 289, 0.41679),
('0002022418', 21, 3.00000),
('0002022418', 180, 3.00000),
('0002022418', 222, 3.00000),
('0002022418', 260, 5.00000),
('0002022418', 290, 0.46611),
('0002022419', 16, 1.00000),
('0002022419', 193, 2.00000),
('0002022419', 225, 5.00000),
('0002022419', 260, 3.00000),
('0002022419', 291, 0.66937),
('000202242', 7, 4.00000),
('000202242', 195, 5.00000),
('000202242', 210, 1.00000),
('000202242', 268, 4.00000),
('000202242', 283, 0.91014),
('0002022420', 24, 2.00000),
('0002022420', 176, 5.00000),
('0002022420', 213, 5.00000),
('0002022420', 252, 5.00000),
('0002022420', 290, 0.60724),
('0002022421', 17, 1.00000),
('0002022421', 194, 5.00000),
('0002022421', 217, 2.00000),
('0002022421', 271, 1.00000),
('0002022421', 282, 0.41617),
('0002022422', 24, 3.00000),
('0002022422', 176, 4.00000),
('0002022422', 204, 2.00000),
('0002022422', 261, 4.00000),
('0002022422', 294, 0.39968),
('0002022423', 22, 3.00000),
('0002022423', 179, 5.00000),
('0002022423', 206, 2.00000),
('0002022423', 256, 1.00000),
('0002022423', 299, 0.77040),
('0002022424', 16, 2.00000),
('0002022424', 189, 5.00000),
('0002022424', 223, 4.00000),
('0002022424', 264, 4.00000),
('0002022424', 277, 0.92689),
('0002022425', 11, 1.00000),
('0002022425', 197, 5.00000),
('0002022425', 211, 4.00000),
('0002022425', 259, 4.00000),
('0002022425', 279, 0.65300),
('000202243', 21, 2.00000),
('000202243', 192, 3.00000),
('000202243', 212, 5.00000),
('000202243', 271, 2.00000),
('000202243', 277, 0.64891),
('000202244', 23, 2.00000),
('000202244', 184, 3.00000),
('000202244', 205, 2.00000),
('000202244', 262, 5.00000),
('000202244', 287, 0.43553),
('000202245', 17, 3.00000),
('000202245', 188, 5.00000),
('000202245', 201, 3.00000),
('000202245', 266, 3.00000),
('000202245', 284, 0.13059),
('000202246', 3, 4.00000),
('000202246', 190, 4.00000),
('000202246', 223, 4.00000),
('000202246', 271, 4.00000),
('000202246', 282, 0.48006),
('000202247', 19, 2.00000),
('000202247', 182, 5.00000),
('000202247', 219, 5.00000),
('000202247', 262, 1.00000),
('000202247', 295, 0.35886),
('000202248', 2, 5.00000),
('000202248', 176, 1.00000),
('000202248', 211, 1.00000),
('000202248', 252, 3.00000),
('000202248', 292, 0.51294),
('000202249', 25, 1.00000),
('000202249', 184, 1.00000),
('000202249', 212, 2.00000),
('000202249', 256, 4.00000),
('000202249', 294, 0.72753),
('000303351', 5, 1.00000),
('000303351', 125, 3.00000),
('000303351', 201, 4.00000),
('0003033510', 11, 1.00000),
('0003033510', 115, 4.00000),
('0003033510', 210, 5.00000),
('0003033511', 8, 1.00000),
('0003033511', 124, 1.00000),
('0003033511', 211, 3.00000),
('0003033512', 24, 4.00000),
('0003033512', 116, 2.00000),
('0003033512', 212, 2.00000),
('0003033513', 13, 4.00000),
('0003033513', 109, 3.00000),
('0003033513', 213, 3.00000),
('0003033514', 14, 2.00000),
('0003033514', 102, 5.00000),
('0003033514', 214, 3.00000),
('0003033515', 16, 2.00000),
('0003033515', 116, 2.00000),
('0003033515', 215, 2.00000),
('0003033516', 13, 2.00000),
('0003033516', 115, 1.00000),
('0003033516', 216, 5.00000),
('0003033517', 25, 1.00000),
('0003033517', 113, 2.00000),
('0003033517', 217, 1.00000),
('0003033518', 7, 2.00000),
('0003033518', 125, 2.00000),
('0003033518', 218, 2.00000),
('0003033519', 23, 1.00000),
('0003033519', 119, 1.00000),
('0003033519', 219, 1.00000),
('000303352', 24, 4.00000),
('000303352', 109, 5.00000),
('000303352', 202, 2.00000),
('0003033520', 11, 2.00000),
('0003033520', 124, 5.00000),
('0003033520', 220, 3.00000),
('0003033521', 12, 4.00000),
('0003033521', 116, 2.00000),
('0003033521', 221, 4.00000),
('0003033522', 23, 4.00000),
('0003033522', 106, 1.00000),
('0003033522', 222, 5.00000),
('0003033523', 25, 4.00000),
('0003033523', 123, 2.00000),
('0003033523', 223, 3.00000),
('0003033524', 10, 1.00000),
('0003033524', 116, 4.00000),
('0003033524', 224, 4.00000),
('0003033525', 23, 2.00000),
('0003033525', 102, 1.00000),
('0003033525', 225, 5.00000),
('000303353', 22, 1.00000),
('000303353', 108, 2.00000),
('000303353', 203, 4.00000),
('000303354', 25, 2.00000),
('000303354', 116, 3.00000),
('000303354', 204, 4.00000),
('000303355', 14, 2.00000),
('000303355', 101, 4.00000),
('000303355', 205, 4.00000),
('000303356', 10, 1.00000),
('000303356', 121, 4.00000),
('000303356', 206, 1.00000),
('000303357', 23, 1.00000),
('000303357', 119, 4.00000),
('000303357', 207, 2.00000),
('000303358', 1, 5.00000),
('000303358', 111, 1.00000),
('000303358', 208, 4.00000),
('000303359', 7, 3.00000),
('000303359', 115, 1.00000),
('000303359', 209, 2.00000),
('000404431', 126, 0.63410),
('0004044310', 135, 0.67057),
('0004044311', 136, 0.90088),
('0004044312', 137, 0.25750),
('0004044313', 138, 0.82624),
('0004044314', 139, 0.62377),
('0004044315', 140, 0.71527),
('0004044316', 141, 0.18978),
('0004044317', 142, 0.81474),
('0004044318', 143, 0.94892),
('0004044319', 144, 0.80355),
('000404432', 127, 0.30774),
('0004044320', 145, 0.33952),
('0004044321', 146, 0.45090),
('0004044322', 147, 0.18981),
('0004044323', 148, 0.59652),
('0004044324', 149, 0.65635),
('0004044325', 150, 0.11786),
('000404433', 128, 0.79249),
('000404434', 129, 0.61728),
('000404435', 130, 0.17132),
('000404436', 131, 0.96588),
('000404437', 132, 0.39765),
('000404438', 133, 0.15666),
('000404439', 134, 0.94772),
('000505561', 76, 0.85089),
('0005055610', 85, 0.69640),
('0005055611', 86, 0.20855),
('0005055612', 87, 0.97125),
('0005055613', 88, 0.96419),
('0005055614', 89, 0.26505),
('0005055615', 90, 0.42915),
('0005055616', 91, 0.85060),
('0005055617', 92, 0.82871),
('0005055618', 93, 0.60027),
('0005055619', 94, 0.62925),
('000505562', 77, 0.53455),
('0005055620', 95, 0.45941),
('0005055621', 96, 0.23175),
('0005055622', 97, 0.25502),
('0005055623', 98, 0.78572),
('0005055624', 99, 0.14144),
('0005055625', 100, 0.89629),
('000505563', 78, 0.66158),
('000505564', 79, 0.33990),
('000505565', 80, 0.88311),
('000505566', 81, 0.45116),
('000505567', 82, 0.20277),
('000505568', 83, 0.46737),
('000505569', 84, 0.51129),
('000606671', 26, 0.29418),
('0006066710', 35, 0.29664),
('0006066711', 36, 0.10007),
('0006066712', 37, 0.78745),
('0006066713', 38, 0.18362),
('0006066714', 39, 0.61138),
('0006066715', 40, 0.13596),
('0006066716', 41, 0.25256),
('0006066717', 42, 0.39274),
('0006066718', 43, 0.31775),
('0006066719', 44, 0.37753),
('000606672', 27, 0.75624),
('0006066720', 45, 0.44159),
('0006066721', 46, 0.15946),
('0006066722', 47, 0.35197),
('0006066723', 48, 0.43532),
('0006066724', 49, 0.76979),
('0006066725', 50, 0.88166),
('000606673', 28, 0.48952),
('000606674', 29, 0.64264),
('000606675', 30, 0.89744),
('000606676', 31, 0.94241),
('000606677', 32, 0.28462),
('000606678', 33, 0.31164),
('000606679', 34, 0.15917);

-- --------------------------------------------------------

--
-- Структура таблицы `units`
--

CREATE TABLE `units` (
  `code` varchar(4) COLLATE utf8mb4_unicode_ci NOT NULL,
  `name` varchar(64) COLLATE utf8mb4_unicode_ci NOT NULL,
  `short_name` varchar(32) COLLATE utf8mb4_unicode_ci NOT NULL
) ENGINE=InnoDB DEFAULT CHARSET=utf8mb4 COLLATE=utf8mb4_unicode_ci;

--
-- Дамп данных таблицы `units`
--

INSERT INTO `units` (`code`, `name`, `short_name`) VALUES
('006', 'Метр', 'м'),
('112', 'Литр', 'л'),
('166', 'Килограмм', 'кг'),
('168', 'Тонна', 'т'),
('51', 'Квадратный сантиметр', 'см2'),
('796', 'Штука', 'шт');

-- --------------------------------------------------------

--
-- Структура таблицы `users`
--

CREATE TABLE `users` (
  `id` bigint UNSIGNED NOT NULL,
  `name` varchar(255) COLLATE utf8mb4_unicode_ci NOT NULL,
  `email` varchar(255) COLLATE utf8mb4_unicode_ci NOT NULL,
  `password` varchar(255) COLLATE utf8mb4_unicode_ci NOT NULL,
  `role_id` tinyint UNSIGNED NOT NULL,
  `deleted_at` timestamp NULL DEFAULT NULL
) ENGINE=InnoDB DEFAULT CHARSET=utf8mb4 COLLATE=utf8mb4_unicode_ci;

--
-- Дамп данных таблицы `users`
--

INSERT INTO `users` (`id`, `name`, `email`, `password`, `role_id`, `deleted_at`) VALUES
(1, 'Катя', 'avt.e@priborvbg.ru', '$2y$10$pZth8njSgW4Tg34yYzkLR.6D2Tsj7NjEC2JkROLQYldfQVSBmWSQ2', 1, NULL),
(2, 'Анна', 'avt.a@priborvbg.ru', '$2y$10$mEbq4DrT61T9NYTslc7la.rl5PZiV2FtvFUm1WFz/KFMtR8Zv/IaC', 2, NULL),
(3, 'Виктория', 'avt.v@priborvbg.ru', '$2y$10$fARRgBSPDjPneZo2RqZpTeZfalFzUTCwC7EPt1TdeC4oyr/8mQ5zG', 3, NULL),
(4, 'Мария', 'avt.m@priborvbg.ru', '$2y$10$PG2f0rtLXErYR22v.hQ0FOVbNoYnNWYJQDnvXESVRqt/Pqd1FAo6y', 4, NULL),
(5, 'Ольга', 'avt.o@priborvbg.ru', '$2y$10$Y4oubpkgsb5n9U4awTjA0.pMqo5SfkbVJT4QDDwJZaKxM0XLPfsV2', 4, '2024-06-03 11:37:31');

--
-- Индексы сохранённых таблиц
--

--
-- Индексы таблицы `covers`
--
ALTER TABLE `covers`
  ADD PRIMARY KEY (`number`);

--
-- Индексы таблицы `cover_item`
--
ALTER TABLE `cover_item`
  ADD PRIMARY KEY (`cover_number`,`item_id`),
  ADD KEY `cover_item_item_id_foreign` (`item_id`);

--
-- Индексы таблицы `customers`
--
ALTER TABLE `customers`
  ADD PRIMARY KEY (`inn`),
  ADD UNIQUE KEY `customers_name_unique` (`name`);

--
-- Индексы таблицы `departments`
--
ALTER TABLE `departments`
  ADD PRIMARY KEY (`id`),
  ADD UNIQUE KEY `departments_name_unique` (`name`);

--
-- Индексы таблицы `details`
--
ALTER TABLE `details`
  ADD PRIMARY KEY (`item_id`);

--
-- Индексы таблицы `failed_jobs`
--
ALTER TABLE `failed_jobs`
  ADD PRIMARY KEY (`id`),
  ADD UNIQUE KEY `failed_jobs_uuid_unique` (`uuid`);

--
-- Индексы таблицы `groups`
--
ALTER TABLE `groups`
  ADD PRIMARY KEY (`id`),
  ADD UNIQUE KEY `groups_name_unique` (`name`),
  ADD KEY `groups_group_id_foreign` (`group_id`);

--
-- Индексы таблицы `items`
--
ALTER TABLE `items`
  ADD PRIMARY KEY (`id`),
  ADD UNIQUE KEY `items_drawing_unique` (`drawing`),
  ADD UNIQUE KEY `items_name_unique` (`name`),
  ADD KEY `items_item_type_id_foreign` (`item_type_id`),
  ADD KEY `items_group_id_foreign` (`group_id`),
  ADD KEY `items_unit_code_foreign` (`unit_code`),
  ADD KEY `items_main_warehouse_code_foreign` (`main_warehouse_code`),
  ADD KEY `items_manufacture_type_id_foreign` (`manufacture_type_id`),
  ADD KEY `items_specification_number_foreign` (`specification_number`),
  ADD KEY `items_cover_number_foreign` (`cover_number`),
  ADD KEY `items_route_number_foreign` (`route_number`);

--
-- Индексы таблицы `item_cover`
--
ALTER TABLE `item_cover`
  ADD PRIMARY KEY (`item_id`,`cover_number`),
  ADD KEY `item_cover_cover_number_foreign` (`cover_number`);

--
-- Индексы таблицы `item_route`
--
ALTER TABLE `item_route`
  ADD PRIMARY KEY (`item_id`,`route_number`),
  ADD KEY `item_route_route_number_foreign` (`route_number`);

--
-- Индексы таблицы `item_specification`
--
ALTER TABLE `item_specification`
  ADD PRIMARY KEY (`item_id`,`specification_number`),
  ADD KEY `item_specification_specification_number_foreign` (`specification_number`);

--
-- Индексы таблицы `item_types`
--
ALTER TABLE `item_types`
  ADD PRIMARY KEY (`id`),
  ADD UNIQUE KEY `item_types_name_unique` (`name`);

--
-- Индексы таблицы `main_warehouses`
--
ALTER TABLE `main_warehouses`
  ADD PRIMARY KEY (`code`),
  ADD UNIQUE KEY `main_warehouses_name_unique` (`name`);

--
-- Индексы таблицы `manufacture_types`
--
ALTER TABLE `manufacture_types`
  ADD PRIMARY KEY (`id`),
  ADD UNIQUE KEY `manufacture_types_name_unique` (`name`);

--
-- Индексы таблицы `migrations`
--
ALTER TABLE `migrations`
  ADD PRIMARY KEY (`id`);

--
-- Индексы таблицы `operations`
--
ALTER TABLE `operations`
  ADD PRIMARY KEY (`code`),
  ADD KEY `operations_operation_code_foreign` (`operation_code`);

--
-- Индексы таблицы `orders`
--
ALTER TABLE `orders`
  ADD PRIMARY KEY (`id`),
  ADD UNIQUE KEY `orders_code_unique` (`code`),
  ADD UNIQUE KEY `orders_name_unique` (`name`),
  ADD KEY `orders_status_id_foreign` (`status_id`),
  ADD KEY `orders_customer_inn_foreign` (`customer_inn`),
  ADD KEY `orders_creation_date_index` (`creation_date`),
  ADD KEY `orders_launch_date_index` (`launch_date`),
  ADD KEY `orders_closing_date_index` (`closing_date`),
  ADD KEY `orders_completion_date_index` (`completion_date`);

--
-- Индексы таблицы `order_item`
--
ALTER TABLE `order_item`
  ADD PRIMARY KEY (`order_id`,`item_id`),
  ADD KEY `order_item_item_id_foreign` (`item_id`);

--
-- Индексы таблицы `order_item_route`
--
ALTER TABLE `order_item_route`
  ADD PRIMARY KEY (`order_id`,`item_id`,`current_item_id`,`route_number`,`point_number`),
  ADD KEY `order_item_route_item_id_foreign` (`item_id`),
  ADD KEY `order_item_route_current_item_id_foreign` (`current_item_id`),
  ADD KEY `order_item_route_route_number_foreign` (`route_number`),
  ADD KEY `order_item_route_point_code_foreign` (`point_code`),
  ADD KEY `order_item_route_operation_code_foreign` (`operation_code`),
  ADD KEY `order_item_route_rate_code_foreign` (`rate_code`);

--
-- Индексы таблицы `order_item_specification`
--
ALTER TABLE `order_item_specification`
  ADD PRIMARY KEY (`order_item_specification_id`),
  ADD UNIQUE KEY `order_item_specification_unique` (`order_id`,`item_id`,`current_item_id`,`current_item_parent_id`,`component_id`),
  ADD KEY `order_item_specification_item_id_foreign` (`item_id`),
  ADD KEY `order_item_specification_current_item_id_foreign` (`current_item_id`),
  ADD KEY `order_item_specification_current_item_parent_id_foreign` (`current_item_parent_id`),
  ADD KEY `order_item_specification_current_specification_number_foreign` (`current_specification_number`),
  ADD KEY `order_item_specification_current_cover_number_foreign` (`current_cover_number`),
  ADD KEY `order_item_specification_component_id_foreign` (`component_id`),
  ADD KEY `order_item_specification_parent_id_foreign` (`order_item_specification_parent_id`);

--
-- Индексы таблицы `order_statuses`
--
ALTER TABLE `order_statuses`
  ADD PRIMARY KEY (`id`),
  ADD UNIQUE KEY `order_statuses_name_unique` (`name`),
  ADD UNIQUE KEY `order_statuses_url_param_name_unique` (`url_param_name`);

--
-- Индексы таблицы `permissions`
--
ALTER TABLE `permissions`
  ADD PRIMARY KEY (`id`),
  ADD UNIQUE KEY `permissions_name_unique` (`name`);

--
-- Индексы таблицы `points`
--
ALTER TABLE `points`
  ADD PRIMARY KEY (`code`),
  ADD UNIQUE KEY `points_name_unique` (`name`),
  ADD KEY `points_department_id_foreign` (`department_id`);

--
-- Индексы таблицы `point_base_payment_history`
--
ALTER TABLE `point_base_payment_history`
  ADD PRIMARY KEY (`point_code`,`change_time`);

--
-- Индексы таблицы `purchased_items`
--
ALTER TABLE `purchased_items`
  ADD PRIMARY KEY (`item_id`),
  ADD KEY `purchased_items_unit_code_foreign` (`unit_code`);

--
-- Индексы таблицы `purchased_item_purchase_price_history`
--
ALTER TABLE `purchased_item_purchase_price_history`
  ADD PRIMARY KEY (`item_id`,`change_time`);

--
-- Индексы таблицы `rates`
--
ALTER TABLE `rates`
  ADD PRIMARY KEY (`code`),
  ADD UNIQUE KEY `rates_name_unique` (`name`);

--
-- Индексы таблицы `roles`
--
ALTER TABLE `roles`
  ADD PRIMARY KEY (`id`),
  ADD UNIQUE KEY `roles_name_unique` (`name`);

--
-- Индексы таблицы `role_permission`
--
ALTER TABLE `role_permission`
  ADD PRIMARY KEY (`role_id`,`permission_id`),
  ADD KEY `role_permission_permission_id_foreign` (`permission_id`);

--
-- Индексы таблицы `routes`
--
ALTER TABLE `routes`
  ADD PRIMARY KEY (`number`);

--
-- Индексы таблицы `route_point`
--
ALTER TABLE `route_point`
  ADD PRIMARY KEY (`route_number`,`point_number`),
  ADD KEY `route_point_point_code_foreign` (`point_code`),
  ADD KEY `route_point_operation_code_foreign` (`operation_code`),
  ADD KEY `route_point_rate_code_foreign` (`rate_code`);

--
-- Индексы таблицы `specifications`
--
ALTER TABLE `specifications`
  ADD PRIMARY KEY (`number`);

--
-- Индексы таблицы `specification_item`
--
ALTER TABLE `specification_item`
  ADD PRIMARY KEY (`specification_number`,`item_id`),
  ADD KEY `specification_item_item_id_foreign` (`item_id`);

--
-- Индексы таблицы `units`
--
ALTER TABLE `units`
  ADD PRIMARY KEY (`code`),
  ADD UNIQUE KEY `units_name_unique` (`name`),
  ADD UNIQUE KEY `units_short_name_unique` (`short_name`);

--
-- Индексы таблицы `users`
--
ALTER TABLE `users`
  ADD PRIMARY KEY (`id`),
  ADD UNIQUE KEY `users_email_unique` (`email`),
  ADD KEY `users_role_id_foreign` (`role_id`);

--
-- AUTO_INCREMENT для сохранённых таблиц
--

--
-- AUTO_INCREMENT для таблицы `departments`
--
ALTER TABLE `departments`
  MODIFY `id` tinyint UNSIGNED NOT NULL AUTO_INCREMENT, AUTO_INCREMENT=6;

--
-- AUTO_INCREMENT для таблицы `failed_jobs`
--
ALTER TABLE `failed_jobs`
  MODIFY `id` bigint UNSIGNED NOT NULL AUTO_INCREMENT;

--
-- AUTO_INCREMENT для таблицы `groups`
--
ALTER TABLE `groups`
  MODIFY `id` tinyint UNSIGNED NOT NULL AUTO_INCREMENT, AUTO_INCREMENT=13;

--
-- AUTO_INCREMENT для таблицы `items`
--
ALTER TABLE `items`
  MODIFY `id` bigint UNSIGNED NOT NULL AUTO_INCREMENT, AUTO_INCREMENT=351;

--
-- AUTO_INCREMENT для таблицы `item_types`
--
ALTER TABLE `item_types`
  MODIFY `id` tinyint UNSIGNED NOT NULL AUTO_INCREMENT, AUTO_INCREMENT=4;

--
-- AUTO_INCREMENT для таблицы `manufacture_types`
--
ALTER TABLE `manufacture_types`
  MODIFY `id` tinyint UNSIGNED NOT NULL AUTO_INCREMENT, AUTO_INCREMENT=3;

--
-- AUTO_INCREMENT для таблицы `migrations`
--
ALTER TABLE `migrations`
  MODIFY `id` int UNSIGNED NOT NULL AUTO_INCREMENT, AUTO_INCREMENT=48;

--
-- AUTO_INCREMENT для таблицы `orders`
--
ALTER TABLE `orders`
  MODIFY `id` bigint UNSIGNED NOT NULL AUTO_INCREMENT, AUTO_INCREMENT=66;

--
-- AUTO_INCREMENT для таблицы `order_statuses`
--
ALTER TABLE `order_statuses`
  MODIFY `id` tinyint UNSIGNED NOT NULL AUTO_INCREMENT, AUTO_INCREMENT=6;

--
-- AUTO_INCREMENT для таблицы `permissions`
--
ALTER TABLE `permissions`
  MODIFY `id` tinyint UNSIGNED NOT NULL AUTO_INCREMENT, AUTO_INCREMENT=25;

--
-- AUTO_INCREMENT для таблицы `roles`
--
ALTER TABLE `roles`
  MODIFY `id` tinyint UNSIGNED NOT NULL AUTO_INCREMENT, AUTO_INCREMENT=5;

--
-- AUTO_INCREMENT для таблицы `users`
--
ALTER TABLE `users`
  MODIFY `id` bigint UNSIGNED NOT NULL AUTO_INCREMENT, AUTO_INCREMENT=6;

--
-- Ограничения внешнего ключа сохраненных таблиц
--

--
-- Ограничения внешнего ключа таблицы `cover_item`
--
ALTER TABLE `cover_item`
  ADD CONSTRAINT `cover_item_cover_number_foreign` FOREIGN KEY (`cover_number`) REFERENCES `covers` (`number`),
  ADD CONSTRAINT `cover_item_item_id_foreign` FOREIGN KEY (`item_id`) REFERENCES `items` (`id`);

--
-- Ограничения внешнего ключа таблицы `details`
--
ALTER TABLE `details`
  ADD CONSTRAINT `details_item_id_foreign` FOREIGN KEY (`item_id`) REFERENCES `items` (`id`);

--
-- Ограничения внешнего ключа таблицы `groups`
--
ALTER TABLE `groups`
  ADD CONSTRAINT `groups_group_id_foreign` FOREIGN KEY (`group_id`) REFERENCES `groups` (`id`);

--
-- Ограничения внешнего ключа таблицы `items`
--
ALTER TABLE `items`
  ADD CONSTRAINT `items_cover_number_foreign` FOREIGN KEY (`cover_number`) REFERENCES `covers` (`number`),
  ADD CONSTRAINT `items_group_id_foreign` FOREIGN KEY (`group_id`) REFERENCES `groups` (`id`),
  ADD CONSTRAINT `items_item_type_id_foreign` FOREIGN KEY (`item_type_id`) REFERENCES `item_types` (`id`),
  ADD CONSTRAINT `items_main_warehouse_code_foreign` FOREIGN KEY (`main_warehouse_code`) REFERENCES `main_warehouses` (`code`),
  ADD CONSTRAINT `items_manufacture_type_id_foreign` FOREIGN KEY (`manufacture_type_id`) REFERENCES `manufacture_types` (`id`),
  ADD CONSTRAINT `items_route_number_foreign` FOREIGN KEY (`route_number`) REFERENCES `routes` (`number`),
  ADD CONSTRAINT `items_specification_number_foreign` FOREIGN KEY (`specification_number`) REFERENCES `specifications` (`number`),
  ADD CONSTRAINT `items_unit_code_foreign` FOREIGN KEY (`unit_code`) REFERENCES `units` (`code`);

--
-- Ограничения внешнего ключа таблицы `item_cover`
--
ALTER TABLE `item_cover`
  ADD CONSTRAINT `item_cover_cover_number_foreign` FOREIGN KEY (`cover_number`) REFERENCES `covers` (`number`),
  ADD CONSTRAINT `item_cover_item_id_foreign` FOREIGN KEY (`item_id`) REFERENCES `items` (`id`);

--
-- Ограничения внешнего ключа таблицы `item_route`
--
ALTER TABLE `item_route`
  ADD CONSTRAINT `item_route_item_id_foreign` FOREIGN KEY (`item_id`) REFERENCES `items` (`id`),
  ADD CONSTRAINT `item_route_route_number_foreign` FOREIGN KEY (`route_number`) REFERENCES `routes` (`number`);

--
-- Ограничения внешнего ключа таблицы `item_specification`
--
ALTER TABLE `item_specification`
  ADD CONSTRAINT `item_specification_item_id_foreign` FOREIGN KEY (`item_id`) REFERENCES `items` (`id`),
  ADD CONSTRAINT `item_specification_specification_number_foreign` FOREIGN KEY (`specification_number`) REFERENCES `specifications` (`number`);

--
-- Ограничения внешнего ключа таблицы `operations`
--
ALTER TABLE `operations`
  ADD CONSTRAINT `operations_operation_code_foreign` FOREIGN KEY (`operation_code`) REFERENCES `operations` (`code`);

--
-- Ограничения внешнего ключа таблицы `orders`
--
ALTER TABLE `orders`
  ADD CONSTRAINT `orders_customer_inn_foreign` FOREIGN KEY (`customer_inn`) REFERENCES `customers` (`inn`),
  ADD CONSTRAINT `orders_status_id_foreign` FOREIGN KEY (`status_id`) REFERENCES `order_statuses` (`id`);

--
-- Ограничения внешнего ключа таблицы `order_item`
--
ALTER TABLE `order_item`
  ADD CONSTRAINT `order_item_item_id_foreign` FOREIGN KEY (`item_id`) REFERENCES `items` (`id`),
  ADD CONSTRAINT `order_item_order_id_foreign` FOREIGN KEY (`order_id`) REFERENCES `orders` (`id`);

--
-- Ограничения внешнего ключа таблицы `order_item_route`
--
ALTER TABLE `order_item_route`
  ADD CONSTRAINT `order_item_route_current_item_id_foreign` FOREIGN KEY (`current_item_id`) REFERENCES `items` (`id`),
  ADD CONSTRAINT `order_item_route_item_id_foreign` FOREIGN KEY (`item_id`) REFERENCES `items` (`id`),
  ADD CONSTRAINT `order_item_route_operation_code_foreign` FOREIGN KEY (`operation_code`) REFERENCES `operations` (`code`),
  ADD CONSTRAINT `order_item_route_order_id_foreign` FOREIGN KEY (`order_id`) REFERENCES `orders` (`id`),
  ADD CONSTRAINT `order_item_route_point_code_foreign` FOREIGN KEY (`point_code`) REFERENCES `points` (`code`),
  ADD CONSTRAINT `order_item_route_rate_code_foreign` FOREIGN KEY (`rate_code`) REFERENCES `rates` (`code`),
  ADD CONSTRAINT `order_item_route_route_number_foreign` FOREIGN KEY (`route_number`) REFERENCES `routes` (`number`);

--
-- Ограничения внешнего ключа таблицы `order_item_specification`
--
ALTER TABLE `order_item_specification`
  ADD CONSTRAINT `order_item_specification_component_id_foreign` FOREIGN KEY (`component_id`) REFERENCES `items` (`id`),
  ADD CONSTRAINT `order_item_specification_current_cover_number_foreign` FOREIGN KEY (`current_cover_number`) REFERENCES `covers` (`number`),
  ADD CONSTRAINT `order_item_specification_current_item_id_foreign` FOREIGN KEY (`current_item_id`) REFERENCES `items` (`id`),
  ADD CONSTRAINT `order_item_specification_current_item_parent_id_foreign` FOREIGN KEY (`current_item_parent_id`) REFERENCES `items` (`id`),
  ADD CONSTRAINT `order_item_specification_current_specification_number_foreign` FOREIGN KEY (`current_specification_number`) REFERENCES `specifications` (`number`),
  ADD CONSTRAINT `order_item_specification_item_id_foreign` FOREIGN KEY (`item_id`) REFERENCES `items` (`id`),
  ADD CONSTRAINT `order_item_specification_order_id_foreign` FOREIGN KEY (`order_id`) REFERENCES `orders` (`id`),
  ADD CONSTRAINT `order_item_specification_parent_id_foreign` FOREIGN KEY (`order_item_specification_parent_id`) REFERENCES `order_item_specification` (`order_item_specification_id`) ON DELETE CASCADE;

--
-- Ограничения внешнего ключа таблицы `points`
--
ALTER TABLE `points`
  ADD CONSTRAINT `points_department_id_foreign` FOREIGN KEY (`department_id`) REFERENCES `departments` (`id`);

--
-- Ограничения внешнего ключа таблицы `point_base_payment_history`
--
ALTER TABLE `point_base_payment_history`
  ADD CONSTRAINT `point_base_payment_history_point_code_foreign` FOREIGN KEY (`point_code`) REFERENCES `points` (`code`);

--
-- Ограничения внешнего ключа таблицы `purchased_items`
--
ALTER TABLE `purchased_items`
  ADD CONSTRAINT `purchased_items_item_id_foreign` FOREIGN KEY (`item_id`) REFERENCES `items` (`id`),
  ADD CONSTRAINT `purchased_items_unit_code_foreign` FOREIGN KEY (`unit_code`) REFERENCES `units` (`code`);

--
-- Ограничения внешнего ключа таблицы `purchased_item_purchase_price_history`
--
ALTER TABLE `purchased_item_purchase_price_history`
  ADD CONSTRAINT `purchased_item_purchase_price_history_item_id_foreign` FOREIGN KEY (`item_id`) REFERENCES `purchased_items` (`item_id`);

--
-- Ограничения внешнего ключа таблицы `role_permission`
--
ALTER TABLE `role_permission`
  ADD CONSTRAINT `role_permission_permission_id_foreign` FOREIGN KEY (`permission_id`) REFERENCES `permissions` (`id`),
  ADD CONSTRAINT `role_permission_role_id_foreign` FOREIGN KEY (`role_id`) REFERENCES `roles` (`id`);

--
-- Ограничения внешнего ключа таблицы `route_point`
--
ALTER TABLE `route_point`
  ADD CONSTRAINT `route_point_operation_code_foreign` FOREIGN KEY (`operation_code`) REFERENCES `operations` (`code`),
  ADD CONSTRAINT `route_point_point_code_foreign` FOREIGN KEY (`point_code`) REFERENCES `points` (`code`),
  ADD CONSTRAINT `route_point_rate_code_foreign` FOREIGN KEY (`rate_code`) REFERENCES `rates` (`code`),
  ADD CONSTRAINT `route_point_route_number_foreign` FOREIGN KEY (`route_number`) REFERENCES `routes` (`number`);

--
-- Ограничения внешнего ключа таблицы `specification_item`
--
ALTER TABLE `specification_item`
  ADD CONSTRAINT `specification_item_item_id_foreign` FOREIGN KEY (`item_id`) REFERENCES `items` (`id`),
  ADD CONSTRAINT `specification_item_specification_number_foreign` FOREIGN KEY (`specification_number`) REFERENCES `specifications` (`number`);

--
-- Ограничения внешнего ключа таблицы `users`
--
ALTER TABLE `users`
  ADD CONSTRAINT `users_role_id_foreign` FOREIGN KEY (`role_id`) REFERENCES `roles` (`id`);
COMMIT;

/*!40101 SET CHARACTER_SET_CLIENT=@OLD_CHARACTER_SET_CLIENT */;
/*!40101 SET CHARACTER_SET_RESULTS=@OLD_CHARACTER_SET_RESULTS */;
/*!40101 SET COLLATION_CONNECTION=@OLD_COLLATION_CONNECTION */;
